{
  "metadata" : {
    "description" : "Implementations MUST NOT send zero-length fragments of Handshake types, even if those fragments contain padding.",
    "severityLevels" : {
      "RecordLayer" : 40,
      "Interoperability" : 80,
      "Alert" : 40
    },
    "rfc" : {
      "number" : 8446,
      "section" : "5.1. Record Layer"
    },
    "tags" : [ "server", "tls13", "rfc8446", "RecordLayer", "zeroLengthRecord_CH" ]
  },
  "TestId" : "8446-HWUJWNwjoA",
  "TestCases" : [ ],
  "Result" : "DISABLED",
  "DisabledReason" : "Sender restrictions are not expected to be enforced",
  "FailedReason" : null,
  "ElapsedTime" : 0,
  "FailureInducingCombinations" : null,
  "Score" : {
    "Alert" : 100.0,
    "RecordLayer" : 100.0,
    "Interoperability" : 100.0
  },
  "HasStateWithAdditionalResultInformation" : false,
  "HasVaryingAdditionalResultInformation" : false,
  "TestMethod" : "zeroLengthRecord_CH",
  "TestClass" : "de.rub.nds.tlstest.suite.tests.server.tls13.rfc8446.RecordLayer",
  "CaseCount" : 0
}