{
  "metadata" : {
    "description" : "Implementations MUST NOT send record types not defined in this document unless negotiated by some extension. If a TLS implementation receives an unexpected record type, it MUST send an unexpected_message alert.",
    "severityLevels" : {
      "Handshake" : 40,
      "RecordLayer" : 40,
      "Interoperability" : 40,
      "Alert" : 60
    },
    "rfc" : {
      "number" : 5246,
      "section" : "6. The TLS Record Protocol"
    },
    "tags" : [ "client", "tls12", "rfc5246", "TLSRecordProtocol", "sendNotDefinedRecordTypesWithCCSAndFinished" ]
  },
  "TestId" : "5246-Y2z3WpemKt",
  "TestCases" : [ ],
  "Result" : "DISABLED",
  "DisabledReason" : "TestEndpointMode doesn't match, skipping test.",
  "FailedReason" : null,
  "ElapsedTime" : 0,
  "FailureInducingCombinations" : null,
  "Score" : {
    "Alert" : 100.0,
    "RecordLayer" : 100.0,
    "Interoperability" : 100.0,
    "Handshake" : 100.0
  },
  "HasStateWithAdditionalResultInformation" : false,
  "HasVaryingAdditionalResultInformation" : false,
  "TestMethod" : "sendNotDefinedRecordTypesWithCCSAndFinished",
  "TestClass" : "de.rub.nds.tlstest.suite.tests.client.tls12.rfc5246.TLSRecordProtocol",
  "CaseCount" : 0
}