{
  "metadata" : {
    "description" : "The value of selected_version in the HelloRetryRequest \"supported_versions\" extension MUST be retained in the ServerHello, and a client MUST abort the handshake with an \"illegal_parameter\" alert if the value changes.",
    "severityLevels" : {
      "Handshake" : 60,
      "Interoperability" : 80,
      "Alert" : 60
    },
    "rfc" : {
      "number" : 8446,
      "section" : "4.1.4 Hello Retry Request"
    },
    "tags" : [ "client", "tls13", "rfc8446", "HelloRetryRequest", "versionDisparity" ]
  },
  "TestId" : "8446-ncR52WSgGx",
  "TestCases" : [ ],
  "Result" : "DISABLED",
  "DisabledReason" : "TestEndpointMode doesn't match, skipping test.",
  "FailedReason" : null,
  "ElapsedTime" : 0,
  "FailureInducingCombinations" : null,
  "Score" : {
    "Alert" : 100.0,
    "Interoperability" : 100.0,
    "Handshake" : 100.0
  },
  "HasStateWithAdditionalResultInformation" : false,
  "HasVaryingAdditionalResultInformation" : false,
  "TestMethod" : "versionDisparity",
  "TestClass" : "de.rub.nds.tlstest.suite.tests.client.tls13.rfc8446.HelloRetryRequest",
  "CaseCount" : 0
}