{
  "metadata" : {
    "description" : "Clients MUST reject GREASE values when negotiated by the server. In particular, the client MUST fail the connection if a GREASE value appears in any of the following: [...] The \"cipher_suite\" value in a ServerHello",
    "severityLevels" : {
      "Handshake" : 60,
      "Interoperability" : 100,
      "Alert" : 60
    },
    "rfc" : {
      "number" : 8701,
      "section" : "4. Server-Initiated Extension Points"
    },
    "tags" : [ "client", "tls13", "rfc8701", "ServerInitiatedExtensionPoints", "selectGreaseCipherSuite" ]
  },
  "TestId" : "8701-xwVd59Y3Fq",
  "TestCases" : [ ],
  "Result" : "DISABLED",
  "DisabledReason" : "TestEndpointMode doesn't match, skipping test.",
  "FailedReason" : null,
  "ElapsedTime" : 0,
  "FailureInducingCombinations" : null,
  "Score" : {
    "Alert" : 100.0,
    "Interoperability" : 100.0,
    "Handshake" : 100.0
  },
  "HasStateWithAdditionalResultInformation" : false,
  "HasVaryingAdditionalResultInformation" : false,
  "TestMethod" : "selectGreaseCipherSuite",
  "TestClass" : "de.rub.nds.tlstest.suite.tests.client.tls13.rfc8701.ServerInitiatedExtensionPoints",
  "CaseCount" : 0
}