{
  "metadata" : {
    "description" : "Clients MUST reject GREASE values when negotiated by the server. In particular, the client MUST fail the connection if a GREASE value appears in any of the following: [...] The \"version\" value in a ServerHello or HelloRetryRequest",
    "severityLevels" : {
      "Handshake" : 60,
      "Alert" : 40
    },
    "rfc" : {
      "number" : 8701,
      "section" : "3.1 Client Behavior"
    },
    "tags" : [ "client", "tls12", "rfc8701", "ServerInitiatedExtensionPoints", "selectGreaseVersion" ]
  },
  "TestId" : "8701-1yNET6C4bb",
  "TestCases" : [ ],
  "Result" : "DISABLED",
  "DisabledReason" : "TestEndpointMode doesn't match, skipping test.",
  "FailedReason" : null,
  "ElapsedTime" : 0,
  "FailureInducingCombinations" : null,
  "Score" : {
    "Alert" : 100.0,
    "Handshake" : 100.0
  },
  "HasStateWithAdditionalResultInformation" : false,
  "HasVaryingAdditionalResultInformation" : false,
  "TestMethod" : "selectGreaseVersion",
  "TestClass" : "de.rub.nds.tlstest.suite.tests.client.tls12.rfc8701.ServerInitiatedExtensionPoints",
  "CaseCount" : 0
}