{
  "metadata" : {
    "description" : "The receiver of a CertificateVerify message MUST verify the signature field.  [...] If the verification fails, the receiver MUST terminate the handshake with a \"decrypt_error\" alert.",
    "severityLevels" : {
      "Crypto" : 100,
      "Security" : 100,
      "Certificate" : 100,
      "Alert" : 60
    },
    "rfc" : {
      "number" : 8446,
      "section" : "4.4.3. Certificate Verify"
    },
    "tags" : [ "client", "tls13", "rfc8446", "CertificateVerify", "emptySignature" ]
  },
  "TestId" : "8446-HKxd74FVbC",
  "TestCases" : [ ],
  "Result" : "DISABLED",
  "DisabledReason" : "TestEndpointMode doesn't match, skipping test.",
  "FailedReason" : null,
  "ElapsedTime" : 0,
  "FailureInducingCombinations" : null,
  "Score" : {
    "Crypto" : 100.0,
    "Alert" : 100.0,
    "Security" : 100.0,
    "Certificate" : 100.0
  },
  "HasStateWithAdditionalResultInformation" : false,
  "HasVaryingAdditionalResultInformation" : false,
  "TestMethod" : "emptySignature",
  "TestClass" : "de.rub.nds.tlstest.suite.tests.client.tls13.rfc8446.CertificateVerify",
  "CaseCount" : 0
}