{
  "metadata" : {
    "description" : "A server receiving a ClientHello MUST correctly ignore all unrecognized cipher suites, extensions, and other parameters.",
    "severityLevels" : {
      "Handshake" : 60,
      "Interoperability" : 80
    },
    "rfc" : {
      "number" : 8446,
      "section" : "4.2.3 Signature Algorithms"
    },
    "tags" : [ "server", "tls13", "rfc8446", "SignatureAlgorithms", "includeUnknownSignatureAndHashAlgorithm" ]
  },
  "TestId" : "8446-5YCxveMdpt",
  "TestCases" : [ {
    "Result" : "STRICTLY_SUCCEEDED",
    "DisplayName" : "[1] Combination{INCLUDE_ALPN_EXTENSION=INCLUDE_ALPN_EXTENSION = true, RECORD_LENGTH=RECORD_LENGTH = 50, MAX_FRAGMENT_LENGTH=MAX_FRAGMENT_LENGTH = TWO_9, INCLUDE_HEARTBEAT_EXTENSION=INCLUDE_HEARTBEAT_EXTENSION = true, INCLUDE_EXTENDED_MASTER_SECRET_EXTENSION=INCLUDE_EXTENDED_MASTER_SECRET_EXTENSION = true, TCP_FRAGMENTATION=TCP_FRAGMENTATION = false, INCLUDE_RENEGOTIATION_EXTENSION=INCLUDE_RENEGOTIATION_EXTENSION = true, INCLUDE_GREASE_SIG_HASH_ALGORITHMS=INCLUDE_GREASE_SIG_HASH_ALGORITHMS = true, INCLUDE_ENCRYPT_THEN_MAC_EXTENSION=INCLUDE_ENCRYPT_THEN_MAC_EXTENSION = true, NAMED_GROUP=NAMED_GROUP = ECDH_X25519, INCLUDE_PSK_EXCHANGE_MODES_EXTENSION=INCLUDE_PSK_EXCHANGE_MODES_EXTENSION = true, INCLUDE_SESSION_TICKET_EXTENSION=INCLUDE_SESSION_TICKET_EXTENSION = true, INCLUDE_GREASE_CIPHER_SUITES=INCLUDE_GREASE_CIPHER_SUITES = true, CIPHER_SUITE=CIPHER_SUITE = TLS_AES_128_GCM_SHA256, INCLUDE_GREASE_NAMED_GROUPS=INCLUDE_GREASE_NAMED_GROUPS = true, INCLUDE_CHANGE_CIPHER_SPEC=INCLUDE_CHANGE_CIPHER_SPEC = true, INCLUDE_PADDING_EXTENSION=INCLUDE_PADDING_EXTENSION = true}",
    "ParameterCombination" : {
      "INCLUDE_HEARTBEAT_EXTENSION" : true,
      "INCLUDE_PSK_EXCHANGE_MODES_EXTENSION" : true,
      "CIPHER_SUITE" : "TLS_AES_128_GCM_SHA256",
      "INCLUDE_EXTENDED_MASTER_SECRET_EXTENSION" : true,
      "INCLUDE_PADDING_EXTENSION" : true,
      "INCLUDE_GREASE_NAMED_GROUPS" : true,
      "INCLUDE_GREASE_CIPHER_SUITES" : true,
      "INCLUDE_RENEGOTIATION_EXTENSION" : true,
      "NAMED_GROUP" : "ECDH_X25519",
      "TCP_FRAGMENTATION" : false,
      "INCLUDE_ENCRYPT_THEN_MAC_EXTENSION" : true,
      "INCLUDE_ALPN_EXTENSION" : true,
      "INCLUDE_GREASE_SIG_HASH_ALGORITHMS" : true,
      "INCLUDE_CHANGE_CIPHER_SPEC" : true,
      "INCLUDE_SESSION_TICKET_EXTENSION" : true,
      "RECORD_LENGTH" : 50,
      "MAX_FRAGMENT_LENGTH" : "TWO_9"
    },
    "AdditionalResultInformation" : null,
    "AdditionalTestInformation" : null,
    "SrcPort" : 17193,
    "DstPort" : 8443,
    "StartTimestamp" : "2023-12-12T12:03:11.559Z",
    "EndTimestamp" : "2023-12-12T12:03:11.583Z",
    "Stacktrace" : null,
    "uuid" : "6A08E4EBC20D543297F51412A7B7FA67EF0F9AFE825B74323814A7F386233B42"
  }, {
    "Result" : "STRICTLY_SUCCEEDED",
    "DisplayName" : "[2] Combination{INCLUDE_ALPN_EXTENSION=INCLUDE_ALPN_EXTENSION = false, RECORD_LENGTH=RECORD_LENGTH = 111, MAX_FRAGMENT_LENGTH=MAX_FRAGMENT_LENGTH = TWO_10, INCLUDE_HEARTBEAT_EXTENSION=INCLUDE_HEARTBEAT_EXTENSION = false, INCLUDE_EXTENDED_MASTER_SECRET_EXTENSION=INCLUDE_EXTENDED_MASTER_SECRET_EXTENSION = false, TCP_FRAGMENTATION=TCP_FRAGMENTATION = true, INCLUDE_RENEGOTIATION_EXTENSION=INCLUDE_RENEGOTIATION_EXTENSION = false, INCLUDE_GREASE_SIG_HASH_ALGORITHMS=INCLUDE_GREASE_SIG_HASH_ALGORITHMS = false, INCLUDE_ENCRYPT_THEN_MAC_EXTENSION=INCLUDE_ENCRYPT_THEN_MAC_EXTENSION = false, NAMED_GROUP=NAMED_GROUP = SECP521R1, INCLUDE_PSK_EXCHANGE_MODES_EXTENSION=INCLUDE_PSK_EXCHANGE_MODES_EXTENSION = false, INCLUDE_SESSION_TICKET_EXTENSION=INCLUDE_SESSION_TICKET_EXTENSION = false, INCLUDE_GREASE_CIPHER_SUITES=INCLUDE_GREASE_CIPHER_SUITES = false, CIPHER_SUITE=CIPHER_SUITE = TLS_AES_256_GCM_SHA384, INCLUDE_GREASE_NAMED_GROUPS=INCLUDE_GREASE_NAMED_GROUPS = false, INCLUDE_CHANGE_CIPHER_SPEC=INCLUDE_CHANGE_CIPHER_SPEC = false, INCLUDE_PADDING_EXTENSION=INCLUDE_PADDING_EXTENSION = false}",
    "ParameterCombination" : {
      "INCLUDE_HEARTBEAT_EXTENSION" : false,
      "INCLUDE_PSK_EXCHANGE_MODES_EXTENSION" : false,
      "CIPHER_SUITE" : "TLS_AES_256_GCM_SHA384",
      "INCLUDE_EXTENDED_MASTER_SECRET_EXTENSION" : false,
      "INCLUDE_PADDING_EXTENSION" : false,
      "INCLUDE_GREASE_NAMED_GROUPS" : false,
      "INCLUDE_GREASE_CIPHER_SUITES" : false,
      "INCLUDE_RENEGOTIATION_EXTENSION" : false,
      "NAMED_GROUP" : "SECP521R1",
      "TCP_FRAGMENTATION" : true,
      "INCLUDE_ENCRYPT_THEN_MAC_EXTENSION" : false,
      "INCLUDE_ALPN_EXTENSION" : false,
      "INCLUDE_GREASE_SIG_HASH_ALGORITHMS" : false,
      "INCLUDE_CHANGE_CIPHER_SPEC" : false,
      "INCLUDE_SESSION_TICKET_EXTENSION" : false,
      "RECORD_LENGTH" : 111,
      "MAX_FRAGMENT_LENGTH" : "TWO_10"
    },
    "AdditionalResultInformation" : null,
    "AdditionalTestInformation" : null,
    "SrcPort" : 17195,
    "DstPort" : 8443,
    "StartTimestamp" : "2023-12-12T12:03:11.827Z",
    "EndTimestamp" : "2023-12-12T12:03:11.883Z",
    "Stacktrace" : null,
    "uuid" : "912C5C922E62FC40D258296CC94A8285D3A00700ADBB07360EB3D70A8042E576"
  }, {
    "Result" : "STRICTLY_SUCCEEDED",
    "DisplayName" : "[3] Combination{INCLUDE_ALPN_EXTENSION=INCLUDE_ALPN_EXTENSION = true, RECORD_LENGTH=RECORD_LENGTH = 1, MAX_FRAGMENT_LENGTH=MAX_FRAGMENT_LENGTH = TWO_11, INCLUDE_HEARTBEAT_EXTENSION=INCLUDE_HEARTBEAT_EXTENSION = true, INCLUDE_EXTENDED_MASTER_SECRET_EXTENSION=INCLUDE_EXTENDED_MASTER_SECRET_EXTENSION = true, TCP_FRAGMENTATION=TCP_FRAGMENTATION = false, INCLUDE_RENEGOTIATION_EXTENSION=INCLUDE_RENEGOTIATION_EXTENSION = true, INCLUDE_GREASE_SIG_HASH_ALGORITHMS=INCLUDE_GREASE_SIG_HASH_ALGORITHMS = true, INCLUDE_ENCRYPT_THEN_MAC_EXTENSION=INCLUDE_ENCRYPT_THEN_MAC_EXTENSION = true, NAMED_GROUP=NAMED_GROUP = SECP256R1, INCLUDE_PSK_EXCHANGE_MODES_EXTENSION=INCLUDE_PSK_EXCHANGE_MODES_EXTENSION = true, INCLUDE_SESSION_TICKET_EXTENSION=INCLUDE_SESSION_TICKET_EXTENSION = true, INCLUDE_GREASE_CIPHER_SUITES=INCLUDE_GREASE_CIPHER_SUITES = true, CIPHER_SUITE=CIPHER_SUITE = TLS_CHACHA20_POLY1305_SHA256, INCLUDE_GREASE_NAMED_GROUPS=INCLUDE_GREASE_NAMED_GROUPS = true, INCLUDE_CHANGE_CIPHER_SPEC=INCLUDE_CHANGE_CIPHER_SPEC = true, INCLUDE_PADDING_EXTENSION=INCLUDE_PADDING_EXTENSION = true}",
    "ParameterCombination" : {
      "INCLUDE_HEARTBEAT_EXTENSION" : true,
      "INCLUDE_PSK_EXCHANGE_MODES_EXTENSION" : true,
      "CIPHER_SUITE" : "TLS_CHACHA20_POLY1305_SHA256",
      "INCLUDE_EXTENDED_MASTER_SECRET_EXTENSION" : true,
      "INCLUDE_PADDING_EXTENSION" : true,
      "INCLUDE_GREASE_NAMED_GROUPS" : true,
      "INCLUDE_GREASE_CIPHER_SUITES" : true,
      "INCLUDE_RENEGOTIATION_EXTENSION" : true,
      "NAMED_GROUP" : "SECP256R1",
      "TCP_FRAGMENTATION" : false,
      "INCLUDE_ENCRYPT_THEN_MAC_EXTENSION" : true,
      "INCLUDE_ALPN_EXTENSION" : true,
      "INCLUDE_GREASE_SIG_HASH_ALGORITHMS" : true,
      "INCLUDE_CHANGE_CIPHER_SPEC" : true,
      "INCLUDE_SESSION_TICKET_EXTENSION" : true,
      "RECORD_LENGTH" : 1,
      "MAX_FRAGMENT_LENGTH" : "TWO_11"
    },
    "AdditionalResultInformation" : null,
    "AdditionalTestInformation" : null,
    "SrcPort" : 17197,
    "DstPort" : 8443,
    "StartTimestamp" : "2023-12-12T12:03:12.141Z",
    "EndTimestamp" : "2023-12-12T12:03:12.148Z",
    "Stacktrace" : null,
    "uuid" : "288EA472CBDA3C4D69A184710BC556C909D8CD29ABA1EFE114EB627E5D7E6B75"
  }, {
    "Result" : "STRICTLY_SUCCEEDED",
    "DisplayName" : "[4] Combination{INCLUDE_ALPN_EXTENSION=INCLUDE_ALPN_EXTENSION = true, RECORD_LENGTH=RECORD_LENGTH = 16384, MAX_FRAGMENT_LENGTH=MAX_FRAGMENT_LENGTH = TWO_12, INCLUDE_HEARTBEAT_EXTENSION=INCLUDE_HEARTBEAT_EXTENSION = true, INCLUDE_EXTENDED_MASTER_SECRET_EXTENSION=INCLUDE_EXTENDED_MASTER_SECRET_EXTENSION = true, TCP_FRAGMENTATION=TCP_FRAGMENTATION = false, INCLUDE_RENEGOTIATION_EXTENSION=INCLUDE_RENEGOTIATION_EXTENSION = true, INCLUDE_GREASE_SIG_HASH_ALGORITHMS=INCLUDE_GREASE_SIG_HASH_ALGORITHMS = true, INCLUDE_ENCRYPT_THEN_MAC_EXTENSION=INCLUDE_ENCRYPT_THEN_MAC_EXTENSION = true, NAMED_GROUP=NAMED_GROUP = SECP384R1, INCLUDE_PSK_EXCHANGE_MODES_EXTENSION=INCLUDE_PSK_EXCHANGE_MODES_EXTENSION = true, INCLUDE_SESSION_TICKET_EXTENSION=INCLUDE_SESSION_TICKET_EXTENSION = true, INCLUDE_GREASE_CIPHER_SUITES=INCLUDE_GREASE_CIPHER_SUITES = true, CIPHER_SUITE=CIPHER_SUITE = TLS_AES_128_GCM_SHA256, INCLUDE_GREASE_NAMED_GROUPS=INCLUDE_GREASE_NAMED_GROUPS = true, INCLUDE_CHANGE_CIPHER_SPEC=INCLUDE_CHANGE_CIPHER_SPEC = true, INCLUDE_PADDING_EXTENSION=INCLUDE_PADDING_EXTENSION = true}",
    "ParameterCombination" : {
      "INCLUDE_HEARTBEAT_EXTENSION" : true,
      "INCLUDE_PSK_EXCHANGE_MODES_EXTENSION" : true,
      "CIPHER_SUITE" : "TLS_AES_128_GCM_SHA256",
      "INCLUDE_EXTENDED_MASTER_SECRET_EXTENSION" : true,
      "INCLUDE_PADDING_EXTENSION" : true,
      "INCLUDE_GREASE_NAMED_GROUPS" : true,
      "INCLUDE_GREASE_CIPHER_SUITES" : true,
      "INCLUDE_RENEGOTIATION_EXTENSION" : true,
      "NAMED_GROUP" : "SECP384R1",
      "TCP_FRAGMENTATION" : false,
      "INCLUDE_ENCRYPT_THEN_MAC_EXTENSION" : true,
      "INCLUDE_ALPN_EXTENSION" : true,
      "INCLUDE_GREASE_SIG_HASH_ALGORITHMS" : true,
      "INCLUDE_CHANGE_CIPHER_SPEC" : true,
      "INCLUDE_SESSION_TICKET_EXTENSION" : true,
      "RECORD_LENGTH" : 16384,
      "MAX_FRAGMENT_LENGTH" : "TWO_12"
    },
    "AdditionalResultInformation" : null,
    "AdditionalTestInformation" : null,
    "SrcPort" : 17200,
    "DstPort" : 8443,
    "StartTimestamp" : "2023-12-12T12:03:12.395Z",
    "EndTimestamp" : "2023-12-12T12:03:12.404Z",
    "Stacktrace" : null,
    "uuid" : "172400A88DF8BD29CA4EA50B2874C587015A1D6021B9D34284672F81E0E4BAE8"
  }, {
    "Result" : "STRICTLY_SUCCEEDED",
    "DisplayName" : "[5] Combination{INCLUDE_ALPN_EXTENSION=INCLUDE_ALPN_EXTENSION = true, RECORD_LENGTH=RECORD_LENGTH = 50, MAX_FRAGMENT_LENGTH=MAX_FRAGMENT_LENGTH = null, INCLUDE_HEARTBEAT_EXTENSION=INCLUDE_HEARTBEAT_EXTENSION = true, INCLUDE_EXTENDED_MASTER_SECRET_EXTENSION=INCLUDE_EXTENDED_MASTER_SECRET_EXTENSION = true, TCP_FRAGMENTATION=TCP_FRAGMENTATION = false, INCLUDE_RENEGOTIATION_EXTENSION=INCLUDE_RENEGOTIATION_EXTENSION = true, INCLUDE_GREASE_SIG_HASH_ALGORITHMS=INCLUDE_GREASE_SIG_HASH_ALGORITHMS = true, INCLUDE_ENCRYPT_THEN_MAC_EXTENSION=INCLUDE_ENCRYPT_THEN_MAC_EXTENSION = true, NAMED_GROUP=NAMED_GROUP = ECDH_X448, INCLUDE_PSK_EXCHANGE_MODES_EXTENSION=INCLUDE_PSK_EXCHANGE_MODES_EXTENSION = true, INCLUDE_SESSION_TICKET_EXTENSION=INCLUDE_SESSION_TICKET_EXTENSION = true, INCLUDE_GREASE_CIPHER_SUITES=INCLUDE_GREASE_CIPHER_SUITES = true, CIPHER_SUITE=CIPHER_SUITE = TLS_AES_128_GCM_SHA256, INCLUDE_GREASE_NAMED_GROUPS=INCLUDE_GREASE_NAMED_GROUPS = true, INCLUDE_CHANGE_CIPHER_SPEC=INCLUDE_CHANGE_CIPHER_SPEC = true, INCLUDE_PADDING_EXTENSION=INCLUDE_PADDING_EXTENSION = true}",
    "ParameterCombination" : {
      "INCLUDE_HEARTBEAT_EXTENSION" : true,
      "INCLUDE_PSK_EXCHANGE_MODES_EXTENSION" : true,
      "CIPHER_SUITE" : "TLS_AES_128_GCM_SHA256",
      "INCLUDE_EXTENDED_MASTER_SECRET_EXTENSION" : true,
      "INCLUDE_PADDING_EXTENSION" : true,
      "INCLUDE_GREASE_NAMED_GROUPS" : true,
      "INCLUDE_GREASE_CIPHER_SUITES" : true,
      "INCLUDE_RENEGOTIATION_EXTENSION" : true,
      "NAMED_GROUP" : "ECDH_X448",
      "TCP_FRAGMENTATION" : false,
      "INCLUDE_ENCRYPT_THEN_MAC_EXTENSION" : true,
      "INCLUDE_ALPN_EXTENSION" : true,
      "INCLUDE_GREASE_SIG_HASH_ALGORITHMS" : true,
      "INCLUDE_CHANGE_CIPHER_SPEC" : true,
      "INCLUDE_SESSION_TICKET_EXTENSION" : true,
      "RECORD_LENGTH" : 50,
      "MAX_FRAGMENT_LENGTH" : null
    },
    "AdditionalResultInformation" : null,
    "AdditionalTestInformation" : null,
    "SrcPort" : 17202,
    "DstPort" : 8443,
    "StartTimestamp" : "2023-12-12T12:03:12.649Z",
    "EndTimestamp" : "2023-12-12T12:03:12.700Z",
    "Stacktrace" : null,
    "uuid" : "AFA683608C912724D180CE1225249B5562F87E81CCFDF3A0B2386070A013B77D"
  } ],
  "Result" : "STRICTLY_SUCCEEDED",
  "DisabledReason" : null,
  "FailedReason" : null,
  "ElapsedTime" : 0,
  "FailureInducingCombinations" : null,
  "Score" : {
    "Interoperability" : 100.0,
    "Handshake" : 100.0
  },
  "HasStateWithAdditionalResultInformation" : false,
  "HasVaryingAdditionalResultInformation" : false,
  "TestMethod" : "includeUnknownSignatureAndHashAlgorithm",
  "TestClass" : "de.rub.nds.tlstest.suite.tests.server.tls13.rfc8446.SignatureAlgorithms",
  "CaseCount" : 5
}