{
  "metadata" : {
    "description" : "If an implementation detects a change_cipher_spec record received before the first ClientHello message or after the peer's Finished message, it MUST be treated as an unexpected record type (though stateless servers may not be able to distinguish these cases from allowed cases).",
    "severityLevels" : {
      "Handshake" : 60,
      "Interoperability" : 60,
      "Alert" : 40
    },
    "rfc" : {
      "number" : 8446,
      "section" : "5. Record Protocol"
    },
    "tags" : [ "client", "tls13", "statemachine", "StateMachine", "sendLegacyChangeCipherSpecAfterFinished" ]
  },
  "TestId" : "XSM-sHFfpjZxQh",
  "TestCases" : [ ],
  "Result" : "DISABLED",
  "DisabledReason" : "TestEndpointMode doesn't match, skipping test.",
  "FailedReason" : null,
  "ElapsedTime" : 0,
  "FailureInducingCombinations" : null,
  "Score" : {
    "Alert" : 100.0,
    "Interoperability" : 100.0,
    "Handshake" : 100.0
  },
  "HasStateWithAdditionalResultInformation" : false,
  "HasVaryingAdditionalResultInformation" : false,
  "TestMethod" : "sendLegacyChangeCipherSpecAfterFinished",
  "TestClass" : "de.rub.nds.tlstest.suite.tests.client.tls13.statemachine.StateMachine",
  "CaseCount" : 0
}