[{"name":"BSI TR-02102-2","link":"https://www.bsi.bund.de/SharedDocs/Downloads/DE/BSI/Publikationen/TechnischeRichtlinien/TR02102/BSI-TR-02102-2.html","results":[{"checkName":"Grundsätzlich werden TLS 1.2 und TLS 1.3 empfohlen.","adherence":"ADHERED","hint":null,"property":"SUPPORTS_TLS_1_2","expectedResult":{"type":"TestResults","value":"TRUE"},"actualResult":{"type":"TestResults","value":"TRUE"},"info":"SUPPORTS_TLS_1_2=TRUE"},{"checkName":"Grundsätzlich werden TLS 1.2 und TLS 1.3 empfohlen.","adherence":"ADHERED","hint":null,"property":"SUPPORTS_TLS_1_3","expectedResult":{"type":"TestResults","value":"TRUE"},"actualResult":{"type":"TestResults","value":"TRUE"},"info":"SUPPORTS_TLS_1_3=TRUE"},{"checkName":"TLS 1.0 und TLS 1.1 werden nicht empfohlen.","adherence":"VIOLATED","hint":null,"property":"SUPPORTS_TLS_1_0","expectedResult":{"type":"TestResults","value":"FALSE"},"actualResult":{"type":"TestResults","value":"TRUE"},"info":"SUPPORTS_TLS_1_0=TRUE"},{"checkName":"TLS 1.0 und TLS 1.1 werden nicht empfohlen.","adherence":"VIOLATED","hint":null,"property":"SUPPORTS_TLS_1_1","expectedResult":{"type":"TestResults","value":"FALSE"},"actualResult":{"type":"TestResults","value":"TRUE"},"info":"SUPPORTS_TLS_1_1=TRUE"},{"checkName":"SSL v2 und SSL v3 werden nicht empfohlen.","adherence":"ADHERED","hint":null,"property":"SUPPORTS_SSL_2","expectedResult":{"type":"TestResults","value":"FALSE"},"actualResult":{"type":"TestResults","value":"FALSE"},"info":"SUPPORTS_SSL_2=FALSE"},{"checkName":"SSL v2 und SSL v3 werden nicht empfohlen.","adherence":"ADHERED","hint":null,"property":"SUPPORTS_SSL_3","expectedResult":{"type":"TestResults","value":"FALSE"},"actualResult":{"type":"TestResults","value":"FALSE"},"info":"SUPPORTS_SSL_3=FALSE"},{"checkName":"Grundsätzlich wird empfohlen, nur Cipher-Suiten einzusetzen, die die Anforderungen an die Algorithmen und Schlüssellängen der [TR-02102-1] erfüllen.","adherence":"VIOLATED","hint":null,"notRecommendedSuites":["TLS_DHE_RSA_WITH_AES_256_CBC_SHA","TLS_ECDHE_RSA_WITH_CHACHA20_POLY1305_SHA256","TLS_DHE_RSA_WITH_AES_128_CBC_SHA","TLS_RSA_WITH_AES_128_GCM_SHA256","TLS_DHE_RSA_WITH_CHACHA20_POLY1305_SHA256","TLS_ECDHE_RSA_WITH_AES_256_CBC_SHA","TLS_RSA_WITH_AES_256_CBC_SHA256","TLS_RSA_WITH_AES_256_CBC_SHA","TLS_RSA_WITH_AES_128_CBC_SHA","TLS_RSA_WITH_AES_128_CBC_SHA256","TLS_RSA_WITH_AES_256_GCM_SHA384","TLS_ECDHE_RSA_WITH_AES_128_CBC_SHA"],"info":"The following Cipher Suites were supported but not recommended:\nTLS_DHE_RSA_WITH_AES_256_CBC_SHA\nTLS_ECDHE_RSA_WITH_CHACHA20_POLY1305_SHA256\nTLS_DHE_RSA_WITH_AES_128_CBC_SHA\nTLS_RSA_WITH_AES_128_GCM_SHA256\nTLS_DHE_RSA_WITH_CHACHA20_POLY1305_SHA256\nTLS_ECDHE_RSA_WITH_AES_256_CBC_SHA\nTLS_RSA_WITH_AES_256_CBC_SHA256\nTLS_RSA_WITH_AES_256_CBC_SHA\nTLS_RSA_WITH_AES_128_CBC_SHA\nTLS_RSA_WITH_AES_128_CBC_SHA256\nTLS_RSA_WITH_AES_256_GCM_SHA384\nTLS_ECDHE_RSA_WITH_AES_128_CBC_SHA"},{"checkName":"Die folgenden Diffie-Hellman Gruppen werden empfohlen.","adherence":"VIOLATED","hint":null,"notRecommendedGroups":["ECDH_X25519","ECDH_X448","SECP521R1"],"missingRequired":null,"groupCount":null,"info":"The following groups were supported but not recommended:\nECDH_X25519\nECDH_X448\nSECP521R1"},{"checkName":"Die folgenden Signaturverfahren werden empfohlen.","adherence":"VIOLATED","hint":null,"notRecommendedAlgorithms":["RSA_PSS_RSAE"],"info":"The following Signature Algorithms were supported but not recommended:\nRSA_PSS_RSAE"},{"checkName":"Die folgenden Hashfunktionen werden empfohlen.","adherence":"VIOLATED","hint":null,"notRecommendedAlgorithms":["SHA1","SHA224"],"info":"The following Hash Algorithms were supported but not recommended:\nSHA1\nSHA224"},{"checkName":"Es wird empfohlen Session Renegotiation nur auf Basis von [RFC5746] zu verwenden. Durch den Client initiierte Renegotiation sollte vom Server abgelehnt werden.","adherence":"ADHERED","hint":null,"property":"SUPPORTS_SECURE_RENEGOTIATION_EXTENSION","expectedResult":{"type":"TestResults","value":"TRUE"},"actualResult":{"type":"TestResults","value":"TRUE"},"info":"SUPPORTS_SECURE_RENEGOTIATION_EXTENSION=TRUE"},{"checkName":"Es wird empfohlen Session Renegotiation nur auf Basis von [RFC5746] zu verwenden. Durch den Client initiierte Renegotiation sollte vom Server abgelehnt werden.","adherence":"CHECK_FAILED","hint":null,"property":"SUPPORTS_CLIENT_SIDE_SECURE_RENEGOTIATION_EXTENSION","expectedResult":{"type":"TestResults","value":"FALSE"},"actualResult":{"type":"TestResults","value":"NOT_TESTED_YET"},"info":"SUPPORTS_CLIENT_SIDE_SECURE_RENEGOTIATION_EXTENSION=NOT_TESTED_YET"},{"checkName":"Es wird empfohlen Session Renegotiation nur auf Basis von [RFC5746] zu verwenden. Durch den Client initiierte Renegotiation sollte vom Server abgelehnt werden.","adherence":"CHECK_FAILED","hint":null,"property":"SUPPORTS_CLIENT_SIDE_INSECURE_RENEGOTIATION","expectedResult":{"type":"TestResults","value":"FALSE"},"actualResult":{"type":"TestResults","value":"NOT_TESTED_YET"},"info":"SUPPORTS_CLIENT_SIDE_INSECURE_RENEGOTIATION=NOT_TESTED_YET"},{"checkName":"truncated_hmac sollte nicht unterstüzt werden.","adherence":"VIOLATED","hint":null,"supported":false,"requiredExtension":"TRUNCATED_HMAC","info":"The server does not support TRUNCATED_HMAC"},{"checkName":"Es wird empfohlen die TLS-Datenkompression nicht zu verwenden.","adherence":"ADHERED","hint":null,"property":"SUPPORTS_TLS_COMPRESSION","expectedResult":{"type":"TestResults","value":"FALSE"},"actualResult":{"type":"TestResults","value":"FALSE"},"info":"SUPPORTS_TLS_COMPRESSION=FALSE"},{"checkName":"Der Einsatz der TLS-Erweiterung „Encrypt-then-MAC“ gemäß [RFC7366] wird empfohlen.","adherence":"ADHERED","hint":null,"property":"SUPPORTS_ENCRYPT_THEN_MAC","expectedResult":{"type":"TestResults","value":"TRUE"},"actualResult":{"type":"TestResults","value":"TRUE"},"info":"SUPPORTS_ENCRYPT_THEN_MAC=TRUE"},{"checkName":"Heartbeat sollte nicht unterstüzt werden.","adherence":"VIOLATED","hint":null,"supported":false,"requiredExtension":"HEARTBEAT","info":"The server does not support HEARTBEAT"},{"checkName":"Der Einsatz der TLS-Erweiterung Extended Master Secret gemäß [RFC7627] wird empfohlen.","adherence":"ADHERED","hint":null,"property":"SUPPORTS_EXTENDED_MASTER_SECRET","expectedResult":{"type":"TestResults","value":"TRUE"},"actualResult":{"type":"TestResults","value":"TRUE"},"info":"SUPPORTS_EXTENDED_MASTER_SECRET=TRUE"},{"checkName":"Das Senden oder Annehmen von 0-RTT Daten wird nicht empfohlen.","adherence":"ADHERED","hint":null,"property":"SUPPORTS_TLS13_0_RTT","expectedResult":{"type":"TestResults","value":"FALSE"},"actualResult":{"type":"TestResults","value":"FALSE"},"info":"SUPPORTS_TLS13_0_RTT=FALSE"},{"checkName":"Die folgenden Diffie-Hellman Gruppen werden empfohlen.","adherence":"VIOLATED","hint":null,"notRecommendedGroups":["ECDH_X25519","ECDH_X448","SECP521R1"],"missingRequired":null,"groupCount":null,"info":"The following groups were supported but not recommended:\nECDH_X25519\nECDH_X448\nSECP521R1"},{"checkName":"Die folgenden Signaturverfahren werden empfohlen.","adherence":"ADHERED","hint":null,"notRecommendedAlgorithms":[],"info":"Only listed Signature and Hash Algorithms are supported."},{"checkName":"Die folgenden Signaturverfahren werden empfohlen.","adherence":"ADHERED","hint":null,"notRecommendedAlgorithms":[],"info":"Only listed Signature and Hash Algorithms are supported."},{"checkName":"Die folgenden Cipher-Suiten werden empfohlen.","adherence":"VIOLATED","hint":null,"notRecommendedSuites":["TLS_CHACHA20_POLY1305_SHA256"],"info":"The following Cipher Suites were supported but not recommended:\nTLS_CHACHA20_POLY1305_SHA256"},{"checkName":"Schlüssellängen","adherence":"ADHERED","hint":null,"results":[{"checkName":"Schlüssellängen","adherence":"ADHERED","hint":null,"keySizes":[{"algorithm":"RSA","minimumLength":2000,"actualLength":2048}]}],"info":"Certificate Check #1\nRSA Key Size: 2048≥2000\n\n"}]},{"name":"NIST SP 800-52r2","link":"https://doi.org/10.6028/NIST.SP.800-52r2","results":[{"checkName":"Servers shall support TLS 1.2.","adherence":"ADHERED","hint":null,"property":"SUPPORTS_TLS_1_2","expectedResult":{"type":"TestResults","value":"TRUE"},"actualResult":{"type":"TestResults","value":"TRUE"},"info":"SUPPORTS_TLS_1_2=TRUE"},{"checkName":"Servers should support TLS 1.3 and shall support TLS 1.3 by January 1, 2024.","adherence":"ADHERED","hint":null,"property":"SUPPORTS_TLS_1_3","expectedResult":{"type":"TestResults","value":"TRUE"},"actualResult":{"type":"TestResults","value":"TRUE"},"info":"SUPPORTS_TLS_1_3=TRUE"},{"checkName":"Support of TLS 1.0 is discouraged.","adherence":"VIOLATED","hint":null,"property":"SUPPORTS_TLS_1_0","expectedResult":{"type":"TestResults","value":"FALSE"},"actualResult":{"type":"TestResults","value":"TRUE"},"info":"SUPPORTS_TLS_1_0=TRUE"},{"checkName":"Support of TLS 1.1 is discouraged.","adherence":"VIOLATED","hint":null,"property":"SUPPORTS_TLS_1_1","expectedResult":{"type":"TestResults","value":"FALSE"},"actualResult":{"type":"TestResults","value":"TRUE"},"info":"SUPPORTS_TLS_1_1=TRUE"},{"checkName":"Servers shall not support SSL 3.0.","adherence":"ADHERED","hint":null,"property":"SUPPORTS_SSL_3","expectedResult":{"type":"TestResults","value":"FALSE"},"actualResult":{"type":"TestResults","value":"FALSE"},"info":"SUPPORTS_SSL_3=FALSE"},{"checkName":"Servers shall not support SSL 2.0.","adherence":"ADHERED","hint":null,"property":"SUPPORTS_SSL_2","expectedResult":{"type":"TestResults","value":"FALSE"},"actualResult":{"type":"TestResults","value":"FALSE"},"info":"SUPPORTS_SSL_2=FALSE"},{"checkName":"Should support the use of multiple server certificates with their associated private keys to support algorithm and key size agility","adherence":"VIOLATED","hint":null,"info":"Server did not pass the certificate agility check."},{"checkName":"Shall be configured with an RSA signature certificate or an ECDSA signature certificate","adherence":"ADHERED","hint":null,"results":[{"checkName":"Shall be configured with an RSA signature certificate or an ECDSA signature certificate","adherence":"ADHERED","hint":null,"notRecommendedAlgorithms":[]}],"info":"Certificate Check #1\nOnly listed Signature Algorithms are supported.\n"},{"checkName":"For ECDSA: Curve P-256 or curve P-384 should be used in the public key","adherence":"ADHERED","hint":null,"results":[{"checkName":"For ECDSA: Curve P-256 or curve P-384 should be used in the public key","adherence":"ADHERED","hint":null,"supported":false,"namedGroup":null}],"info":"Certificate Check #1\nnull is not recommended.\n"},{"checkName":"Certificates shall be issued by CA that publishes revocation information in OCSP responses","adherence":"CHECK_FAILED","hint":null,"property":"SUPPORTS_OCSP","expectedResult":{"type":"TestResults","value":"TRUE"},"actualResult":{"type":"TestResults","value":"NOT_TESTED_YET"},"info":"SUPPORTS_OCSP=NOT_TESTED_YET"},{"checkName":"Server certificate shall be an X.509 version 3 certificate","adherence":"ADHERED","hint":null,"results":[{"checkName":"Server certificate shall be an X.509 version 3 certificate","adherence":"ADHERED","hint":null,"version":3}],"info":"Certificate Check #1\nCertificate has Version 3\n"},{"checkName":"All server and client certificates shall contain public keys that offer at least 112 bits of security.","adherence":"ADHERED","hint":null,"results":[{"checkName":"All server and client certificates shall contain public keys that offer at least 112 bits of security.","adherence":"ADHERED","hint":null,"keySizes":[{"algorithm":"RSA","minimumLength":2048,"actualLength":2048}]}],"info":"Certificate Check #1\nRSA Key Size: 2048≥2048\n\n"},{"checkName":"If the server supports TLS versions prior to TLS 1.2, the certificate should be signed with an algorithm consistent with the public key","adherence":"ADHERED","hint":null,"results":[{"checkName":"If the server supports TLS versions prior to TLS 1.2, the certificate should be signed with an algorithm consistent with the public key","adherence":"ADHERED","hint":null,"keyAlgorithm":"RSA","signatureAlgorithm":"RSA"}],"info":"Certificate Check #1\nRSA key is signed with RSA\n"},{"checkName":"Certificate Validity Period should be 3 years or less.","adherence":"ADHERED","hint":null,"results":[{"checkName":"Certificate Validity Period should be 3 years or less.","adherence":"ADHERED","hint":null,"maximumValidity":1095,"actualValidity":1024}],"info":"Certificate Check #1\nCertificate Validity is 1024. (Max 1095 days.)\n"},{"checkName":"Key Usage Extension should be used with digitalSignature and keyAgreement values.","adherence":"VIOLATED","hint":null,"results":[{"checkName":"Key Usage Extension should be used with digitalSignature and keyAgreement values.","adherence":"VIOLATED","hint":null,"supported":false,"keyUsage":""}],"info":"Certificate Check #1\nCertificate is missing key usage \n"},{"checkName":"Server should be configured to allow use of extended key usage extension with key purpose specifically for server authentication","adherence":"VIOLATED","hint":null,"results":[{"checkName":"Server should be configured to allow use of extended key usage extension with key purpose specifically for server authentication","adherence":"VIOLATED","hint":null}],"info":"Certificate Check #1\nCertificate is missing extended key usage for server auth.\n"},{"checkName":"Only listed Cipher Suites shall be used","adherence":"VIOLATED","hint":null,"notRecommendedSuites":["TLS_ECDHE_RSA_WITH_CHACHA20_POLY1305_SHA256","TLS_DHE_RSA_WITH_CHACHA20_POLY1305_SHA256"],"info":"The following Cipher Suites were supported but not recommended:\nTLS_ECDHE_RSA_WITH_CHACHA20_POLY1305_SHA256\nTLS_DHE_RSA_WITH_CHACHA20_POLY1305_SHA256"},{"checkName":"Only listed Cipher Suites shall be used for TLS 1.3","adherence":"VIOLATED","hint":null,"notRecommendedSuites":["TLS_CHACHA20_POLY1305_SHA256"],"info":"The following Cipher Suites were supported but not recommended:\nTLS_CHACHA20_POLY1305_SHA256"},{"checkName":"Servers shall not be vulnerable to padding oracle.","adherence":"CHECK_FAILED","hint":null,"property":"VULNERABLE_TO_PADDING_ORACLE","expectedResult":{"type":"TestResults","value":"FALSE"},"actualResult":{"type":"TestResults","value":"NOT_TESTED_YET"},"info":"VULNERABLE_TO_PADDING_ORACLE=NOT_TESTED_YET"},{"checkName":"The random number generator should be used to generate the 4-byte timestamp of the server random value.","adherence":"ADHERED","hint":null,"property":"USES_UNIX_TIMESTAMPS_IN_RANDOM","expectedResult":{"type":"TestResults","value":"FALSE"},"actualResult":{"type":"TestResults","value":"FALSE"},"info":"USES_UNIX_TIMESTAMPS_IN_RANDOM=FALSE"},{"checkName":"All server and client certificates and certificates in their certification paths shall be signed using SHA-224 or a stronger hashing algorithm.","adherence":"CHECK_FAILED","hint":null,"info":"de.rub.nds.scanner.core.guideline.GuidelineCheckResult@a95cb11"},{"checkName":"The server shall support secure renegotiation Extension.","adherence":"ADHERED","hint":null,"property":"SUPPORTS_SECURE_RENEGOTIATION_EXTENSION","expectedResult":{"type":"TestResults","value":"TRUE"},"actualResult":{"type":"TestResults","value":"TRUE"},"info":"SUPPORTS_SECURE_RENEGOTIATION_EXTENSION=TRUE"},{"checkName":"The server shall be able to process and respond to the server name indication extension.","adherence":"VIOLATED","hint":null,"supported":false,"requiredExtension":"SERVER_NAME_INDICATION","info":"The server does not support SERVER_NAME_INDICATION"},{"checkName":"The Extended Master Secret extension shall be supported.","adherence":"ADHERED","hint":null,"property":"SUPPORTS_EXTENDED_MASTER_SECRET","expectedResult":{"type":"TestResults","value":"TRUE"},"actualResult":{"type":"TestResults","value":"TRUE"},"info":"SUPPORTS_EXTENDED_MASTER_SECRET=TRUE"},{"checkName":"Servers shall support the processing of the signature algorithms extension received in a ClientHello message.","adherence":"VIOLATED","hint":null,"property":"IGNORES_OFFERED_SIG_HASH_ALGOS","expectedResult":{"type":"TestResults","value":"TRUE"},"actualResult":{"type":"TestResults","value":"FALSE"},"info":"IGNORES_OFFERED_SIG_HASH_ALGOS=FALSE"},{"checkName":"The Certificate Status Request extension shall be supported.","adherence":"VIOLATED","hint":null,"property":"SUPPORTS_CERTIFICATE_STATUS_REQUEST","expectedResult":{"type":"TestResults","value":"TRUE"},"actualResult":{"type":"TestResults","value":"FALSE"},"info":"SUPPORTS_CERTIFICATE_STATUS_REQUEST=FALSE"},{"checkName":"The Fallback Signaling Cipher Suite Value (SCSV) shall be supported if the server supports versions of TLS prior to TLS 1.2 and does not support TLS 1.3.","adherence":"CONDITION_NOT_MET","hint":"Condition was not met => Check is skipped.","info":"de.rub.nds.scanner.core.guideline.GuidelineCheckResult@915d7c4"},{"checkName":"When elliptic curve cipher suites are configured, at least one of the NIST-approved curves, P-256 (secp256r1) and P-384 (secp384r1), shall be supported as described in RFC 8422. Additional NIST-recommended elliptic curves are listed in SP 800-56A, Appendix D. Finite field groups that are approved for TLS in SP 800-56A, Appendix D may be supported.","adherence":"VIOLATED","hint":null,"notRecommendedGroups":["ECDH_X25519","ECDH_X448"],"missingRequired":null,"groupCount":null,"info":"The following groups were supported but not recommended:\nECDH_X25519\nECDH_X448"},{"checkName":"The Key Share extension shall be supported if the server supports TLS 1.3","adherence":"ADHERED","hint":null,"supported":true,"requiredExtension":"KEY_SHARE","info":"The server supports KEY_SHARE"},{"checkName":"The EC Point Format extension shall be supported if the server supports EC cipher suites","adherence":"CONDITION_NOT_MET","hint":"Condition was not met => Check is skipped.","info":"de.rub.nds.scanner.core.guideline.GuidelineCheckResult@2513155a"},{"checkName":"The Multiple Certificate Status extension should be supported if status information for the server’s certificate is available via OCSP and the extension is supported by the server implementation","adherence":"CONDITION_NOT_MET","hint":"Condition was not met => Check is skipped.","info":"de.rub.nds.scanner.core.guideline.GuidelineCheckResult@6313b441"},{"checkName":"The Encrypt-then-MAC extension shall be supported if the server is configured to negotiate CBC cipher suites.","adherence":"ADHERED","hint":null,"property":"SUPPORTS_ENCRYPT_THEN_MAC","expectedResult":{"type":"TestResults","value":"TRUE"},"actualResult":{"type":"TestResults","value":"TRUE"},"info":"SUPPORTS_ENCRYPT_THEN_MAC=TRUE"},{"checkName":"The Pre-Shared Key Exchange Modes extension shall be supported if the server supports TLS 1.3 and the Pre-Shared Key extension.","adherence":"ADHERED","hint":null,"property":"SUPPORTS_TLS13_PSK_EXCHANGE_MODES","expectedResult":{"type":"TestResults","value":"TRUE"},"actualResult":{"type":"TestResults","value":"TRUE"},"info":"SUPPORTS_TLS13_PSK_EXCHANGE_MODES=TRUE"},{"checkName":"The Supported Versions extension shall be supported if the server supports TLS 1.3","adherence":"ADHERED","hint":null,"supported":true,"requiredExtension":"SUPPORTED_VERSIONS","info":"The server supports SUPPORTED_VERSIONS"},{"checkName":"Servers that support TLS 1.3 may support the cookie extension","adherence":"VIOLATED","hint":null,"supported":false,"requiredExtension":"COOKIE","info":"The server does not support COOKIE"},{"checkName":"The Signed Certificate Timestamps extension should be supported if the server’s certificate was issued by a publicly trusted CA and the certificate does not include a Signed Certificate Timestamps List extension.","adherence":"CONDITION_NOT_MET","hint":"Condition was not met => Check is skipped.","info":"de.rub.nds.scanner.core.guideline.GuidelineCheckResult@47fa3671"},{"checkName":"Servers should not process early data received in the ClientHello message.","adherence":"ADHERED","hint":null,"property":"SUPPORTS_TLS13_0_RTT","expectedResult":{"type":"TestResults","value":"FALSE"},"actualResult":{"type":"TestResults","value":"FALSE"},"info":"SUPPORTS_TLS13_0_RTT=FALSE"},{"checkName":"If the server does allow 0-RTT data, then the server should use the single-use ticket mechanism.","adherence":"CONDITION_NOT_MET","hint":"Condition was not met => Check is skipped.","info":"de.rub.nds.scanner.core.guideline.GuidelineCheckResult@60f662bd"},{"checkName":"The null compression method shall be enabled, and all other compression methods shall be disabled.","adherence":"ADHERED","hint":null,"property":"SUPPORTS_TLS_COMPRESSION","expectedResult":{"type":"TestResults","value":"FALSE"},"actualResult":{"type":"TestResults","value":"FALSE"},"info":"SUPPORTS_TLS_COMPRESSION=FALSE"}]}]