{
  "metadata" : {
    "description" : "With the NIST curves, each party MUST validate the public key sent by its peer in the ClientKeyExchange and ServerKeyExchange messages.  A receiving party MUST check that the x and y parameters from the peer's public value satisfy the curve equation, y^2 = x^3 + ax + b mod p.",
    "severityLevels" : {
      "Crypto" : 80,
      "Security" : 80,
      "Handshake" : 60,
      "Alert" : 40
    },
    "rfc" : {
      "number" : 8422,
      "section" : "5.11. Public Key Validation"
    },
    "tags" : [ "server", "tls12", "rfc8422", "TLSExtensionForECC", "rejectsInvalidCurvePoints" ]
  },
  "TestId" : "8422-4MTo5xU82i",
  "TestCases" : [ {
    "Result" : "STRICTLY_SUCCEEDED",
    "DisplayName" : "[1] Combination{INCLUDE_ALPN_EXTENSION=INCLUDE_ALPN_EXTENSION = true, RECORD_LENGTH=RECORD_LENGTH = 50, MAX_FRAGMENT_LENGTH=MAX_FRAGMENT_LENGTH = TWO_9, INCLUDE_HEARTBEAT_EXTENSION=INCLUDE_HEARTBEAT_EXTENSION = true, INCLUDE_EXTENDED_MASTER_SECRET_EXTENSION=INCLUDE_EXTENDED_MASTER_SECRET_EXTENSION = true, TCP_FRAGMENTATION=TCP_FRAGMENTATION = false, INCLUDE_RENEGOTIATION_EXTENSION=INCLUDE_RENEGOTIATION_EXTENSION = true, INCLUDE_GREASE_SIG_HASH_ALGORITHMS=INCLUDE_GREASE_SIG_HASH_ALGORITHMS = true, INCLUDE_ENCRYPT_THEN_MAC_EXTENSION=INCLUDE_ENCRYPT_THEN_MAC_EXTENSION = true, NAMED_GROUP=NAMED_GROUP = SECP521R1, INCLUDE_SESSION_TICKET_EXTENSION=INCLUDE_SESSION_TICKET_EXTENSION = true, INCLUDE_GREASE_CIPHER_SUITES=INCLUDE_GREASE_CIPHER_SUITES = true, INCLUDE_GREASE_NAMED_GROUPS=INCLUDE_GREASE_NAMED_GROUPS = true, INCLUDE_PADDING_EXTENSION=INCLUDE_PADDING_EXTENSION = true, CIPHER_SUITE=CIPHER_SUITE = TLS_ECDHE_RSA_WITH_AES_128_CBC_SHA}",
    "ParameterCombination" : {
      "INCLUDE_HEARTBEAT_EXTENSION" : true,
      "CIPHER_SUITE" : "TLS_ECDHE_RSA_WITH_AES_128_CBC_SHA",
      "INCLUDE_EXTENDED_MASTER_SECRET_EXTENSION" : true,
      "INCLUDE_PADDING_EXTENSION" : true,
      "INCLUDE_GREASE_NAMED_GROUPS" : true,
      "INCLUDE_GREASE_CIPHER_SUITES" : true,
      "INCLUDE_RENEGOTIATION_EXTENSION" : true,
      "NAMED_GROUP" : "SECP521R1",
      "TCP_FRAGMENTATION" : false,
      "INCLUDE_ENCRYPT_THEN_MAC_EXTENSION" : true,
      "INCLUDE_ALPN_EXTENSION" : true,
      "INCLUDE_GREASE_SIG_HASH_ALGORITHMS" : true,
      "INCLUDE_SESSION_TICKET_EXTENSION" : true,
      "RECORD_LENGTH" : 50,
      "MAX_FRAGMENT_LENGTH" : "TWO_9"
    },
    "AdditionalResultInformation" : null,
    "AdditionalTestInformation" : null,
    "SrcPort" : 15546,
    "DstPort" : 8443,
    "StartTimestamp" : "2023-12-12T11:59:15.003Z",
    "EndTimestamp" : "2023-12-12T11:59:15.014Z",
    "Stacktrace" : null,
    "uuid" : "B47211FE30E951503E442315AAB443D9525B8D985F1A1EFEF5B42A197A140B58"
  }, {
    "Result" : "STRICTLY_SUCCEEDED",
    "DisplayName" : "[2] Combination{INCLUDE_ALPN_EXTENSION=INCLUDE_ALPN_EXTENSION = false, RECORD_LENGTH=RECORD_LENGTH = 111, MAX_FRAGMENT_LENGTH=MAX_FRAGMENT_LENGTH = TWO_10, INCLUDE_HEARTBEAT_EXTENSION=INCLUDE_HEARTBEAT_EXTENSION = false, INCLUDE_EXTENDED_MASTER_SECRET_EXTENSION=INCLUDE_EXTENDED_MASTER_SECRET_EXTENSION = false, TCP_FRAGMENTATION=TCP_FRAGMENTATION = true, INCLUDE_RENEGOTIATION_EXTENSION=INCLUDE_RENEGOTIATION_EXTENSION = false, INCLUDE_GREASE_SIG_HASH_ALGORITHMS=INCLUDE_GREASE_SIG_HASH_ALGORITHMS = false, INCLUDE_ENCRYPT_THEN_MAC_EXTENSION=INCLUDE_ENCRYPT_THEN_MAC_EXTENSION = false, NAMED_GROUP=NAMED_GROUP = SECP256R1, INCLUDE_SESSION_TICKET_EXTENSION=INCLUDE_SESSION_TICKET_EXTENSION = false, INCLUDE_GREASE_CIPHER_SUITES=INCLUDE_GREASE_CIPHER_SUITES = false, INCLUDE_GREASE_NAMED_GROUPS=INCLUDE_GREASE_NAMED_GROUPS = false, INCLUDE_PADDING_EXTENSION=INCLUDE_PADDING_EXTENSION = false, CIPHER_SUITE=CIPHER_SUITE = TLS_ECDHE_RSA_WITH_AES_128_CBC_SHA256}",
    "ParameterCombination" : {
      "INCLUDE_HEARTBEAT_EXTENSION" : false,
      "CIPHER_SUITE" : "TLS_ECDHE_RSA_WITH_AES_128_CBC_SHA256",
      "INCLUDE_EXTENDED_MASTER_SECRET_EXTENSION" : false,
      "INCLUDE_PADDING_EXTENSION" : false,
      "INCLUDE_GREASE_NAMED_GROUPS" : false,
      "INCLUDE_GREASE_CIPHER_SUITES" : false,
      "INCLUDE_RENEGOTIATION_EXTENSION" : false,
      "NAMED_GROUP" : "SECP256R1",
      "TCP_FRAGMENTATION" : true,
      "INCLUDE_ENCRYPT_THEN_MAC_EXTENSION" : false,
      "INCLUDE_ALPN_EXTENSION" : false,
      "INCLUDE_GREASE_SIG_HASH_ALGORITHMS" : false,
      "INCLUDE_SESSION_TICKET_EXTENSION" : false,
      "RECORD_LENGTH" : 111,
      "MAX_FRAGMENT_LENGTH" : "TWO_10"
    },
    "AdditionalResultInformation" : null,
    "AdditionalTestInformation" : null,
    "SrcPort" : 15548,
    "DstPort" : 8443,
    "StartTimestamp" : "2023-12-12T11:59:15.263Z",
    "EndTimestamp" : "2023-12-12T11:59:15.355Z",
    "Stacktrace" : null,
    "uuid" : "62DA44E5195F8CE8165D5DE378975518FE8C6C96AC7EAAABAD9B2C67CC67EA19"
  }, {
    "Result" : "STRICTLY_SUCCEEDED",
    "DisplayName" : "[3] Combination{INCLUDE_ALPN_EXTENSION=INCLUDE_ALPN_EXTENSION = true, RECORD_LENGTH=RECORD_LENGTH = 1, MAX_FRAGMENT_LENGTH=MAX_FRAGMENT_LENGTH = TWO_11, INCLUDE_HEARTBEAT_EXTENSION=INCLUDE_HEARTBEAT_EXTENSION = true, INCLUDE_EXTENDED_MASTER_SECRET_EXTENSION=INCLUDE_EXTENDED_MASTER_SECRET_EXTENSION = true, TCP_FRAGMENTATION=TCP_FRAGMENTATION = false, INCLUDE_RENEGOTIATION_EXTENSION=INCLUDE_RENEGOTIATION_EXTENSION = true, INCLUDE_GREASE_SIG_HASH_ALGORITHMS=INCLUDE_GREASE_SIG_HASH_ALGORITHMS = true, INCLUDE_ENCRYPT_THEN_MAC_EXTENSION=INCLUDE_ENCRYPT_THEN_MAC_EXTENSION = true, NAMED_GROUP=NAMED_GROUP = SECP384R1, INCLUDE_SESSION_TICKET_EXTENSION=INCLUDE_SESSION_TICKET_EXTENSION = true, INCLUDE_GREASE_CIPHER_SUITES=INCLUDE_GREASE_CIPHER_SUITES = true, INCLUDE_GREASE_NAMED_GROUPS=INCLUDE_GREASE_NAMED_GROUPS = true, INCLUDE_PADDING_EXTENSION=INCLUDE_PADDING_EXTENSION = true, CIPHER_SUITE=CIPHER_SUITE = TLS_ECDHE_RSA_WITH_AES_128_GCM_SHA256}",
    "ParameterCombination" : {
      "INCLUDE_HEARTBEAT_EXTENSION" : true,
      "CIPHER_SUITE" : "TLS_ECDHE_RSA_WITH_AES_128_GCM_SHA256",
      "INCLUDE_EXTENDED_MASTER_SECRET_EXTENSION" : true,
      "INCLUDE_PADDING_EXTENSION" : true,
      "INCLUDE_GREASE_NAMED_GROUPS" : true,
      "INCLUDE_GREASE_CIPHER_SUITES" : true,
      "INCLUDE_RENEGOTIATION_EXTENSION" : true,
      "NAMED_GROUP" : "SECP384R1",
      "TCP_FRAGMENTATION" : false,
      "INCLUDE_ENCRYPT_THEN_MAC_EXTENSION" : true,
      "INCLUDE_ALPN_EXTENSION" : true,
      "INCLUDE_GREASE_SIG_HASH_ALGORITHMS" : true,
      "INCLUDE_SESSION_TICKET_EXTENSION" : true,
      "RECORD_LENGTH" : 1,
      "MAX_FRAGMENT_LENGTH" : "TWO_11"
    },
    "AdditionalResultInformation" : null,
    "AdditionalTestInformation" : null,
    "SrcPort" : 15552,
    "DstPort" : 8443,
    "StartTimestamp" : "2023-12-12T11:59:15.620Z",
    "EndTimestamp" : "2023-12-12T11:59:15.634Z",
    "Stacktrace" : null,
    "uuid" : "2389FF9EB52718A8740259CDCD165E493C8C498D743E1CF63B90969324055558"
  }, {
    "Result" : "STRICTLY_SUCCEEDED",
    "DisplayName" : "[4] Combination{INCLUDE_ALPN_EXTENSION=INCLUDE_ALPN_EXTENSION = true, RECORD_LENGTH=RECORD_LENGTH = 16384, MAX_FRAGMENT_LENGTH=MAX_FRAGMENT_LENGTH = TWO_12, INCLUDE_HEARTBEAT_EXTENSION=INCLUDE_HEARTBEAT_EXTENSION = true, INCLUDE_EXTENDED_MASTER_SECRET_EXTENSION=INCLUDE_EXTENDED_MASTER_SECRET_EXTENSION = true, TCP_FRAGMENTATION=TCP_FRAGMENTATION = false, INCLUDE_RENEGOTIATION_EXTENSION=INCLUDE_RENEGOTIATION_EXTENSION = true, INCLUDE_GREASE_SIG_HASH_ALGORITHMS=INCLUDE_GREASE_SIG_HASH_ALGORITHMS = true, INCLUDE_ENCRYPT_THEN_MAC_EXTENSION=INCLUDE_ENCRYPT_THEN_MAC_EXTENSION = true, NAMED_GROUP=NAMED_GROUP = SECP521R1, INCLUDE_SESSION_TICKET_EXTENSION=INCLUDE_SESSION_TICKET_EXTENSION = true, INCLUDE_GREASE_CIPHER_SUITES=INCLUDE_GREASE_CIPHER_SUITES = true, INCLUDE_GREASE_NAMED_GROUPS=INCLUDE_GREASE_NAMED_GROUPS = true, INCLUDE_PADDING_EXTENSION=INCLUDE_PADDING_EXTENSION = true, CIPHER_SUITE=CIPHER_SUITE = TLS_ECDHE_RSA_WITH_AES_256_CBC_SHA}",
    "ParameterCombination" : {
      "INCLUDE_HEARTBEAT_EXTENSION" : true,
      "CIPHER_SUITE" : "TLS_ECDHE_RSA_WITH_AES_256_CBC_SHA",
      "INCLUDE_EXTENDED_MASTER_SECRET_EXTENSION" : true,
      "INCLUDE_PADDING_EXTENSION" : true,
      "INCLUDE_GREASE_NAMED_GROUPS" : true,
      "INCLUDE_GREASE_CIPHER_SUITES" : true,
      "INCLUDE_RENEGOTIATION_EXTENSION" : true,
      "NAMED_GROUP" : "SECP521R1",
      "TCP_FRAGMENTATION" : false,
      "INCLUDE_ENCRYPT_THEN_MAC_EXTENSION" : true,
      "INCLUDE_ALPN_EXTENSION" : true,
      "INCLUDE_GREASE_SIG_HASH_ALGORITHMS" : true,
      "INCLUDE_SESSION_TICKET_EXTENSION" : true,
      "RECORD_LENGTH" : 16384,
      "MAX_FRAGMENT_LENGTH" : "TWO_12"
    },
    "AdditionalResultInformation" : null,
    "AdditionalTestInformation" : null,
    "SrcPort" : 15554,
    "DstPort" : 8443,
    "StartTimestamp" : "2023-12-12T11:59:15.888Z",
    "EndTimestamp" : "2023-12-12T11:59:15.904Z",
    "Stacktrace" : null,
    "uuid" : "73A8045B7E643D930012B14149E28EB107923DDF03C7802FA65404D03F7363EA"
  }, {
    "Result" : "STRICTLY_SUCCEEDED",
    "DisplayName" : "[5] Combination{INCLUDE_ALPN_EXTENSION=INCLUDE_ALPN_EXTENSION = true, RECORD_LENGTH=RECORD_LENGTH = 50, MAX_FRAGMENT_LENGTH=MAX_FRAGMENT_LENGTH = null, INCLUDE_HEARTBEAT_EXTENSION=INCLUDE_HEARTBEAT_EXTENSION = true, INCLUDE_EXTENDED_MASTER_SECRET_EXTENSION=INCLUDE_EXTENDED_MASTER_SECRET_EXTENSION = true, TCP_FRAGMENTATION=TCP_FRAGMENTATION = false, INCLUDE_RENEGOTIATION_EXTENSION=INCLUDE_RENEGOTIATION_EXTENSION = true, INCLUDE_GREASE_SIG_HASH_ALGORITHMS=INCLUDE_GREASE_SIG_HASH_ALGORITHMS = true, INCLUDE_ENCRYPT_THEN_MAC_EXTENSION=INCLUDE_ENCRYPT_THEN_MAC_EXTENSION = true, NAMED_GROUP=NAMED_GROUP = SECP521R1, INCLUDE_SESSION_TICKET_EXTENSION=INCLUDE_SESSION_TICKET_EXTENSION = true, INCLUDE_GREASE_CIPHER_SUITES=INCLUDE_GREASE_CIPHER_SUITES = true, INCLUDE_GREASE_NAMED_GROUPS=INCLUDE_GREASE_NAMED_GROUPS = true, INCLUDE_PADDING_EXTENSION=INCLUDE_PADDING_EXTENSION = true, CIPHER_SUITE=CIPHER_SUITE = TLS_ECDHE_RSA_WITH_AES_256_CBC_SHA384}",
    "ParameterCombination" : {
      "INCLUDE_HEARTBEAT_EXTENSION" : true,
      "CIPHER_SUITE" : "TLS_ECDHE_RSA_WITH_AES_256_CBC_SHA384",
      "INCLUDE_EXTENDED_MASTER_SECRET_EXTENSION" : true,
      "INCLUDE_PADDING_EXTENSION" : true,
      "INCLUDE_GREASE_NAMED_GROUPS" : true,
      "INCLUDE_GREASE_CIPHER_SUITES" : true,
      "INCLUDE_RENEGOTIATION_EXTENSION" : true,
      "NAMED_GROUP" : "SECP521R1",
      "TCP_FRAGMENTATION" : false,
      "INCLUDE_ENCRYPT_THEN_MAC_EXTENSION" : true,
      "INCLUDE_ALPN_EXTENSION" : true,
      "INCLUDE_GREASE_SIG_HASH_ALGORITHMS" : true,
      "INCLUDE_SESSION_TICKET_EXTENSION" : true,
      "RECORD_LENGTH" : 50,
      "MAX_FRAGMENT_LENGTH" : null
    },
    "AdditionalResultInformation" : null,
    "AdditionalTestInformation" : null,
    "SrcPort" : 15556,
    "DstPort" : 8443,
    "StartTimestamp" : "2023-12-12T11:59:16.154Z",
    "EndTimestamp" : "2023-12-12T11:59:16.171Z",
    "Stacktrace" : null,
    "uuid" : "0ED7E96E68683AE36822E770ACACC5C51D0C1484D566B54704074D35D972256A"
  }, {
    "Result" : "STRICTLY_SUCCEEDED",
    "DisplayName" : "[6] Combination{INCLUDE_ALPN_EXTENSION=INCLUDE_ALPN_EXTENSION = true, RECORD_LENGTH=RECORD_LENGTH = 50, MAX_FRAGMENT_LENGTH=MAX_FRAGMENT_LENGTH = TWO_9, INCLUDE_HEARTBEAT_EXTENSION=INCLUDE_HEARTBEAT_EXTENSION = true, INCLUDE_EXTENDED_MASTER_SECRET_EXTENSION=INCLUDE_EXTENDED_MASTER_SECRET_EXTENSION = true, TCP_FRAGMENTATION=TCP_FRAGMENTATION = false, INCLUDE_RENEGOTIATION_EXTENSION=INCLUDE_RENEGOTIATION_EXTENSION = true, INCLUDE_GREASE_SIG_HASH_ALGORITHMS=INCLUDE_GREASE_SIG_HASH_ALGORITHMS = true, INCLUDE_ENCRYPT_THEN_MAC_EXTENSION=INCLUDE_ENCRYPT_THEN_MAC_EXTENSION = true, NAMED_GROUP=NAMED_GROUP = SECP521R1, INCLUDE_SESSION_TICKET_EXTENSION=INCLUDE_SESSION_TICKET_EXTENSION = true, INCLUDE_GREASE_CIPHER_SUITES=INCLUDE_GREASE_CIPHER_SUITES = true, INCLUDE_GREASE_NAMED_GROUPS=INCLUDE_GREASE_NAMED_GROUPS = true, INCLUDE_PADDING_EXTENSION=INCLUDE_PADDING_EXTENSION = true, CIPHER_SUITE=CIPHER_SUITE = TLS_ECDHE_RSA_WITH_AES_256_GCM_SHA384}",
    "ParameterCombination" : {
      "INCLUDE_HEARTBEAT_EXTENSION" : true,
      "CIPHER_SUITE" : "TLS_ECDHE_RSA_WITH_AES_256_GCM_SHA384",
      "INCLUDE_EXTENDED_MASTER_SECRET_EXTENSION" : true,
      "INCLUDE_PADDING_EXTENSION" : true,
      "INCLUDE_GREASE_NAMED_GROUPS" : true,
      "INCLUDE_GREASE_CIPHER_SUITES" : true,
      "INCLUDE_RENEGOTIATION_EXTENSION" : true,
      "NAMED_GROUP" : "SECP521R1",
      "TCP_FRAGMENTATION" : false,
      "INCLUDE_ENCRYPT_THEN_MAC_EXTENSION" : true,
      "INCLUDE_ALPN_EXTENSION" : true,
      "INCLUDE_GREASE_SIG_HASH_ALGORITHMS" : true,
      "INCLUDE_SESSION_TICKET_EXTENSION" : true,
      "RECORD_LENGTH" : 50,
      "MAX_FRAGMENT_LENGTH" : "TWO_9"
    },
    "AdditionalResultInformation" : null,
    "AdditionalTestInformation" : null,
    "SrcPort" : 15558,
    "DstPort" : 8443,
    "StartTimestamp" : "2023-12-12T11:59:16.494Z",
    "EndTimestamp" : "2023-12-12T11:59:16.506Z",
    "Stacktrace" : null,
    "uuid" : "4D3441B02B804847C4040864463F6AC60EBFE6BE9D5CCD463C6F6620B818F66F"
  }, {
    "Result" : "STRICTLY_SUCCEEDED",
    "DisplayName" : "[7] Combination{INCLUDE_ALPN_EXTENSION=INCLUDE_ALPN_EXTENSION = true, RECORD_LENGTH=RECORD_LENGTH = 50, MAX_FRAGMENT_LENGTH=MAX_FRAGMENT_LENGTH = TWO_9, INCLUDE_HEARTBEAT_EXTENSION=INCLUDE_HEARTBEAT_EXTENSION = true, INCLUDE_EXTENDED_MASTER_SECRET_EXTENSION=INCLUDE_EXTENDED_MASTER_SECRET_EXTENSION = true, TCP_FRAGMENTATION=TCP_FRAGMENTATION = false, INCLUDE_RENEGOTIATION_EXTENSION=INCLUDE_RENEGOTIATION_EXTENSION = true, INCLUDE_GREASE_SIG_HASH_ALGORITHMS=INCLUDE_GREASE_SIG_HASH_ALGORITHMS = true, INCLUDE_ENCRYPT_THEN_MAC_EXTENSION=INCLUDE_ENCRYPT_THEN_MAC_EXTENSION = true, NAMED_GROUP=NAMED_GROUP = SECP521R1, INCLUDE_SESSION_TICKET_EXTENSION=INCLUDE_SESSION_TICKET_EXTENSION = true, INCLUDE_GREASE_CIPHER_SUITES=INCLUDE_GREASE_CIPHER_SUITES = true, INCLUDE_GREASE_NAMED_GROUPS=INCLUDE_GREASE_NAMED_GROUPS = true, INCLUDE_PADDING_EXTENSION=INCLUDE_PADDING_EXTENSION = true, CIPHER_SUITE=CIPHER_SUITE = TLS_ECDHE_RSA_WITH_CHACHA20_POLY1305_SHA256}",
    "ParameterCombination" : {
      "INCLUDE_HEARTBEAT_EXTENSION" : true,
      "CIPHER_SUITE" : "TLS_ECDHE_RSA_WITH_CHACHA20_POLY1305_SHA256",
      "INCLUDE_EXTENDED_MASTER_SECRET_EXTENSION" : true,
      "INCLUDE_PADDING_EXTENSION" : true,
      "INCLUDE_GREASE_NAMED_GROUPS" : true,
      "INCLUDE_GREASE_CIPHER_SUITES" : true,
      "INCLUDE_RENEGOTIATION_EXTENSION" : true,
      "NAMED_GROUP" : "SECP521R1",
      "TCP_FRAGMENTATION" : false,
      "INCLUDE_ENCRYPT_THEN_MAC_EXTENSION" : true,
      "INCLUDE_ALPN_EXTENSION" : true,
      "INCLUDE_GREASE_SIG_HASH_ALGORITHMS" : true,
      "INCLUDE_SESSION_TICKET_EXTENSION" : true,
      "RECORD_LENGTH" : 50,
      "MAX_FRAGMENT_LENGTH" : "TWO_9"
    },
    "AdditionalResultInformation" : null,
    "AdditionalTestInformation" : null,
    "SrcPort" : 15560,
    "DstPort" : 8443,
    "StartTimestamp" : "2023-12-12T11:59:17.178Z",
    "EndTimestamp" : "2023-12-12T11:59:17.190Z",
    "Stacktrace" : null,
    "uuid" : "4BCFE9FF46CDAE1DEFA089006B4DEA770DE3E55E2BEDF1D3EA9DAA342C77E663"
  } ],
  "Result" : "STRICTLY_SUCCEEDED",
  "DisabledReason" : null,
  "FailedReason" : null,
  "ElapsedTime" : 0,
  "FailureInducingCombinations" : null,
  "Score" : {
    "Crypto" : 100.0,
    "Alert" : 100.0,
    "Security" : 100.0,
    "Handshake" : 100.0
  },
  "HasStateWithAdditionalResultInformation" : false,
  "HasVaryingAdditionalResultInformation" : false,
  "TestMethod" : "rejectsInvalidCurvePoints",
  "TestClass" : "de.rub.nds.tlstest.suite.tests.server.tls12.rfc8422.TLSExtensionForECC",
  "CaseCount" : 7
}