{
  "metadata" : {
    "description" : "Once the use of encrypt-then-MAC has been negotiated, processing of TLS/DTLS packets switches from the standard: [...]encrypt( data || MAC || pad ) [...]to the new:[...]encrypt( data || pad ) || MAC",
    "severityLevels" : {
      "Handshake" : 60,
      "Interoperability" : 80
    },
    "rfc" : {
      "number" : 7366,
      "section" : "3.  Applying Encrypt-then-MAC"
    },
    "tags" : [ "client", "tls12", "rfc7366", "EncThenMacExtension", "encryptThenMacTest" ]
  },
  "TestId" : "7366-2aUxJrnngy",
  "TestCases" : [ ],
  "Result" : "DISABLED",
  "DisabledReason" : "TestEndpointMode doesn't match, skipping test.",
  "FailedReason" : null,
  "ElapsedTime" : 0,
  "FailureInducingCombinations" : null,
  "Score" : {
    "Interoperability" : 100.0,
    "Handshake" : 100.0
  },
  "HasStateWithAdditionalResultInformation" : false,
  "HasVaryingAdditionalResultInformation" : false,
  "TestMethod" : "encryptThenMacTest",
  "TestClass" : "de.rub.nds.tlstest.suite.tests.client.tls12.rfc7366.EncThenMacExtension",
  "CaseCount" : 0
}