{
  "metadata" : {
    "description" : "If the TLS client only offers RC4 cipher suites, the TLS server MUST terminate the handshake. The TLS server MAY send the insufficient_security fatal alert in this case.",
    "severityLevels" : {
      "Crypto" : 60,
      "DeprecatedFeature" : 100,
      "Security" : 80,
      "Handshake" : 60,
      "Interoperability" : 80,
      "Alert" : 40
    },
    "rfc" : {
      "number" : 7465,
      "section" : "2"
    },
    "tags" : [ "server", "tls12", "rfc7465", "RC4Ciphersuites", "onlyRC4Suites" ]
  },
  "TestId" : "7465-YNsMZJY6pa",
  "TestCases" : [ ],
  "Result" : "DISABLED",
  "DisabledReason" : "No values supported required for parameter CIPHER_SUITE",
  "FailedReason" : null,
  "ElapsedTime" : 0,
  "FailureInducingCombinations" : null,
  "Score" : {
    "Crypto" : 100.0,
    "DeprecatedFeature" : 100.0,
    "Alert" : 100.0,
    "Security" : 100.0,
    "Interoperability" : 100.0,
    "Handshake" : 100.0
  },
  "HasStateWithAdditionalResultInformation" : false,
  "HasVaryingAdditionalResultInformation" : false,
  "TestMethod" : "onlyRC4Suites",
  "TestClass" : "de.rub.nds.tlstest.suite.tests.server.tls12.rfc7465.RC4Ciphersuites",
  "CaseCount" : 0
}