{
  "metadata" : {
    "description" : "Begin the Handshake with Application Data",
    "severityLevels" : {
      "Security" : 100,
      "Handshake" : 100,
      "Interoperability" : 100,
      "Alert" : 40
    },
    "rfc" : null,
    "tags" : [ "client", "tls12", "statemachine", "StateMachine", "beginWithApplicationData" ]
  },
  "TestId" : "XSM-Bv4mqPoKa4",
  "TestCases" : [ ],
  "Result" : "DISABLED",
  "DisabledReason" : "TestEndpointMode doesn't match, skipping test.",
  "FailedReason" : null,
  "ElapsedTime" : 0,
  "FailureInducingCombinations" : null,
  "Score" : {
    "Alert" : 100.0,
    "Security" : 100.0,
    "Interoperability" : 100.0,
    "Handshake" : 100.0
  },
  "HasStateWithAdditionalResultInformation" : false,
  "HasVaryingAdditionalResultInformation" : false,
  "TestMethod" : "beginWithApplicationData",
  "TestClass" : "de.rub.nds.tlstest.suite.tests.client.tls12.statemachine.StateMachine",
  "CaseCount" : 0
}