{
  "metadata" : {
    "description" : "Begin the Handshake with Application Data",
    "severityLevels" : {
      "Security" : 100,
      "Handshake" : 60,
      "Interoperability" : 80,
      "Alert" : 40
    },
    "rfc" : null,
    "tags" : [ "server", "tls12", "statemachine", "StateMachine", "beginWithApplicationData" ]
  },
  "TestId" : "XSM-tVGt2rqQy1",
  "TestCases" : [ {
    "Result" : "STRICTLY_SUCCEEDED",
    "DisplayName" : "beginWithApplicationData(WorkflowRunner)",
    "ParameterCombination" : null,
    "AdditionalResultInformation" : null,
    "AdditionalTestInformation" : null,
    "SrcPort" : 17524,
    "DstPort" : 8443,
    "StartTimestamp" : "2023-12-12T12:03:51.315Z",
    "EndTimestamp" : "2023-12-12T12:03:51.317Z",
    "Stacktrace" : null,
    "uuid" : "43A788C453C8A2A300D507BADAD1E3969C7B5AD746361CBB5703B131CBCB3EBF"
  } ],
  "Result" : "STRICTLY_SUCCEEDED",
  "DisabledReason" : null,
  "FailedReason" : null,
  "ElapsedTime" : 0,
  "FailureInducingCombinations" : null,
  "Score" : {
    "Alert" : 100.0,
    "Security" : 100.0,
    "Interoperability" : 100.0,
    "Handshake" : 100.0
  },
  "HasStateWithAdditionalResultInformation" : false,
  "HasVaryingAdditionalResultInformation" : false,
  "TestMethod" : "beginWithApplicationData",
  "TestClass" : "de.rub.nds.tlstest.suite.tests.server.tls12.statemachine.StateMachine",
  "CaseCount" : 1
}