{
  "metadata" : {
    "description" : "Similarly, cipher suites for TLS 1.2 and lower cannot be used with TLS 1.3.",
    "severityLevels" : {
      "Security" : 40,
      "Handshake" : 60,
      "Interoperability" : 60,
      "Alert" : 60
    },
    "rfc" : {
      "number" : 8446,
      "section" : "4.1.4 Hello Retry Request"
    },
    "tags" : [ "client", "tls13", "rfc8446", "HelloRetryRequest", "helloRetryRequestsTls12CipherSuite" ]
  },
  "TestId" : "8446-7byKPGEA8Q",
  "TestCases" : [ ],
  "Result" : "DISABLED",
  "DisabledReason" : "TestEndpointMode doesn't match, skipping test.",
  "FailedReason" : null,
  "ElapsedTime" : 0,
  "FailureInducingCombinations" : null,
  "Score" : {
    "Alert" : 100.0,
    "Security" : 100.0,
    "Interoperability" : 100.0,
    "Handshake" : 100.0
  },
  "HasStateWithAdditionalResultInformation" : false,
  "HasVaryingAdditionalResultInformation" : false,
  "TestMethod" : "helloRetryRequestsTls12CipherSuite",
  "TestClass" : "de.rub.nds.tlstest.suite.tests.client.tls13.rfc8446.HelloRetryRequest",
  "CaseCount" : 0
}