{
  "metadata" : {
    "description" : "Clients MUST reject GREASE values when negotiated by the server. In particular, the client MUST fail the connection if a GREASE value appears in any of the following: [...] Any ServerHello extension",
    "severityLevels" : {
      "Handshake" : 60,
      "Interoperability" : 60
    },
    "rfc" : {
      "number" : 8446,
      "section" : "4.1.4 Hello Retry Request"
    },
    "tags" : [ "client", "tls13", "rfc8446", "HelloRetryRequest", "helloRetryGreaseExtension" ]
  },
  "TestId" : "8446-TyCkZKkVMt",
  "TestCases" : [ ],
  "Result" : "DISABLED",
  "DisabledReason" : "TestEndpointMode doesn't match, skipping test.",
  "FailedReason" : null,
  "ElapsedTime" : 0,
  "FailureInducingCombinations" : null,
  "Score" : {
    "Interoperability" : 100.0,
    "Handshake" : 100.0
  },
  "HasStateWithAdditionalResultInformation" : false,
  "HasVaryingAdditionalResultInformation" : false,
  "TestMethod" : "helloRetryGreaseExtension",
  "TestClass" : "de.rub.nds.tlstest.suite.tests.client.tls13.rfc8446.HelloRetryRequest",
  "CaseCount" : 0
}