{
  "metadata" : {
    "description" : "In order to avoid sequence number duplication in case of multiple HelloVerifyRequests, the server MUST use the record sequence number in the ClientHello as the record sequence number in the HelloVerifyRequest.",
    "severityLevels" : {
      "Handshake" : 100,
      "Interoperability" : 100
    },
    "rfc" : {
      "number" : 6347,
      "section" : "4.2.1. Denial-of-Service Countermeasures"
    },
    "tags" : [ "server", "dtls12", "rfc6347", "DoS", "clientSequenceNumberInHelloVerifyRequest" ]
  },
  "TestId" : "6347-5R0A5tlkOm",
  "TestCases" : [ ],
  "Result" : "DISABLED",
  "DisabledReason" : "ProtocolVersion of the test is not supported by the target",
  "FailedReason" : null,
  "ElapsedTime" : 0,
  "FailureInducingCombinations" : null,
  "Score" : {
    "Interoperability" : 100.0,
    "Handshake" : 100.0
  },
  "HasStateWithAdditionalResultInformation" : false,
  "HasVaryingAdditionalResultInformation" : false,
  "TestMethod" : "clientSequenceNumberInHelloVerifyRequest",
  "TestClass" : "de.rub.nds.tlstest.suite.tests.server.dtls12.rfc6347.DoS",
  "CaseCount" : 0
}