{
  "metadata" : {
    "description" : "The server then verifies the cookie and proceeds with the handshake only if it is valid.",
    "severityLevels" : {
      "Handshake" : 100,
      "Interoperability" : 100
    },
    "rfc" : {
      "number" : 6347,
      "section" : "4.2.1. Denial-of-Service Countermeasures"
    },
    "tags" : [ "server", "dtls12", "rfc6347", "DoS", "invalidClientHelloCookie" ]
  },
  "TestId" : "6347-g65TNbT3uV",
  "TestCases" : [ ],
  "Result" : "DISABLED",
  "DisabledReason" : "ProtocolVersion of the test is not supported by the target",
  "FailedReason" : null,
  "ElapsedTime" : 0,
  "FailureInducingCombinations" : null,
  "Score" : {
    "Interoperability" : 100.0,
    "Handshake" : 100.0
  },
  "HasStateWithAdditionalResultInformation" : false,
  "HasVaryingAdditionalResultInformation" : false,
  "TestMethod" : "invalidClientHelloCookie",
  "TestClass" : "de.rub.nds.tlstest.suite.tests.server.dtls12.rfc6347.DoS",
  "CaseCount" : 0
}