{
  "metadata" : {
    "description" : "Each KeyShareEntry value MUST correspond to a group offered in the \"supported_groups\" extension and MUST appear in the same order. [...]Clients MUST NOT offer multiple KeyShareEntry values for the same group.  Clients MUST NOT offer any KeyShareEntry values for groups not listed in the client's \"supported_groups\" extension.",
    "severityLevels" : {
      "Handshake" : 60,
      "Interoperability" : 80
    },
    "rfc" : {
      "number" : 8446,
      "section" : "4.2.8. Key Share"
    },
    "tags" : [ "client", "tls13", "rfc8446", "KeyShare", "testOrderOfKeyshareEntries" ]
  },
  "TestId" : "8446-WtTcgsZFA3",
  "TestCases" : [ ],
  "Result" : "DISABLED",
  "DisabledReason" : "TestEndpointMode doesn't match, skipping test.",
  "FailedReason" : null,
  "ElapsedTime" : 0,
  "FailureInducingCombinations" : null,
  "Score" : {
    "Interoperability" : 100.0,
    "Handshake" : 100.0
  },
  "HasStateWithAdditionalResultInformation" : false,
  "HasVaryingAdditionalResultInformation" : false,
  "TestMethod" : "testOrderOfKeyshareEntries",
  "TestClass" : "de.rub.nds.tlstest.suite.tests.client.tls13.rfc8446.KeyShare",
  "CaseCount" : 0
}