{
  "metadata" : {
    "description" : "The client MUST NOT include these extensions in the ClientHello message if it does not propose any ECC cipher suites.",
    "severityLevels" : {
      "Handshake" : 60,
      "Interoperability" : 60
    },
    "rfc" : {
      "number" : 8422,
      "section" : "4. TLS Extensions for ECC"
    },
    "tags" : [ "client", "tls12", "rfc8422", "TLSExtensionForECC", "offersExtensionsWithoutCipher" ]
  },
  "TestId" : "8422-jJBYYpiKBH",
  "TestCases" : [ ],
  "Result" : "DISABLED",
  "DisabledReason" : "TestEndpointMode doesn't match, skipping test.",
  "FailedReason" : null,
  "ElapsedTime" : 0,
  "FailureInducingCombinations" : null,
  "Score" : {
    "Interoperability" : 100.0,
    "Handshake" : 100.0
  },
  "HasStateWithAdditionalResultInformation" : false,
  "HasVaryingAdditionalResultInformation" : false,
  "TestMethod" : "offersExtensionsWithoutCipher",
  "TestClass" : "de.rub.nds.tlstest.suite.tests.client.tls12.rfc8422.TLSExtensionForECC",
  "CaseCount" : 0
}