{
  "metadata" : {
    "description" : "A client compliant with this specification that supports no other curves MUST send the following octets; note that the first two octets indicate the extension type (Supported Point Formats Extension)[...]If the Supported Point Formats Extension is indeed sent, it MUST contain the value 0 (uncompressed) as one of the items in the list of point formats. [...]Implementations of this document MUST support the uncompressed format for all of their supported curves and MUST NOT support other formats for curves defined in this specification.  For backwards compatibility purposes, the point format list extension MAY still be included and contain exactly one value: the uncompressed point format (0).",
    "severityLevels" : {
      "DeprecatedFeature" : 60,
      "Handshake" : 60,
      "Interoperability" : 60
    },
    "rfc" : {
      "number" : 8422,
      "section" : "4. TLS Extensions for ECC"
    },
    "tags" : [ "client", "tls12", "rfc8422", "TLSExtensionForECC", "invalidPointFormat" ]
  },
  "TestId" : "8422-exVPmQoGGM",
  "TestCases" : [ ],
  "Result" : "DISABLED",
  "DisabledReason" : "TestEndpointMode doesn't match, skipping test.",
  "FailedReason" : null,
  "ElapsedTime" : 0,
  "FailureInducingCombinations" : null,
  "Score" : {
    "DeprecatedFeature" : 100.0,
    "Interoperability" : 100.0,
    "Handshake" : 100.0
  },
  "HasStateWithAdditionalResultInformation" : false,
  "HasVaryingAdditionalResultInformation" : false,
  "TestMethod" : "invalidPointFormat",
  "TestClass" : "de.rub.nds.tlstest.suite.tests.client.tls12.rfc8422.TLSExtensionForECC",
  "CaseCount" : 0
}