{
  "metadata" : {
    "description" : "Unless some other fatal alert has been transmitted, each party is required to send a close_notify alert before closing the write side of the connection. The other party MUST respond with a close_notify alert of its own and close down the connection immediately, discarding any pending writes.",
    "severityLevels" : {
      "Interoperability" : 40,
      "Alert" : 40
    },
    "rfc" : {
      "number" : 5246,
      "section" : "7.2.1 Closure Alerts"
    },
    "tags" : [ "client", "tls12", "rfc5246", "AlertProtocol", "closeNotify" ]
  },
  "TestId" : "5246-DjYR2JiJKn",
  "TestCases" : [ ],
  "Result" : "DISABLED",
  "DisabledReason" : "TestEndpointMode doesn't match, skipping test.",
  "FailedReason" : null,
  "ElapsedTime" : 0,
  "FailureInducingCombinations" : null,
  "Score" : {
    "Alert" : 100.0,
    "Interoperability" : 100.0
  },
  "HasStateWithAdditionalResultInformation" : false,
  "HasVaryingAdditionalResultInformation" : false,
  "TestMethod" : "closeNotify",
  "TestClass" : "de.rub.nds.tlstest.suite.tests.client.tls12.rfc5246.AlertProtocol",
  "CaseCount" : 0
}