{
  "metadata" : {
    "description" : "Implementations MUST NOT send zero-length fragments of Handshake, Alert, or ChangeCipherSpec content types. Zero-length fragments of Application data MAY be sent as they are potentially useful as a traffic analysis countermeasure.",
    "severityLevels" : {
      "RecordLayer" : 80,
      "Interoperability" : 80,
      "Alert" : 40
    },
    "rfc" : {
      "number" : 5246,
      "section" : "6.2.1 Fragmentation"
    },
    "tags" : [ "server", "tls12", "rfc5246", "Fragmentation", "sendZeroLengthRecord_CH" ]
  },
  "TestId" : "5246-J6zSpKaaXP",
  "TestCases" : [ ],
  "Result" : "DISABLED",
  "DisabledReason" : "Sender restrictions are not expected to be enforced",
  "FailedReason" : null,
  "ElapsedTime" : 0,
  "FailureInducingCombinations" : null,
  "Score" : {
    "Alert" : 100.0,
    "RecordLayer" : 100.0,
    "Interoperability" : 100.0
  },
  "HasStateWithAdditionalResultInformation" : false,
  "HasVaryingAdditionalResultInformation" : false,
  "TestMethod" : "sendZeroLengthRecord_CH",
  "TestClass" : "de.rub.nds.tlstest.suite.tests.server.tls12.rfc5246.Fragmentation",
  "CaseCount" : 0
}