{
  "metadata" : {
    "description" : "Send a Server Key Exchange Message with a modified length value (-1)",
    "severityLevels" : {
      "MessageStructure" : 60,
      "Handshake" : 60,
      "Alert" : 40
    },
    "rfc" : null,
    "tags" : [ "both", "lengthfield", "ServerKeyExchange", "serverKeyExchangeLength" ]
  },
  "TestId" : "XLF-Z5CqDTjvni",
  "TestCases" : [ ],
  "Result" : "DISABLED",
  "DisabledReason" : "TestEndpointMode doesn't match, skipping test.",
  "FailedReason" : null,
  "ElapsedTime" : 0,
  "FailureInducingCombinations" : null,
  "Score" : {
    "MessageStructure" : 100.0,
    "Alert" : 100.0,
    "Handshake" : 100.0
  },
  "HasStateWithAdditionalResultInformation" : false,
  "HasVaryingAdditionalResultInformation" : false,
  "TestMethod" : "serverKeyExchangeLength",
  "TestClass" : "de.rub.nds.tlstest.suite.tests.both.lengthfield.ServerKeyExchange",
  "CaseCount" : 0
}