{
  "metadata" : {
    "description" : "Send a Certificate Message with a modified certificate list length value (-1)",
    "severityLevels" : {
      "MessageStructure" : 60,
      "Handshake" : 60,
      "Alert" : 40
    },
    "rfc" : null,
    "tags" : [ "both", "lengthfield", "Certificate", "certificateListLengthTLS13" ]
  },
  "TestId" : "XLF-ia3wstdqYe",
  "TestCases" : [ ],
  "Result" : "DISABLED",
  "DisabledReason" : "TestEndpointMode doesn't match, skipping test.",
  "FailedReason" : null,
  "ElapsedTime" : 0,
  "FailureInducingCombinations" : null,
  "Score" : {
    "MessageStructure" : 100.0,
    "Alert" : 100.0,
    "Handshake" : 100.0
  },
  "HasStateWithAdditionalResultInformation" : false,
  "HasVaryingAdditionalResultInformation" : false,
  "TestMethod" : "certificateListLengthTLS13",
  "TestClass" : "de.rub.nds.tlstest.suite.tests.both.lengthfield.Certificate",
  "CaseCount" : 0
}