{
  "metadata" : {
    "description" : "When responding to a HelloVerifyRequest, the client MUST use the same   parameter values (version, random, session_id, cipher_suites,   compression_method) as it did in the original ClientHello.",
    "addToSecondRfcRef" : "4.2.1. Denial-of-Service Countermeasures -- The client MUST retransmit the ClientHello with the cookie added.",
    "severityLevels" : {
      "Handshake" : 100,
      "Interoperability" : 100
    },
    "rfc" : {
      "number" : 6347,
      "section" : "4.2.1. Denial-of-Service Countermeasures"
    },
    "tags" : [ "client", "dtls12", "rfc6347", "DoS", "responseToHelloVerifyRequest" ]
  },
  "TestId" : "6347-tT9LA2Ba7T",
  "TestCases" : [ ],
  "Result" : "DISABLED",
  "DisabledReason" : "TestEndpointMode doesn't match, skipping test.",
  "FailedReason" : null,
  "ElapsedTime" : 0,
  "FailureInducingCombinations" : null,
  "Score" : {
    "Interoperability" : 100.0,
    "Handshake" : 100.0
  },
  "HasStateWithAdditionalResultInformation" : false,
  "HasVaryingAdditionalResultInformation" : false,
  "TestMethod" : "responseToHelloVerifyRequest",
  "TestClass" : "de.rub.nds.tlstest.suite.tests.client.dtls.rfc6347.DoS",
  "CaseCount" : 0
}