{
  "metadata" : {
    "description" : "If a client receives a second HelloRetryRequest in the same connection (i.e., where the ClientHello was itself in response to a HelloRetryRequest), it MUST abort the handshake with an \"unexpected_message\" alert.",
    "severityLevels" : {
      "Handshake" : 60,
      "Interoperability" : 80,
      "Alert" : 60
    },
    "rfc" : {
      "number" : 8446,
      "section" : "4.1.4 Hello Retry Request"
    },
    "tags" : [ "client", "tls13", "rfc8446", "HelloRetryRequest", "sendSecondHelloRetryRequest" ]
  },
  "TestId" : "8446-FviCUju7gw",
  "TestCases" : [ ],
  "Result" : "DISABLED",
  "DisabledReason" : "TestEndpointMode doesn't match, skipping test.",
  "FailedReason" : null,
  "ElapsedTime" : 0,
  "FailureInducingCombinations" : null,
  "Score" : {
    "Alert" : 100.0,
    "Interoperability" : 100.0,
    "Handshake" : 100.0
  },
  "HasStateWithAdditionalResultInformation" : false,
  "HasVaryingAdditionalResultInformation" : false,
  "TestMethod" : "sendSecondHelloRetryRequest",
  "TestClass" : "de.rub.nds.tlstest.suite.tests.client.tls13.rfc8446.HelloRetryRequest",
  "CaseCount" : 0
}