{
  "metadata" : {
    "description" : "The client MUST fill the padding extension completely with zero bytes, although the padding extension_data field may be empty.",
    "severityLevels" : {
      "Handshake" : 40,
      "Interoperability" : 40
    },
    "rfc" : {
      "number" : 7685,
      "section" : "3"
    },
    "tags" : [ "client", "tls12", "rfc7685", "PaddingExtension", "paddingWithNonZero" ]
  },
  "TestId" : "7685-9JJaftYtP3",
  "TestCases" : [ ],
  "Result" : "DISABLED",
  "DisabledReason" : "TestEndpointMode doesn't match, skipping test.",
  "FailedReason" : null,
  "ElapsedTime" : 0,
  "FailureInducingCombinations" : null,
  "Score" : {
    "Interoperability" : 100.0,
    "Handshake" : 100.0
  },
  "HasStateWithAdditionalResultInformation" : false,
  "HasVaryingAdditionalResultInformation" : false,
  "TestMethod" : "paddingWithNonZero",
  "TestClass" : "de.rub.nds.tlstest.suite.tests.client.tls12.rfc7685.PaddingExtension",
  "CaseCount" : 0
}