{
  "metadata" : {
    "description" : "legacy_compression_method: A single byte which MUST have the value 0.",
    "severityLevels" : {
      "DeprecatedFeature" : 80,
      "Handshake" : 60,
      "Interoperability" : 60,
      "Alert" : 60
    },
    "rfc" : {
      "number" : 8446,
      "section" : "4.1.4 Hello Retry Request"
    },
    "tags" : [ "client", "tls13", "rfc8446", "HelloRetryRequest", "helloRetryCompressionValue" ]
  },
  "TestId" : "8446-dyTnCEsFo1",
  "TestCases" : [ ],
  "Result" : "DISABLED",
  "DisabledReason" : "TestEndpointMode doesn't match, skipping test.",
  "FailedReason" : null,
  "ElapsedTime" : 0,
  "FailureInducingCombinations" : null,
  "Score" : {
    "DeprecatedFeature" : 100.0,
    "Alert" : 100.0,
    "Interoperability" : 100.0,
    "Handshake" : 100.0
  },
  "HasStateWithAdditionalResultInformation" : false,
  "HasVaryingAdditionalResultInformation" : false,
  "TestMethod" : "helloRetryCompressionValue",
  "TestClass" : "de.rub.nds.tlstest.suite.tests.client.tls13.rfc8446.HelloRetryRequest",
  "CaseCount" : 0
}