{
  "metadata" : {
    "description" : "Clients MUST NOT use cookies in their initial ClientHello in subsequent connections.",
    "severityLevels" : {
      "Handshake" : 60,
      "Interoperability" : 80,
      "Alert" : 40
    },
    "rfc" : {
      "number" : 8446,
      "section" : "4.2.2 Cookie"
    },
    "tags" : [ "server", "tls13", "rfc8446", "Cookie", "clientHelloWithUnsolicitedCookieExtension" ]
  },
  "TestId" : "8446-i1e2R9UFD2",
  "TestCases" : [ ],
  "Result" : "DISABLED",
  "DisabledReason" : "Sender restrictions are not expected to be enforced",
  "FailedReason" : null,
  "ElapsedTime" : 0,
  "FailureInducingCombinations" : null,
  "Score" : {
    "Alert" : 100.0,
    "Interoperability" : 100.0,
    "Handshake" : 100.0
  },
  "HasStateWithAdditionalResultInformation" : false,
  "HasVaryingAdditionalResultInformation" : false,
  "TestMethod" : "clientHelloWithUnsolicitedCookieExtension",
  "TestClass" : "de.rub.nds.tlstest.suite.tests.server.tls13.rfc8446.Cookie",
  "CaseCount" : 0
}