{
  "metadata" : {
    "description" : "Clients MUST NOT send any ClientHello message that specifies a protocol version less than { 0x03, 0x00 }.",
    "severityLevels" : {
      "DeprecatedFeature" : 100,
      "Security" : 100,
      "Handshake" : 60
    },
    "rfc" : {
      "number" : 6176,
      "section" : "3.  Changes to TLS"
    },
    "tags" : [ "client", "tls12", "rfc6176", "ProhibitingSSLv2", "testClientHelloProtocolVersion" ]
  },
  "TestId" : "6176-1zkQSbX7Qy",
  "TestCases" : [ ],
  "Result" : "DISABLED",
  "DisabledReason" : "TestEndpointMode doesn't match, skipping test.",
  "FailedReason" : null,
  "ElapsedTime" : 0,
  "FailureInducingCombinations" : null,
  "Score" : {
    "DeprecatedFeature" : 100.0,
    "Security" : 100.0,
    "Handshake" : 100.0
  },
  "HasStateWithAdditionalResultInformation" : false,
  "HasVaryingAdditionalResultInformation" : false,
  "TestMethod" : "testClientHelloProtocolVersion",
  "TestClass" : "de.rub.nds.tlstest.suite.tests.client.tls12.rfc6176.ProhibitingSSLv2",
  "CaseCount" : 0
}