{
  "metadata" : {
    "description" : "The ServerNameList MUST NOT contain more than one name of the same name_type.",
    "severityLevels" : {
      "Handshake" : 40,
      "Interoperability" : 60,
      "Alert" : 40
    },
    "rfc" : {
      "number" : 6066,
      "section" : "3. Server Name Indication"
    },
    "tags" : [ "server", "tls12", "rfc6066", "ServerNameIndication", "moreThanOneNameOfTheSameType" ]
  },
  "TestId" : "6066-R1bTAhZhmS",
  "TestCases" : [ ],
  "Result" : "DISABLED",
  "DisabledReason" : "Sender restrictions are not expected to be enforced",
  "FailedReason" : null,
  "ElapsedTime" : 0,
  "FailureInducingCombinations" : null,
  "Score" : {
    "Alert" : 100.0,
    "Interoperability" : 100.0,
    "Handshake" : 100.0
  },
  "HasStateWithAdditionalResultInformation" : false,
  "HasVaryingAdditionalResultInformation" : false,
  "TestMethod" : "moreThanOneNameOfTheSameType",
  "TestClass" : "de.rub.nds.tlstest.suite.tests.server.tls12.rfc6066.ServerNameIndication",
  "CaseCount" : 0
}