{
  "metadata" : {
    "description" : "Send a second encrypted Server Hello",
    "severityLevels" : {
      "Security" : 60,
      "Handshake" : 60,
      "Interoperability" : 100,
      "Alert" : 40
    },
    "rfc" : null,
    "tags" : [ "client", "tls13", "statemachine", "StateMachine", "sendServerHelloTwice" ]
  },
  "TestId" : "XSM-FLPgMqSvg9",
  "TestCases" : [ ],
  "Result" : "DISABLED",
  "DisabledReason" : "TestEndpointMode doesn't match, skipping test.",
  "FailedReason" : null,
  "ElapsedTime" : 0,
  "FailureInducingCombinations" : null,
  "Score" : {
    "Alert" : 100.0,
    "Security" : 100.0,
    "Interoperability" : 100.0,
    "Handshake" : 100.0
  },
  "HasStateWithAdditionalResultInformation" : false,
  "HasVaryingAdditionalResultInformation" : false,
  "TestMethod" : "sendServerHelloTwice",
  "TestClass" : "de.rub.nds.tlstest.suite.tests.client.tls13.statemachine.StateMachine",
  "CaseCount" : 0
}