{
  "metadata" : {
    "description" : "TLS-compliant application MUST support key exchange with secp256r1 (NIST P-256)",
    "severityLevels" : {
      "Handshake" : 100,
      "Interoperability" : 100
    },
    "rfc" : {
      "number" : 8446,
      "section" : "9.  Compliance Requirements"
    },
    "tags" : [ "both", "tls13", "rfc8446", "ComplianceRequirements", "supportsSecp256r1" ]
  },
  "TestId" : "8446-xhexdB876E",
  "TestCases" : [ ],
  "Result" : "STRICTLY_SUCCEEDED",
  "DisabledReason" : null,
  "FailedReason" : null,
  "ElapsedTime" : 0,
  "FailureInducingCombinations" : null,
  "Score" : {
    "Interoperability" : 100.0,
    "Handshake" : 100.0
  },
  "HasStateWithAdditionalResultInformation" : false,
  "HasVaryingAdditionalResultInformation" : false,
  "TestMethod" : "supportsSecp256r1",
  "TestClass" : "de.rub.nds.tlstest.suite.tests.both.tls13.rfc8446.ComplianceRequirements",
  "CaseCount" : 0
}