{
  "metadata" : {
    "description" : "If a compatible TLS server receives a Supported Groups extension from a client that includes any FFDHE group (i.e., any codepoint between 256 and 511, inclusive, even if unknown to the server), and if none of the client-proposed FFDHE groups are known and acceptable to the server, then the server MUST NOT select an FFDHE cipher suite.[...]If the extension is present with FFDHE groups, none of the client's offered groups are acceptable by the server, and none of the client's proposed non-FFDHE cipher suites are acceptable to the server, the server MUST end the connection with a fatal TLS alert of type insufficient_security(71).",
    "severityLevels" : {
      "Handshake" : 80,
      "Interoperability" : 80
    },
    "rfc" : {
      "number" : 7919,
      "section" : "4. Server Behavior"
    },
    "tags" : [ "server", "tls12", "rfc7919", "FfDheShare", "abortsWhenGroupsDontOverlap" ]
  },
  "TestId" : "7919-5qMeS9hJ7K",
  "TestCases" : [ ],
  "Result" : "DISABLED",
  "DisabledReason" : "Target does not support FFDHE Named Groups",
  "FailedReason" : null,
  "ElapsedTime" : 0,
  "FailureInducingCombinations" : null,
  "Score" : {
    "Interoperability" : 100.0,
    "Handshake" : 100.0
  },
  "HasStateWithAdditionalResultInformation" : false,
  "HasVaryingAdditionalResultInformation" : false,
  "TestMethod" : "abortsWhenGroupsDontOverlap",
  "TestClass" : "de.rub.nds.tlstest.suite.tests.server.tls12.rfc7919.FfDheShare",
  "CaseCount" : 0
}