{
  "metadata" : {
    "description" : "Client message boundaries are not preserved in the record layer (i.e., multiple client messages of the same ContentType MAY be coalesced into a single TLSPlaintext record, or a single message MAY be fragmented across several records).",
    "severityLevels" : {
      "Handshake" : 60,
      "RecordLayer" : 80,
      "Interoperability" : 80
    },
    "rfc" : {
      "number" : 5246,
      "section" : "6.2.1 Fragmentation"
    },
    "tags" : [ "client", "tls12", "rfc5246", "Fragmentation", "sendHandshakeMessagesWithinSingleRecord" ]
  },
  "TestId" : "5246-FsvDkXCwAy",
  "TestCases" : [ ],
  "Result" : "DISABLED",
  "DisabledReason" : "TestEndpointMode doesn't match, skipping test.",
  "FailedReason" : null,
  "ElapsedTime" : 0,
  "FailureInducingCombinations" : null,
  "Score" : {
    "RecordLayer" : 100.0,
    "Interoperability" : 100.0,
    "Handshake" : 100.0
  },
  "HasStateWithAdditionalResultInformation" : false,
  "HasVaryingAdditionalResultInformation" : false,
  "TestMethod" : "sendHandshakeMessagesWithinSingleRecord",
  "TestClass" : "de.rub.nds.tlstest.suite.tests.client.tls12.rfc5246.Fragmentation",
  "CaseCount" : 0
}