{
  "metadata" : {
    "description" : "If a server receives an encrypt-then-MAC request extension from a client and then selects a stream or Authenticated Encryption with Associated Data (AEAD) ciphersuite, it MUST NOT send an encrypt-then-MAC response extension back to the client.",
    "severityLevels" : {
      "Handshake" : 60,
      "Interoperability" : 60,
      "Alert" : 40
    },
    "rfc" : {
      "number" : 7366,
      "section" : "3.  Applying Encrypt-then-MAC"
    },
    "tags" : [ "client", "tls12", "rfc7366", "EncThenMacExtension", "sendEncThenMacExtWithNonBlockCiphers" ]
  },
  "TestId" : "7366-rCfTYbGUus",
  "TestCases" : [ ],
  "Result" : "DISABLED",
  "DisabledReason" : "TestEndpointMode doesn't match, skipping test.",
  "FailedReason" : null,
  "ElapsedTime" : 0,
  "FailureInducingCombinations" : null,
  "Score" : {
    "Alert" : 100.0,
    "Interoperability" : 100.0,
    "Handshake" : 100.0
  },
  "HasStateWithAdditionalResultInformation" : false,
  "HasVaryingAdditionalResultInformation" : false,
  "TestMethod" : "sendEncThenMacExtWithNonBlockCiphers",
  "TestClass" : "de.rub.nds.tlstest.suite.tests.client.tls12.rfc7366.EncThenMacExtension",
  "CaseCount" : 0
}