{
  "metadata" : {
    "description" : "If the server supplies an empty Certificate message, the client MUST abort the handshake with a \"decode_error\" alert.",
    "severityLevels" : {
      "Security" : 80,
      "Handshake" : 100,
      "Certificate" : 100,
      "Interoperability" : 100,
      "Alert" : 60
    },
    "rfc" : {
      "number" : 8446,
      "section" : "4.4.2.4. Receiving a Certificate Message"
    },
    "tags" : [ "client", "tls13", "rfc8446", "Certificate", "emptyCertificateList" ]
  },
  "TestId" : "8446-cM4fvnBMce",
  "TestCases" : [ ],
  "Result" : "DISABLED",
  "DisabledReason" : "TestEndpointMode doesn't match, skipping test.",
  "FailedReason" : null,
  "ElapsedTime" : 0,
  "FailureInducingCombinations" : null,
  "Score" : {
    "Alert" : 100.0,
    "Security" : 100.0,
    "Interoperability" : 100.0,
    "Handshake" : 100.0,
    "Certificate" : 100.0
  },
  "HasStateWithAdditionalResultInformation" : false,
  "HasVaryingAdditionalResultInformation" : false,
  "TestMethod" : "emptyCertificateList",
  "TestClass" : "de.rub.nds.tlstest.suite.tests.client.tls13.rfc8446.Certificate",
  "CaseCount" : 0
}