{
  "metadata" : {
    "description" : "TLS_NULL_WITH_NULL_NULL is specified and is the initial state of a TLS connection during the first handshake on that channel, but MUST NOT be negotiated, as it provides no more protection than an unsecured connection.",
    "severityLevels" : {
      "Security" : 100,
      "Handshake" : 60,
      "Interoperability" : 80
    },
    "rfc" : {
      "number" : 5246,
      "section" : "A.5. The Cipher Suite"
    },
    "tags" : [ "both", "tls12", "rfc5246", "A5CipherSuite", "negotiateTLS_NULL_WITH_NULL_NULL" ]
  },
  "TestId" : "5246-eFjEfmd5DJ",
  "TestCases" : [ ],
  "Result" : "STRICTLY_SUCCEEDED",
  "DisabledReason" : null,
  "FailedReason" : null,
  "ElapsedTime" : 0,
  "FailureInducingCombinations" : null,
  "Score" : {
    "Security" : 100.0,
    "Interoperability" : 100.0,
    "Handshake" : 100.0
  },
  "HasStateWithAdditionalResultInformation" : false,
  "HasVaryingAdditionalResultInformation" : false,
  "TestMethod" : "negotiateTLS_NULL_WITH_NULL_NULL",
  "TestClass" : "de.rub.nds.tlstest.suite.tests.both.tls12.rfc5246.A5CipherSuite",
  "CaseCount" : 0
}