{
  "metadata" : {
    "description" : "This document cannot enumerate all possible safe local policy (the safest may be to simply reject all custom groups), but compatible clients that accept some custom groups from the server MUST do at least cursory checks on group size and may take other properties into consideration as well. [...]A compatible client that accepts FFDHE cipher suites using custom groups from non-compatible servers MUST reject any group with |dh_p| < 768 bits",
    "severityLevels" : {
      "Crypto" : 60,
      "Security" : 100,
      "Handshake" : 100,
      "Interoperability" : 100
    },
    "rfc" : {
      "number" : 7919,
      "section" : "3. Client Behavior"
    },
    "tags" : [ "client", "tls12", "rfc7919", "FfDheShare", "performsRequiredSecurityCheck" ]
  },
  "TestId" : "7919-64FAvRFA4A",
  "TestCases" : [ ],
  "Result" : "DISABLED",
  "DisabledReason" : "TestEndpointMode doesn't match, skipping test.",
  "FailedReason" : null,
  "ElapsedTime" : 0,
  "FailureInducingCombinations" : null,
  "Score" : {
    "Crypto" : 100.0,
    "Security" : 100.0,
    "Interoperability" : 100.0,
    "Handshake" : 100.0
  },
  "HasStateWithAdditionalResultInformation" : false,
  "HasVaryingAdditionalResultInformation" : false,
  "TestMethod" : "performsRequiredSecurityCheck",
  "TestClass" : "de.rub.nds.tlstest.suite.tests.client.tls12.rfc7919.FfDheShare",
  "CaseCount" : 0
}