{
  "metadata" : {
    "description" : "If the server chooses to accept the \"early_data\" extension, then it MUST comply with the same error-handling requirements specified for all records when processing early data records.  Specifically, if the server fails to decrypt a 0-RTT record following an accepted \"early_data\" extension, it MUST terminate the connection with a \"bad_record_mac\" alert as per Section 5.2.",
    "severityLevels" : {
      "Crypto" : 80,
      "Security" : 100,
      "RecordLayer" : 100,
      "Interoperability" : 80,
      "Alert" : 60
    },
    "rfc" : {
      "number" : 8446,
      "section" : "4.2.10 Early Data Indication"
    },
    "tags" : [ "server", "tls13", "rfc8446", "EarlyData", "invalidCiphertext" ]
  },
  "TestId" : "8446-LSEXdVf1sN",
  "TestCases" : [ ],
  "Result" : "DISABLED",
  "DisabledReason" : "public void de.rub.nds.tlstest.suite.tests.server.tls13.rfc8446.EarlyData.invalidCiphertext(org.junit.jupiter.params.aggregator.ArgumentsAccessor,de.rub.nds.tlstest.framework.execution.WorkflowRunner) is @Disabled",
  "FailedReason" : null,
  "ElapsedTime" : 0,
  "FailureInducingCombinations" : null,
  "Score" : {
    "Crypto" : 100.0,
    "Alert" : 100.0,
    "Security" : 100.0,
    "RecordLayer" : 100.0,
    "Interoperability" : 100.0
  },
  "HasStateWithAdditionalResultInformation" : false,
  "HasVaryingAdditionalResultInformation" : false,
  "TestMethod" : "invalidCiphertext",
  "TestClass" : "de.rub.nds.tlstest.suite.tests.server.tls13.rfc8446.EarlyData",
  "CaseCount" : 0
}