{
  "metadata" : {
    "description" : "When sending the new ClientHello, the client MUST copy the contents of the extension received in the HelloRetryRequest into a \"cookie\" extension in the new ClientHello.",
    "severityLevels" : {
      "Handshake" : 80,
      "Interoperability" : 80
    },
    "rfc" : {
      "number" : 8446,
      "section" : "4.1.4 Hello Retry Request"
    },
    "tags" : [ "client", "tls13", "rfc8446", "HelloRetryRequest", "copiesCookieValue" ]
  },
  "TestId" : "8446-2v6S87AwgY",
  "TestCases" : [ ],
  "Result" : "DISABLED",
  "DisabledReason" : "TestEndpointMode doesn't match, skipping test.",
  "FailedReason" : null,
  "ElapsedTime" : 0,
  "FailureInducingCombinations" : null,
  "Score" : {
    "Interoperability" : 100.0,
    "Handshake" : 100.0
  },
  "HasStateWithAdditionalResultInformation" : false,
  "HasVaryingAdditionalResultInformation" : false,
  "TestMethod" : "copiesCookieValue",
  "TestClass" : "de.rub.nds.tlstest.suite.tests.client.tls13.rfc8446.HelloRetryRequest",
  "CaseCount" : 0
}