{
  "metadata" : {
    "description" : "The \"supported_versions\" extension is used by the client to indicate which versions of TLS it supports and by the server to indicate which version it is using.  The extension contains a list of supported versions in preference order, with the most preferred version first. [...]If the version chosen by the server is not supported by the client (or is not acceptable), the client MUST abort the handshake with a \"protocol_version\" alert.",
    "severityLevels" : {
      "Security" : 80,
      "Handshake" : 60,
      "Interoperability" : 80,
      "Alert" : 40
    },
    "rfc" : {
      "number" : 8446,
      "section" : "4.2.1 Supported Versions"
    },
    "tags" : [ "client", "tls13", "rfc8446", "SupportedVersions", "legacyNegotiateUndefinedProtocolVersion" ]
  },
  "TestId" : "8446-eNP4DYhWjk",
  "TestCases" : [ ],
  "Result" : "DISABLED",
  "DisabledReason" : "TestEndpointMode doesn't match, skipping test.",
  "FailedReason" : null,
  "ElapsedTime" : 0,
  "FailureInducingCombinations" : null,
  "Score" : {
    "Alert" : 100.0,
    "Security" : 100.0,
    "Interoperability" : 100.0,
    "Handshake" : 100.0
  },
  "HasStateWithAdditionalResultInformation" : false,
  "HasVaryingAdditionalResultInformation" : false,
  "TestMethod" : "legacyNegotiateUndefinedProtocolVersion",
  "TestClass" : "de.rub.nds.tlstest.suite.tests.client.tls13.rfc8446.SupportedVersions",
  "CaseCount" : 0
}