{
  "metadata" : {
    "description" : "The server MUST NOT send a \"psk_key_exchange_modes\" extension.",
    "severityLevels" : {
      "Handshake" : 60,
      "Interoperability" : 80,
      "Alert" : 40
    },
    "rfc" : {
      "number" : 8446,
      "section" : "4.2.9 Pre-Shared Key Exchane Modes"
    },
    "tags" : [ "client", "tls13", "rfc8446", "PreSharedKeyExchangeModes", "sendPSKModeExtension" ]
  },
  "TestId" : "8446-t4AtKzmU9J",
  "TestCases" : [ ],
  "Result" : "DISABLED",
  "DisabledReason" : "TestEndpointMode doesn't match, skipping test.",
  "FailedReason" : null,
  "ElapsedTime" : 0,
  "FailureInducingCombinations" : null,
  "Score" : {
    "Alert" : 100.0,
    "Interoperability" : 100.0,
    "Handshake" : 100.0
  },
  "HasStateWithAdditionalResultInformation" : false,
  "HasVaryingAdditionalResultInformation" : false,
  "TestMethod" : "sendPSKModeExtension",
  "TestClass" : "de.rub.nds.tlstest.suite.tests.client.tls13.rfc8446.PreSharedKeyExchangeModes",
  "CaseCount" : 0
}