{
  "metadata" : {
    "description" : "The SHA-1 algorithm MUST NOT be used in any signatures of CertificateVerify messages. All SHA-1 signature algorithms in this specification are defined solely for use in legacy certificates and are not valid for CertificateVerify signatures.",
    "severityLevels" : {
      "Crypto" : 60,
      "DeprecatedFeature" : 60,
      "Security" : 60,
      "Certificate" : 60,
      "Interoperability" : 80,
      "Alert" : 40
    },
    "rfc" : {
      "number" : 8446,
      "section" : "4.4.3. Certificate Verify"
    },
    "tags" : [ "client", "tls13", "rfc8446", "CertificateVerify", "selectLegacyECDSASignatureAlgorithm" ]
  },
  "TestId" : "8446-LNoEKntfip",
  "TestCases" : [ ],
  "Result" : "DISABLED",
  "DisabledReason" : "TestEndpointMode doesn't match, skipping test.",
  "FailedReason" : null,
  "ElapsedTime" : 0,
  "FailureInducingCombinations" : null,
  "Score" : {
    "Crypto" : 100.0,
    "DeprecatedFeature" : 100.0,
    "Alert" : 100.0,
    "Security" : 100.0,
    "Interoperability" : 100.0,
    "Certificate" : 100.0
  },
  "HasStateWithAdditionalResultInformation" : false,
  "HasVaryingAdditionalResultInformation" : false,
  "TestMethod" : "selectLegacyECDSASignatureAlgorithm",
  "TestClass" : "de.rub.nds.tlstest.suite.tests.client.tls13.rfc8446.CertificateVerify",
  "CaseCount" : 0
}