{
  "metadata" : {
    "description" : "Send an ALPN Extension in the Hello Message with a modified protocols list length value",
    "severityLevels" : {
      "MessageStructure" : 60,
      "Handshake" : 60,
      "Alert" : 40
    },
    "rfc" : null,
    "tags" : [ "both", "lengthfield", "extensions", "ALPNExtension", "alpnProposedAlpnProtocolsLengthTLS12" ]
  },
  "TestId" : "XLF-3D5DbZQNVB",
  "TestCases" : [ ],
  "Result" : "DISABLED",
  "DisabledReason" : "Target is not a server and did not include the required Extension in Client Hello",
  "FailedReason" : null,
  "ElapsedTime" : 0,
  "FailureInducingCombinations" : null,
  "Score" : {
    "MessageStructure" : 100.0,
    "Alert" : 100.0,
    "Handshake" : 100.0
  },
  "HasStateWithAdditionalResultInformation" : false,
  "HasVaryingAdditionalResultInformation" : false,
  "TestMethod" : "alpnProposedAlpnProtocolsLengthTLS12",
  "TestClass" : "de.rub.nds.tlstest.suite.tests.both.lengthfield.extensions.ALPNExtension",
  "CaseCount" : 0
}