{
  "metadata" : {
    "description" : "If a client receives an extension type in ServerHello that it did not request in the associated ClientHello, it MUST abort the handshake with an unsupported_extension fatal alert.",
    "severityLevels" : {
      "Handshake" : 80,
      "Interoperability" : 60,
      "Alert" : 60
    },
    "rfc" : {
      "number" : 5246,
      "section" : "7.4.1.4. Hello Extensions"
    },
    "tags" : [ "client", "tls12", "rfc5246", "ServerHello", "sendAdditionalExtension" ]
  },
  "TestId" : "5246-YnrTYxwh4n",
  "TestCases" : [ ],
  "Result" : "DISABLED",
  "DisabledReason" : "TestEndpointMode doesn't match, skipping test.",
  "FailedReason" : null,
  "ElapsedTime" : 0,
  "FailureInducingCombinations" : null,
  "Score" : {
    "Alert" : 100.0,
    "Interoperability" : 100.0,
    "Handshake" : 100.0
  },
  "HasStateWithAdditionalResultInformation" : false,
  "HasVaryingAdditionalResultInformation" : false,
  "TestMethod" : "sendAdditionalExtension",
  "TestClass" : "de.rub.nds.tlstest.suite.tests.client.tls12.rfc5246.ServerHello",
  "CaseCount" : 0
}