{
  "metadata" : {
    "description" : "Send a Key Share Extension in the Hello Message with a modified length value (-1)",
    "severityLevels" : {
      "MessageStructure" : 60,
      "Handshake" : 60,
      "Alert" : 40
    },
    "rfc" : null,
    "tags" : [ "both", "lengthfield", "extensions", "KeyShareExtension", "keyShareExtensionLength" ]
  },
  "TestId" : "XLF-YEP4C4ruSR",
  "TestCases" : [ {
    "Result" : "STRICTLY_SUCCEEDED",
    "DisplayName" : "[1] Combination{INCLUDE_ALPN_EXTENSION=INCLUDE_ALPN_EXTENSION = true, RECORD_LENGTH=RECORD_LENGTH = 50, MAX_FRAGMENT_LENGTH=MAX_FRAGMENT_LENGTH = TWO_9, INCLUDE_HEARTBEAT_EXTENSION=INCLUDE_HEARTBEAT_EXTENSION = true, INCLUDE_EXTENDED_MASTER_SECRET_EXTENSION=INCLUDE_EXTENDED_MASTER_SECRET_EXTENSION = true, TCP_FRAGMENTATION=TCP_FRAGMENTATION = false, INCLUDE_RENEGOTIATION_EXTENSION=INCLUDE_RENEGOTIATION_EXTENSION = true, INCLUDE_GREASE_SIG_HASH_ALGORITHMS=INCLUDE_GREASE_SIG_HASH_ALGORITHMS = true, INCLUDE_ENCRYPT_THEN_MAC_EXTENSION=INCLUDE_ENCRYPT_THEN_MAC_EXTENSION = true, NAMED_GROUP=NAMED_GROUP = ECDH_X25519, INCLUDE_PSK_EXCHANGE_MODES_EXTENSION=INCLUDE_PSK_EXCHANGE_MODES_EXTENSION = true, INCLUDE_SESSION_TICKET_EXTENSION=INCLUDE_SESSION_TICKET_EXTENSION = true, INCLUDE_GREASE_CIPHER_SUITES=INCLUDE_GREASE_CIPHER_SUITES = true, CIPHER_SUITE=CIPHER_SUITE = TLS_AES_128_GCM_SHA256, INCLUDE_GREASE_NAMED_GROUPS=INCLUDE_GREASE_NAMED_GROUPS = true, INCLUDE_CHANGE_CIPHER_SPEC=INCLUDE_CHANGE_CIPHER_SPEC = true, INCLUDE_PADDING_EXTENSION=INCLUDE_PADDING_EXTENSION = true}",
    "ParameterCombination" : {
      "INCLUDE_HEARTBEAT_EXTENSION" : true,
      "INCLUDE_PSK_EXCHANGE_MODES_EXTENSION" : true,
      "CIPHER_SUITE" : "TLS_AES_128_GCM_SHA256",
      "INCLUDE_EXTENDED_MASTER_SECRET_EXTENSION" : true,
      "INCLUDE_PADDING_EXTENSION" : true,
      "INCLUDE_GREASE_NAMED_GROUPS" : true,
      "INCLUDE_GREASE_CIPHER_SUITES" : true,
      "INCLUDE_RENEGOTIATION_EXTENSION" : true,
      "NAMED_GROUP" : "ECDH_X25519",
      "TCP_FRAGMENTATION" : false,
      "INCLUDE_ENCRYPT_THEN_MAC_EXTENSION" : true,
      "INCLUDE_ALPN_EXTENSION" : true,
      "INCLUDE_GREASE_SIG_HASH_ALGORITHMS" : true,
      "INCLUDE_CHANGE_CIPHER_SPEC" : true,
      "INCLUDE_SESSION_TICKET_EXTENSION" : true,
      "RECORD_LENGTH" : 50,
      "MAX_FRAGMENT_LENGTH" : "TWO_9"
    },
    "AdditionalResultInformation" : null,
    "AdditionalTestInformation" : null,
    "SrcPort" : 17004,
    "DstPort" : 8443,
    "StartTimestamp" : "2023-12-12T12:02:40.257Z",
    "EndTimestamp" : "2023-12-12T12:02:40.260Z",
    "Stacktrace" : null,
    "uuid" : "447EA35E1E1D9ABBBECD2BF3243C02B86A93A8B48FDD3D07FEE61AB569D483F4"
  }, {
    "Result" : "STRICTLY_SUCCEEDED",
    "DisplayName" : "[2] Combination{INCLUDE_ALPN_EXTENSION=INCLUDE_ALPN_EXTENSION = false, RECORD_LENGTH=RECORD_LENGTH = 111, MAX_FRAGMENT_LENGTH=MAX_FRAGMENT_LENGTH = TWO_10, INCLUDE_HEARTBEAT_EXTENSION=INCLUDE_HEARTBEAT_EXTENSION = false, INCLUDE_EXTENDED_MASTER_SECRET_EXTENSION=INCLUDE_EXTENDED_MASTER_SECRET_EXTENSION = false, TCP_FRAGMENTATION=TCP_FRAGMENTATION = true, INCLUDE_RENEGOTIATION_EXTENSION=INCLUDE_RENEGOTIATION_EXTENSION = false, INCLUDE_GREASE_SIG_HASH_ALGORITHMS=INCLUDE_GREASE_SIG_HASH_ALGORITHMS = false, INCLUDE_ENCRYPT_THEN_MAC_EXTENSION=INCLUDE_ENCRYPT_THEN_MAC_EXTENSION = false, NAMED_GROUP=NAMED_GROUP = SECP521R1, INCLUDE_PSK_EXCHANGE_MODES_EXTENSION=INCLUDE_PSK_EXCHANGE_MODES_EXTENSION = false, INCLUDE_SESSION_TICKET_EXTENSION=INCLUDE_SESSION_TICKET_EXTENSION = false, INCLUDE_GREASE_CIPHER_SUITES=INCLUDE_GREASE_CIPHER_SUITES = false, CIPHER_SUITE=CIPHER_SUITE = TLS_AES_256_GCM_SHA384, INCLUDE_GREASE_NAMED_GROUPS=INCLUDE_GREASE_NAMED_GROUPS = false, INCLUDE_CHANGE_CIPHER_SPEC=INCLUDE_CHANGE_CIPHER_SPEC = false, INCLUDE_PADDING_EXTENSION=INCLUDE_PADDING_EXTENSION = false}",
    "ParameterCombination" : {
      "INCLUDE_HEARTBEAT_EXTENSION" : false,
      "INCLUDE_PSK_EXCHANGE_MODES_EXTENSION" : false,
      "CIPHER_SUITE" : "TLS_AES_256_GCM_SHA384",
      "INCLUDE_EXTENDED_MASTER_SECRET_EXTENSION" : false,
      "INCLUDE_PADDING_EXTENSION" : false,
      "INCLUDE_GREASE_NAMED_GROUPS" : false,
      "INCLUDE_GREASE_CIPHER_SUITES" : false,
      "INCLUDE_RENEGOTIATION_EXTENSION" : false,
      "NAMED_GROUP" : "SECP521R1",
      "TCP_FRAGMENTATION" : true,
      "INCLUDE_ENCRYPT_THEN_MAC_EXTENSION" : false,
      "INCLUDE_ALPN_EXTENSION" : false,
      "INCLUDE_GREASE_SIG_HASH_ALGORITHMS" : false,
      "INCLUDE_CHANGE_CIPHER_SPEC" : false,
      "INCLUDE_SESSION_TICKET_EXTENSION" : false,
      "RECORD_LENGTH" : 111,
      "MAX_FRAGMENT_LENGTH" : "TWO_10"
    },
    "AdditionalResultInformation" : null,
    "AdditionalTestInformation" : null,
    "SrcPort" : 17005,
    "DstPort" : 8443,
    "StartTimestamp" : "2023-12-12T12:02:40.304Z",
    "EndTimestamp" : "2023-12-12T12:02:40.354Z",
    "Stacktrace" : null,
    "uuid" : "8491D286475D6E007D111E5A3ED626BDE719D51FDBC362E1952543AAFE3F3EAC"
  }, {
    "Result" : "STRICTLY_SUCCEEDED",
    "DisplayName" : "[3] Combination{INCLUDE_ALPN_EXTENSION=INCLUDE_ALPN_EXTENSION = true, RECORD_LENGTH=RECORD_LENGTH = 1, MAX_FRAGMENT_LENGTH=MAX_FRAGMENT_LENGTH = TWO_11, INCLUDE_HEARTBEAT_EXTENSION=INCLUDE_HEARTBEAT_EXTENSION = true, INCLUDE_EXTENDED_MASTER_SECRET_EXTENSION=INCLUDE_EXTENDED_MASTER_SECRET_EXTENSION = true, TCP_FRAGMENTATION=TCP_FRAGMENTATION = false, INCLUDE_RENEGOTIATION_EXTENSION=INCLUDE_RENEGOTIATION_EXTENSION = true, INCLUDE_GREASE_SIG_HASH_ALGORITHMS=INCLUDE_GREASE_SIG_HASH_ALGORITHMS = true, INCLUDE_ENCRYPT_THEN_MAC_EXTENSION=INCLUDE_ENCRYPT_THEN_MAC_EXTENSION = true, NAMED_GROUP=NAMED_GROUP = SECP256R1, INCLUDE_PSK_EXCHANGE_MODES_EXTENSION=INCLUDE_PSK_EXCHANGE_MODES_EXTENSION = true, INCLUDE_SESSION_TICKET_EXTENSION=INCLUDE_SESSION_TICKET_EXTENSION = true, INCLUDE_GREASE_CIPHER_SUITES=INCLUDE_GREASE_CIPHER_SUITES = true, CIPHER_SUITE=CIPHER_SUITE = TLS_CHACHA20_POLY1305_SHA256, INCLUDE_GREASE_NAMED_GROUPS=INCLUDE_GREASE_NAMED_GROUPS = true, INCLUDE_CHANGE_CIPHER_SPEC=INCLUDE_CHANGE_CIPHER_SPEC = true, INCLUDE_PADDING_EXTENSION=INCLUDE_PADDING_EXTENSION = true}",
    "ParameterCombination" : {
      "INCLUDE_HEARTBEAT_EXTENSION" : true,
      "INCLUDE_PSK_EXCHANGE_MODES_EXTENSION" : true,
      "CIPHER_SUITE" : "TLS_CHACHA20_POLY1305_SHA256",
      "INCLUDE_EXTENDED_MASTER_SECRET_EXTENSION" : true,
      "INCLUDE_PADDING_EXTENSION" : true,
      "INCLUDE_GREASE_NAMED_GROUPS" : true,
      "INCLUDE_GREASE_CIPHER_SUITES" : true,
      "INCLUDE_RENEGOTIATION_EXTENSION" : true,
      "NAMED_GROUP" : "SECP256R1",
      "TCP_FRAGMENTATION" : false,
      "INCLUDE_ENCRYPT_THEN_MAC_EXTENSION" : true,
      "INCLUDE_ALPN_EXTENSION" : true,
      "INCLUDE_GREASE_SIG_HASH_ALGORITHMS" : true,
      "INCLUDE_CHANGE_CIPHER_SPEC" : true,
      "INCLUDE_SESSION_TICKET_EXTENSION" : true,
      "RECORD_LENGTH" : 1,
      "MAX_FRAGMENT_LENGTH" : "TWO_11"
    },
    "AdditionalResultInformation" : null,
    "AdditionalTestInformation" : null,
    "SrcPort" : 17006,
    "DstPort" : 8443,
    "StartTimestamp" : "2023-12-12T12:02:40.396Z",
    "EndTimestamp" : "2023-12-12T12:02:40.398Z",
    "Stacktrace" : null,
    "uuid" : "F1B470445C1B36610A03F0D1F991D69B9C3DF93C04B43E143C859AF6F0B66663"
  }, {
    "Result" : "STRICTLY_SUCCEEDED",
    "DisplayName" : "[4] Combination{INCLUDE_ALPN_EXTENSION=INCLUDE_ALPN_EXTENSION = true, RECORD_LENGTH=RECORD_LENGTH = 16384, MAX_FRAGMENT_LENGTH=MAX_FRAGMENT_LENGTH = TWO_12, INCLUDE_HEARTBEAT_EXTENSION=INCLUDE_HEARTBEAT_EXTENSION = true, INCLUDE_EXTENDED_MASTER_SECRET_EXTENSION=INCLUDE_EXTENDED_MASTER_SECRET_EXTENSION = true, TCP_FRAGMENTATION=TCP_FRAGMENTATION = false, INCLUDE_RENEGOTIATION_EXTENSION=INCLUDE_RENEGOTIATION_EXTENSION = true, INCLUDE_GREASE_SIG_HASH_ALGORITHMS=INCLUDE_GREASE_SIG_HASH_ALGORITHMS = true, INCLUDE_ENCRYPT_THEN_MAC_EXTENSION=INCLUDE_ENCRYPT_THEN_MAC_EXTENSION = true, NAMED_GROUP=NAMED_GROUP = SECP384R1, INCLUDE_PSK_EXCHANGE_MODES_EXTENSION=INCLUDE_PSK_EXCHANGE_MODES_EXTENSION = true, INCLUDE_SESSION_TICKET_EXTENSION=INCLUDE_SESSION_TICKET_EXTENSION = true, INCLUDE_GREASE_CIPHER_SUITES=INCLUDE_GREASE_CIPHER_SUITES = true, CIPHER_SUITE=CIPHER_SUITE = TLS_AES_128_GCM_SHA256, INCLUDE_GREASE_NAMED_GROUPS=INCLUDE_GREASE_NAMED_GROUPS = true, INCLUDE_CHANGE_CIPHER_SPEC=INCLUDE_CHANGE_CIPHER_SPEC = true, INCLUDE_PADDING_EXTENSION=INCLUDE_PADDING_EXTENSION = true}",
    "ParameterCombination" : {
      "INCLUDE_HEARTBEAT_EXTENSION" : true,
      "INCLUDE_PSK_EXCHANGE_MODES_EXTENSION" : true,
      "CIPHER_SUITE" : "TLS_AES_128_GCM_SHA256",
      "INCLUDE_EXTENDED_MASTER_SECRET_EXTENSION" : true,
      "INCLUDE_PADDING_EXTENSION" : true,
      "INCLUDE_GREASE_NAMED_GROUPS" : true,
      "INCLUDE_GREASE_CIPHER_SUITES" : true,
      "INCLUDE_RENEGOTIATION_EXTENSION" : true,
      "NAMED_GROUP" : "SECP384R1",
      "TCP_FRAGMENTATION" : false,
      "INCLUDE_ENCRYPT_THEN_MAC_EXTENSION" : true,
      "INCLUDE_ALPN_EXTENSION" : true,
      "INCLUDE_GREASE_SIG_HASH_ALGORITHMS" : true,
      "INCLUDE_CHANGE_CIPHER_SPEC" : true,
      "INCLUDE_SESSION_TICKET_EXTENSION" : true,
      "RECORD_LENGTH" : 16384,
      "MAX_FRAGMENT_LENGTH" : "TWO_12"
    },
    "AdditionalResultInformation" : null,
    "AdditionalTestInformation" : null,
    "SrcPort" : 17007,
    "DstPort" : 8443,
    "StartTimestamp" : "2023-12-12T12:02:40.449Z",
    "EndTimestamp" : "2023-12-12T12:02:40.451Z",
    "Stacktrace" : null,
    "uuid" : "E40304BB5C5D65DB7CBE57B8CCA2882CDA980B7CB945997390FE14391C137980"
  }, {
    "Result" : "STRICTLY_SUCCEEDED",
    "DisplayName" : "[5] Combination{INCLUDE_ALPN_EXTENSION=INCLUDE_ALPN_EXTENSION = true, RECORD_LENGTH=RECORD_LENGTH = 50, MAX_FRAGMENT_LENGTH=MAX_FRAGMENT_LENGTH = null, INCLUDE_HEARTBEAT_EXTENSION=INCLUDE_HEARTBEAT_EXTENSION = true, INCLUDE_EXTENDED_MASTER_SECRET_EXTENSION=INCLUDE_EXTENDED_MASTER_SECRET_EXTENSION = true, TCP_FRAGMENTATION=TCP_FRAGMENTATION = false, INCLUDE_RENEGOTIATION_EXTENSION=INCLUDE_RENEGOTIATION_EXTENSION = true, INCLUDE_GREASE_SIG_HASH_ALGORITHMS=INCLUDE_GREASE_SIG_HASH_ALGORITHMS = true, INCLUDE_ENCRYPT_THEN_MAC_EXTENSION=INCLUDE_ENCRYPT_THEN_MAC_EXTENSION = true, NAMED_GROUP=NAMED_GROUP = ECDH_X448, INCLUDE_PSK_EXCHANGE_MODES_EXTENSION=INCLUDE_PSK_EXCHANGE_MODES_EXTENSION = true, INCLUDE_SESSION_TICKET_EXTENSION=INCLUDE_SESSION_TICKET_EXTENSION = true, INCLUDE_GREASE_CIPHER_SUITES=INCLUDE_GREASE_CIPHER_SUITES = true, CIPHER_SUITE=CIPHER_SUITE = TLS_AES_128_GCM_SHA256, INCLUDE_GREASE_NAMED_GROUPS=INCLUDE_GREASE_NAMED_GROUPS = true, INCLUDE_CHANGE_CIPHER_SPEC=INCLUDE_CHANGE_CIPHER_SPEC = true, INCLUDE_PADDING_EXTENSION=INCLUDE_PADDING_EXTENSION = true}",
    "ParameterCombination" : {
      "INCLUDE_HEARTBEAT_EXTENSION" : true,
      "INCLUDE_PSK_EXCHANGE_MODES_EXTENSION" : true,
      "CIPHER_SUITE" : "TLS_AES_128_GCM_SHA256",
      "INCLUDE_EXTENDED_MASTER_SECRET_EXTENSION" : true,
      "INCLUDE_PADDING_EXTENSION" : true,
      "INCLUDE_GREASE_NAMED_GROUPS" : true,
      "INCLUDE_GREASE_CIPHER_SUITES" : true,
      "INCLUDE_RENEGOTIATION_EXTENSION" : true,
      "NAMED_GROUP" : "ECDH_X448",
      "TCP_FRAGMENTATION" : false,
      "INCLUDE_ENCRYPT_THEN_MAC_EXTENSION" : true,
      "INCLUDE_ALPN_EXTENSION" : true,
      "INCLUDE_GREASE_SIG_HASH_ALGORITHMS" : true,
      "INCLUDE_CHANGE_CIPHER_SPEC" : true,
      "INCLUDE_SESSION_TICKET_EXTENSION" : true,
      "RECORD_LENGTH" : 50,
      "MAX_FRAGMENT_LENGTH" : null
    },
    "AdditionalResultInformation" : null,
    "AdditionalTestInformation" : null,
    "SrcPort" : 17008,
    "DstPort" : 8443,
    "StartTimestamp" : "2023-12-12T12:02:40.495Z",
    "EndTimestamp" : "2023-12-12T12:02:40.498Z",
    "Stacktrace" : null,
    "uuid" : "6185BEEE08A9CD8E7521D94572ECECF7E92CF3CA567044092630DE298C82D6CB"
  } ],
  "Result" : "STRICTLY_SUCCEEDED",
  "DisabledReason" : null,
  "FailedReason" : null,
  "ElapsedTime" : 0,
  "FailureInducingCombinations" : null,
  "Score" : {
    "MessageStructure" : 100.0,
    "Alert" : 100.0,
    "Handshake" : 100.0
  },
  "HasStateWithAdditionalResultInformation" : false,
  "HasVaryingAdditionalResultInformation" : false,
  "TestMethod" : "keyShareExtensionLength",
  "TestClass" : "de.rub.nds.tlstest.suite.tests.both.lengthfield.extensions.KeyShareExtension",
  "CaseCount" : 5
}