{
  "metadata" : {
    "description" : "Upon receiving a KeyUpdate, the receiver MUST update its receiving keys.",
    "severityLevels" : {
      "RecordLayer" : 80,
      "Interoperability" : 80
    },
    "rfc" : {
      "number" : 8446,
      "section" : "4.6.3.  Key and Initialization Vector Update"
    },
    "tags" : [ "both", "tls13", "rfc8446", "KeyUpdate", "appDataUnderNewKeysSucceeds" ]
  },
  "TestId" : "8446-fFh7mHrXow",
  "TestCases" : [ {
    "Result" : "FULLY_FAILED",
    "DisplayName" : "[1] Combination{INCLUDE_ALPN_EXTENSION=INCLUDE_ALPN_EXTENSION = true, RECORD_LENGTH=RECORD_LENGTH = 50, MAX_FRAGMENT_LENGTH=MAX_FRAGMENT_LENGTH = TWO_9, INCLUDE_HEARTBEAT_EXTENSION=INCLUDE_HEARTBEAT_EXTENSION = true, INCLUDE_EXTENDED_MASTER_SECRET_EXTENSION=INCLUDE_EXTENDED_MASTER_SECRET_EXTENSION = true, TCP_FRAGMENTATION=TCP_FRAGMENTATION = false, INCLUDE_RENEGOTIATION_EXTENSION=INCLUDE_RENEGOTIATION_EXTENSION = true, INCLUDE_GREASE_SIG_HASH_ALGORITHMS=INCLUDE_GREASE_SIG_HASH_ALGORITHMS = true, INCLUDE_ENCRYPT_THEN_MAC_EXTENSION=INCLUDE_ENCRYPT_THEN_MAC_EXTENSION = true, NAMED_GROUP=NAMED_GROUP = ECDH_X25519, INCLUDE_PSK_EXCHANGE_MODES_EXTENSION=INCLUDE_PSK_EXCHANGE_MODES_EXTENSION = true, INCLUDE_SESSION_TICKET_EXTENSION=INCLUDE_SESSION_TICKET_EXTENSION = true, INCLUDE_GREASE_CIPHER_SUITES=INCLUDE_GREASE_CIPHER_SUITES = true, CIPHER_SUITE=CIPHER_SUITE = TLS_AES_128_GCM_SHA256, INCLUDE_GREASE_NAMED_GROUPS=INCLUDE_GREASE_NAMED_GROUPS = true, INCLUDE_CHANGE_CIPHER_SPEC=INCLUDE_CHANGE_CIPHER_SPEC = true, INCLUDE_PADDING_EXTENSION=INCLUDE_PADDING_EXTENSION = true}",
    "ParameterCombination" : {
      "INCLUDE_HEARTBEAT_EXTENSION" : true,
      "INCLUDE_PSK_EXCHANGE_MODES_EXTENSION" : true,
      "CIPHER_SUITE" : "TLS_AES_128_GCM_SHA256",
      "INCLUDE_EXTENDED_MASTER_SECRET_EXTENSION" : true,
      "INCLUDE_PADDING_EXTENSION" : true,
      "INCLUDE_GREASE_NAMED_GROUPS" : true,
      "INCLUDE_GREASE_CIPHER_SUITES" : true,
      "INCLUDE_RENEGOTIATION_EXTENSION" : true,
      "NAMED_GROUP" : "ECDH_X25519",
      "TCP_FRAGMENTATION" : false,
      "INCLUDE_ENCRYPT_THEN_MAC_EXTENSION" : true,
      "INCLUDE_ALPN_EXTENSION" : true,
      "INCLUDE_GREASE_SIG_HASH_ALGORITHMS" : true,
      "INCLUDE_CHANGE_CIPHER_SPEC" : true,
      "INCLUDE_SESSION_TICKET_EXTENSION" : true,
      "RECORD_LENGTH" : 50,
      "MAX_FRAGMENT_LENGTH" : "TWO_9"
    },
    "AdditionalResultInformation" : null,
    "AdditionalTestInformation" : null,
    "SrcPort" : 15663,
    "DstPort" : 8443,
    "StartTimestamp" : "2023-12-12T11:59:35.147Z",
    "EndTimestamp" : "2023-12-12T11:59:35.983Z",
    "Stacktrace" : "java.lang.AssertionError: Did not receive a KeyUpdate in response\r\n\tat org.junit.Assert.fail(Assert.java:89)\r\n\tat org.junit.Assert.assertTrue(Assert.java:42)\r\n\tat de.rub.nds.tlstest.suite.tests.both.tls13.rfc8446.KeyUpdate.lambda$appDataUnderNewKeysSucceeds$3(KeyUpdate.java:134)\r\n\tat de.rub.nds.tlstest.framework.anvil.TlsTestCase.validateFinal(TlsTestCase.java:50)\r\n\tat de.rub.nds.tlstest.suite.tests.both.tls13.rfc8446.KeyUpdate.appDataUnderNewKeysSucceeds(KeyUpdate.java:131)\r\n\tat java.base/java.lang.reflect.Method.invoke(Method.java:566)\r\n\tat de.rub.nds.anvilcore.execution.PcapCapturingInvocationInterceptor.interceptTestTemplateMethod(PcapCapturingInvocationInterceptor.java:48)\r\n\tat java.base/java.util.stream.ForEachOps$ForEachOp$OfRef.accept(ForEachOps.java:183)\r\n\tat java.base/java.util.stream.ReferencePipeline$3$1.accept(ReferencePipeline.java:195)\r\n\tat java.base/java.util.stream.ReferencePipeline$2$1.accept(ReferencePipeline.java:177)\r\n\tat java.base/java.util.stream.ReferencePipeline$3$1.accept(ReferencePipeline.java:195)\r\n\tat java.base/java.util.stream.ForEachOps$ForEachOp$OfRef.accept(ForEachOps.java:183)\r\n\tat java.base/java.util.stream.ReferencePipeline$3$1.accept(ReferencePipeline.java:195)\r\n\tat java.base/java.util.Iterator.forEachRemaining(Iterator.java:133)\r\n\tat java.base/java.util.Spliterators$IteratorSpliterator.forEachRemaining(Spliterators.java:1801)\r\n\tat java.base/java.util.stream.AbstractPipeline.copyInto(AbstractPipeline.java:484)\r\n\tat java.base/java.util.stream.AbstractPipeline.wrapAndCopyInto(AbstractPipeline.java:474)\r\n\tat java.base/java.util.stream.ForEachOps$ForEachOp.evaluateSequential(ForEachOps.java:150)\r\n\tat java.base/java.util.stream.ForEachOps$ForEachOp$OfRef.evaluateSequential(ForEachOps.java:173)\r\n\tat java.base/java.util.stream.AbstractPipeline.evaluate(AbstractPipeline.java:234)\r\n\tat java.base/java.util.stream.ReferencePipeline.forEach(ReferencePipeline.java:497)\r\n\tat java.base/java.util.stream.ReferencePipeline$7$1.accept(ReferencePipeline.java:274)\r\n\tat java.base/java.util.ArrayList$ArrayListSpliterator.forEachRemaining(ArrayList.java:1655)\r\n\tat java.base/java.util.stream.AbstractPipeline.copyInto(AbstractPipeline.java:484)\r\n\tat java.base/java.util.stream.AbstractPipeline.wrapAndCopyInto(AbstractPipeline.java:474)\r\n\tat java.base/java.util.stream.ForEachOps$ForEachOp.evaluateSequential(ForEachOps.java:150)\r\n\tat java.base/java.util.stream.ForEachOps$ForEachOp$OfRef.evaluateSequential(ForEachOps.java:173)\r\n\tat java.base/java.util.stream.AbstractPipeline.evaluate(AbstractPipeline.java:234)\r\n\tat java.base/java.util.stream.ReferencePipeline.forEach(ReferencePipeline.java:497)\r\n\tat java.base/java.util.concurrent.RecursiveAction.exec(RecursiveAction.java:189)\r\n\tat java.base/java.util.concurrent.ForkJoinTask.doExec(ForkJoinTask.java:290)\r\n\tat java.base/java.util.concurrent.ForkJoinPool$WorkQueue.topLevelExec(ForkJoinPool.java:1020)\r\n\tat java.base/java.util.concurrent.ForkJoinPool.scan(ForkJoinPool.java:1656)\r\n\tat java.base/java.util.concurrent.ForkJoinPool.runWorker(ForkJoinPool.java:1594)\r\n\tat java.base/java.util.concurrent.ForkJoinWorkerThread.run(ForkJoinWorkerThread.java:183)\r\n",
    "uuid" : "F0F53502336ABB3EB2E40244130A89AC965FF76E7149C34E793B40D1787BE308"
  }, {
    "Result" : "FULLY_FAILED",
    "DisplayName" : "[2] Combination{INCLUDE_ALPN_EXTENSION=INCLUDE_ALPN_EXTENSION = false, RECORD_LENGTH=RECORD_LENGTH = 111, MAX_FRAGMENT_LENGTH=MAX_FRAGMENT_LENGTH = TWO_10, INCLUDE_HEARTBEAT_EXTENSION=INCLUDE_HEARTBEAT_EXTENSION = false, INCLUDE_EXTENDED_MASTER_SECRET_EXTENSION=INCLUDE_EXTENDED_MASTER_SECRET_EXTENSION = false, TCP_FRAGMENTATION=TCP_FRAGMENTATION = true, INCLUDE_RENEGOTIATION_EXTENSION=INCLUDE_RENEGOTIATION_EXTENSION = false, INCLUDE_GREASE_SIG_HASH_ALGORITHMS=INCLUDE_GREASE_SIG_HASH_ALGORITHMS = false, INCLUDE_ENCRYPT_THEN_MAC_EXTENSION=INCLUDE_ENCRYPT_THEN_MAC_EXTENSION = false, NAMED_GROUP=NAMED_GROUP = SECP521R1, INCLUDE_PSK_EXCHANGE_MODES_EXTENSION=INCLUDE_PSK_EXCHANGE_MODES_EXTENSION = false, INCLUDE_SESSION_TICKET_EXTENSION=INCLUDE_SESSION_TICKET_EXTENSION = false, INCLUDE_GREASE_CIPHER_SUITES=INCLUDE_GREASE_CIPHER_SUITES = false, CIPHER_SUITE=CIPHER_SUITE = TLS_AES_256_GCM_SHA384, INCLUDE_GREASE_NAMED_GROUPS=INCLUDE_GREASE_NAMED_GROUPS = false, INCLUDE_CHANGE_CIPHER_SPEC=INCLUDE_CHANGE_CIPHER_SPEC = false, INCLUDE_PADDING_EXTENSION=INCLUDE_PADDING_EXTENSION = false}",
    "ParameterCombination" : {
      "INCLUDE_HEARTBEAT_EXTENSION" : false,
      "INCLUDE_PSK_EXCHANGE_MODES_EXTENSION" : false,
      "CIPHER_SUITE" : "TLS_AES_256_GCM_SHA384",
      "INCLUDE_EXTENDED_MASTER_SECRET_EXTENSION" : false,
      "INCLUDE_PADDING_EXTENSION" : false,
      "INCLUDE_GREASE_NAMED_GROUPS" : false,
      "INCLUDE_GREASE_CIPHER_SUITES" : false,
      "INCLUDE_RENEGOTIATION_EXTENSION" : false,
      "NAMED_GROUP" : "SECP521R1",
      "TCP_FRAGMENTATION" : true,
      "INCLUDE_ENCRYPT_THEN_MAC_EXTENSION" : false,
      "INCLUDE_ALPN_EXTENSION" : false,
      "INCLUDE_GREASE_SIG_HASH_ALGORITHMS" : false,
      "INCLUDE_CHANGE_CIPHER_SPEC" : false,
      "INCLUDE_SESSION_TICKET_EXTENSION" : false,
      "RECORD_LENGTH" : 111,
      "MAX_FRAGMENT_LENGTH" : "TWO_10"
    },
    "AdditionalResultInformation" : null,
    "AdditionalTestInformation" : null,
    "SrcPort" : 15665,
    "DstPort" : 8443,
    "StartTimestamp" : "2023-12-12T11:59:36.247Z",
    "EndTimestamp" : "2023-12-12T11:59:37.245Z",
    "Stacktrace" : "java.lang.AssertionError: Did not receive a KeyUpdate in response\r\n\tat org.junit.Assert.fail(Assert.java:89)\r\n\tat org.junit.Assert.assertTrue(Assert.java:42)\r\n\tat de.rub.nds.tlstest.suite.tests.both.tls13.rfc8446.KeyUpdate.lambda$appDataUnderNewKeysSucceeds$3(KeyUpdate.java:134)\r\n\tat de.rub.nds.tlstest.framework.anvil.TlsTestCase.validateFinal(TlsTestCase.java:50)\r\n\tat de.rub.nds.tlstest.suite.tests.both.tls13.rfc8446.KeyUpdate.appDataUnderNewKeysSucceeds(KeyUpdate.java:131)\r\n\tat java.base/java.lang.reflect.Method.invoke(Method.java:566)\r\n\tat de.rub.nds.anvilcore.execution.PcapCapturingInvocationInterceptor.interceptTestTemplateMethod(PcapCapturingInvocationInterceptor.java:48)\r\n\tat java.base/java.util.stream.ForEachOps$ForEachOp$OfRef.accept(ForEachOps.java:183)\r\n\tat java.base/java.util.stream.ReferencePipeline$3$1.accept(ReferencePipeline.java:195)\r\n\tat java.base/java.util.stream.ReferencePipeline$2$1.accept(ReferencePipeline.java:177)\r\n\tat java.base/java.util.stream.ReferencePipeline$3$1.accept(ReferencePipeline.java:195)\r\n\tat java.base/java.util.stream.ForEachOps$ForEachOp$OfRef.accept(ForEachOps.java:183)\r\n\tat java.base/java.util.stream.ReferencePipeline$3$1.accept(ReferencePipeline.java:195)\r\n\tat java.base/java.util.Iterator.forEachRemaining(Iterator.java:133)\r\n\tat java.base/java.util.Spliterators$IteratorSpliterator.forEachRemaining(Spliterators.java:1801)\r\n\tat java.base/java.util.stream.AbstractPipeline.copyInto(AbstractPipeline.java:484)\r\n\tat java.base/java.util.stream.AbstractPipeline.wrapAndCopyInto(AbstractPipeline.java:474)\r\n\tat java.base/java.util.stream.ForEachOps$ForEachOp.evaluateSequential(ForEachOps.java:150)\r\n\tat java.base/java.util.stream.ForEachOps$ForEachOp$OfRef.evaluateSequential(ForEachOps.java:173)\r\n\tat java.base/java.util.stream.AbstractPipeline.evaluate(AbstractPipeline.java:234)\r\n\tat java.base/java.util.stream.ReferencePipeline.forEach(ReferencePipeline.java:497)\r\n\tat java.base/java.util.stream.ReferencePipeline$7$1.accept(ReferencePipeline.java:274)\r\n\tat java.base/java.util.ArrayList$ArrayListSpliterator.forEachRemaining(ArrayList.java:1655)\r\n\tat java.base/java.util.stream.AbstractPipeline.copyInto(AbstractPipeline.java:484)\r\n\tat java.base/java.util.stream.AbstractPipeline.wrapAndCopyInto(AbstractPipeline.java:474)\r\n\tat java.base/java.util.stream.ForEachOps$ForEachOp.evaluateSequential(ForEachOps.java:150)\r\n\tat java.base/java.util.stream.ForEachOps$ForEachOp$OfRef.evaluateSequential(ForEachOps.java:173)\r\n\tat java.base/java.util.stream.AbstractPipeline.evaluate(AbstractPipeline.java:234)\r\n\tat java.base/java.util.stream.ReferencePipeline.forEach(ReferencePipeline.java:497)\r\n\tat java.base/java.util.concurrent.RecursiveAction.exec(RecursiveAction.java:189)\r\n\tat java.base/java.util.concurrent.ForkJoinTask.doExec(ForkJoinTask.java:290)\r\n\tat java.base/java.util.concurrent.ForkJoinPool$WorkQueue.topLevelExec(ForkJoinPool.java:1020)\r\n\tat java.base/java.util.concurrent.ForkJoinPool.scan(ForkJoinPool.java:1656)\r\n\tat java.base/java.util.concurrent.ForkJoinPool.runWorker(ForkJoinPool.java:1594)\r\n\tat java.base/java.util.concurrent.ForkJoinWorkerThread.run(ForkJoinWorkerThread.java:183)\r\n",
    "uuid" : "B5AE5A16A937B9C4174BAFD32E0C473E6D4FF899BE8DA9A4E356C58681E34FCA"
  }, {
    "Result" : "FULLY_FAILED",
    "DisplayName" : "[3] Combination{INCLUDE_ALPN_EXTENSION=INCLUDE_ALPN_EXTENSION = true, RECORD_LENGTH=RECORD_LENGTH = 1, MAX_FRAGMENT_LENGTH=MAX_FRAGMENT_LENGTH = TWO_11, INCLUDE_HEARTBEAT_EXTENSION=INCLUDE_HEARTBEAT_EXTENSION = true, INCLUDE_EXTENDED_MASTER_SECRET_EXTENSION=INCLUDE_EXTENDED_MASTER_SECRET_EXTENSION = true, TCP_FRAGMENTATION=TCP_FRAGMENTATION = false, INCLUDE_RENEGOTIATION_EXTENSION=INCLUDE_RENEGOTIATION_EXTENSION = true, INCLUDE_GREASE_SIG_HASH_ALGORITHMS=INCLUDE_GREASE_SIG_HASH_ALGORITHMS = true, INCLUDE_ENCRYPT_THEN_MAC_EXTENSION=INCLUDE_ENCRYPT_THEN_MAC_EXTENSION = true, NAMED_GROUP=NAMED_GROUP = SECP256R1, INCLUDE_PSK_EXCHANGE_MODES_EXTENSION=INCLUDE_PSK_EXCHANGE_MODES_EXTENSION = true, INCLUDE_SESSION_TICKET_EXTENSION=INCLUDE_SESSION_TICKET_EXTENSION = true, INCLUDE_GREASE_CIPHER_SUITES=INCLUDE_GREASE_CIPHER_SUITES = true, CIPHER_SUITE=CIPHER_SUITE = TLS_CHACHA20_POLY1305_SHA256, INCLUDE_GREASE_NAMED_GROUPS=INCLUDE_GREASE_NAMED_GROUPS = true, INCLUDE_CHANGE_CIPHER_SPEC=INCLUDE_CHANGE_CIPHER_SPEC = true, INCLUDE_PADDING_EXTENSION=INCLUDE_PADDING_EXTENSION = true}",
    "ParameterCombination" : {
      "INCLUDE_HEARTBEAT_EXTENSION" : true,
      "INCLUDE_PSK_EXCHANGE_MODES_EXTENSION" : true,
      "CIPHER_SUITE" : "TLS_CHACHA20_POLY1305_SHA256",
      "INCLUDE_EXTENDED_MASTER_SECRET_EXTENSION" : true,
      "INCLUDE_PADDING_EXTENSION" : true,
      "INCLUDE_GREASE_NAMED_GROUPS" : true,
      "INCLUDE_GREASE_CIPHER_SUITES" : true,
      "INCLUDE_RENEGOTIATION_EXTENSION" : true,
      "NAMED_GROUP" : "SECP256R1",
      "TCP_FRAGMENTATION" : false,
      "INCLUDE_ENCRYPT_THEN_MAC_EXTENSION" : true,
      "INCLUDE_ALPN_EXTENSION" : true,
      "INCLUDE_GREASE_SIG_HASH_ALGORITHMS" : true,
      "INCLUDE_CHANGE_CIPHER_SPEC" : true,
      "INCLUDE_SESSION_TICKET_EXTENSION" : true,
      "RECORD_LENGTH" : 1,
      "MAX_FRAGMENT_LENGTH" : "TWO_11"
    },
    "AdditionalResultInformation" : null,
    "AdditionalTestInformation" : null,
    "SrcPort" : 15667,
    "DstPort" : 8443,
    "StartTimestamp" : "2023-12-12T11:59:37.489Z",
    "EndTimestamp" : "2023-12-12T11:59:38.320Z",
    "Stacktrace" : "java.lang.AssertionError: Did not receive a KeyUpdate in response\r\n\tat org.junit.Assert.fail(Assert.java:89)\r\n\tat org.junit.Assert.assertTrue(Assert.java:42)\r\n\tat de.rub.nds.tlstest.suite.tests.both.tls13.rfc8446.KeyUpdate.lambda$appDataUnderNewKeysSucceeds$3(KeyUpdate.java:134)\r\n\tat de.rub.nds.tlstest.framework.anvil.TlsTestCase.validateFinal(TlsTestCase.java:50)\r\n\tat de.rub.nds.tlstest.suite.tests.both.tls13.rfc8446.KeyUpdate.appDataUnderNewKeysSucceeds(KeyUpdate.java:131)\r\n\tat java.base/java.lang.reflect.Method.invoke(Method.java:566)\r\n\tat de.rub.nds.anvilcore.execution.PcapCapturingInvocationInterceptor.interceptTestTemplateMethod(PcapCapturingInvocationInterceptor.java:48)\r\n\tat java.base/java.util.stream.ForEachOps$ForEachOp$OfRef.accept(ForEachOps.java:183)\r\n\tat java.base/java.util.stream.ReferencePipeline$3$1.accept(ReferencePipeline.java:195)\r\n\tat java.base/java.util.stream.ReferencePipeline$2$1.accept(ReferencePipeline.java:177)\r\n\tat java.base/java.util.stream.ReferencePipeline$3$1.accept(ReferencePipeline.java:195)\r\n\tat java.base/java.util.stream.ForEachOps$ForEachOp$OfRef.accept(ForEachOps.java:183)\r\n\tat java.base/java.util.stream.ReferencePipeline$3$1.accept(ReferencePipeline.java:195)\r\n\tat java.base/java.util.Iterator.forEachRemaining(Iterator.java:133)\r\n\tat java.base/java.util.Spliterators$IteratorSpliterator.forEachRemaining(Spliterators.java:1801)\r\n\tat java.base/java.util.stream.AbstractPipeline.copyInto(AbstractPipeline.java:484)\r\n\tat java.base/java.util.stream.AbstractPipeline.wrapAndCopyInto(AbstractPipeline.java:474)\r\n\tat java.base/java.util.stream.ForEachOps$ForEachOp.evaluateSequential(ForEachOps.java:150)\r\n\tat java.base/java.util.stream.ForEachOps$ForEachOp$OfRef.evaluateSequential(ForEachOps.java:173)\r\n\tat java.base/java.util.stream.AbstractPipeline.evaluate(AbstractPipeline.java:234)\r\n\tat java.base/java.util.stream.ReferencePipeline.forEach(ReferencePipeline.java:497)\r\n\tat java.base/java.util.stream.ReferencePipeline$7$1.accept(ReferencePipeline.java:274)\r\n\tat java.base/java.util.ArrayList$ArrayListSpliterator.forEachRemaining(ArrayList.java:1655)\r\n\tat java.base/java.util.stream.AbstractPipeline.copyInto(AbstractPipeline.java:484)\r\n\tat java.base/java.util.stream.AbstractPipeline.wrapAndCopyInto(AbstractPipeline.java:474)\r\n\tat java.base/java.util.stream.ForEachOps$ForEachOp.evaluateSequential(ForEachOps.java:150)\r\n\tat java.base/java.util.stream.ForEachOps$ForEachOp$OfRef.evaluateSequential(ForEachOps.java:173)\r\n\tat java.base/java.util.stream.AbstractPipeline.evaluate(AbstractPipeline.java:234)\r\n\tat java.base/java.util.stream.ReferencePipeline.forEach(ReferencePipeline.java:497)\r\n\tat java.base/java.util.concurrent.RecursiveAction.exec(RecursiveAction.java:189)\r\n\tat java.base/java.util.concurrent.ForkJoinTask.doExec(ForkJoinTask.java:290)\r\n\tat java.base/java.util.concurrent.ForkJoinPool$WorkQueue.topLevelExec(ForkJoinPool.java:1020)\r\n\tat java.base/java.util.concurrent.ForkJoinPool.scan(ForkJoinPool.java:1656)\r\n\tat java.base/java.util.concurrent.ForkJoinPool.runWorker(ForkJoinPool.java:1594)\r\n\tat java.base/java.util.concurrent.ForkJoinWorkerThread.run(ForkJoinWorkerThread.java:183)\r\n",
    "uuid" : "A470E54AE4CDF982B7DB0A6AC42AA0401745BA264F2B5442A873F338196CAFEB"
  }, {
    "Result" : "FULLY_FAILED",
    "DisplayName" : "[4] Combination{INCLUDE_ALPN_EXTENSION=INCLUDE_ALPN_EXTENSION = true, RECORD_LENGTH=RECORD_LENGTH = 16384, MAX_FRAGMENT_LENGTH=MAX_FRAGMENT_LENGTH = TWO_12, INCLUDE_HEARTBEAT_EXTENSION=INCLUDE_HEARTBEAT_EXTENSION = true, INCLUDE_EXTENDED_MASTER_SECRET_EXTENSION=INCLUDE_EXTENDED_MASTER_SECRET_EXTENSION = true, TCP_FRAGMENTATION=TCP_FRAGMENTATION = false, INCLUDE_RENEGOTIATION_EXTENSION=INCLUDE_RENEGOTIATION_EXTENSION = true, INCLUDE_GREASE_SIG_HASH_ALGORITHMS=INCLUDE_GREASE_SIG_HASH_ALGORITHMS = true, INCLUDE_ENCRYPT_THEN_MAC_EXTENSION=INCLUDE_ENCRYPT_THEN_MAC_EXTENSION = true, NAMED_GROUP=NAMED_GROUP = SECP384R1, INCLUDE_PSK_EXCHANGE_MODES_EXTENSION=INCLUDE_PSK_EXCHANGE_MODES_EXTENSION = true, INCLUDE_SESSION_TICKET_EXTENSION=INCLUDE_SESSION_TICKET_EXTENSION = true, INCLUDE_GREASE_CIPHER_SUITES=INCLUDE_GREASE_CIPHER_SUITES = true, CIPHER_SUITE=CIPHER_SUITE = TLS_AES_128_GCM_SHA256, INCLUDE_GREASE_NAMED_GROUPS=INCLUDE_GREASE_NAMED_GROUPS = true, INCLUDE_CHANGE_CIPHER_SPEC=INCLUDE_CHANGE_CIPHER_SPEC = true, INCLUDE_PADDING_EXTENSION=INCLUDE_PADDING_EXTENSION = true}",
    "ParameterCombination" : {
      "INCLUDE_HEARTBEAT_EXTENSION" : true,
      "INCLUDE_PSK_EXCHANGE_MODES_EXTENSION" : true,
      "CIPHER_SUITE" : "TLS_AES_128_GCM_SHA256",
      "INCLUDE_EXTENDED_MASTER_SECRET_EXTENSION" : true,
      "INCLUDE_PADDING_EXTENSION" : true,
      "INCLUDE_GREASE_NAMED_GROUPS" : true,
      "INCLUDE_GREASE_CIPHER_SUITES" : true,
      "INCLUDE_RENEGOTIATION_EXTENSION" : true,
      "NAMED_GROUP" : "SECP384R1",
      "TCP_FRAGMENTATION" : false,
      "INCLUDE_ENCRYPT_THEN_MAC_EXTENSION" : true,
      "INCLUDE_ALPN_EXTENSION" : true,
      "INCLUDE_GREASE_SIG_HASH_ALGORITHMS" : true,
      "INCLUDE_CHANGE_CIPHER_SPEC" : true,
      "INCLUDE_SESSION_TICKET_EXTENSION" : true,
      "RECORD_LENGTH" : 16384,
      "MAX_FRAGMENT_LENGTH" : "TWO_12"
    },
    "AdditionalResultInformation" : null,
    "AdditionalTestInformation" : null,
    "SrcPort" : 15669,
    "DstPort" : 8443,
    "StartTimestamp" : "2023-12-12T11:59:38.560Z",
    "EndTimestamp" : "2023-12-12T11:59:39.396Z",
    "Stacktrace" : "java.lang.AssertionError: Did not receive a KeyUpdate in response\r\n\tat org.junit.Assert.fail(Assert.java:89)\r\n\tat org.junit.Assert.assertTrue(Assert.java:42)\r\n\tat de.rub.nds.tlstest.suite.tests.both.tls13.rfc8446.KeyUpdate.lambda$appDataUnderNewKeysSucceeds$3(KeyUpdate.java:134)\r\n\tat de.rub.nds.tlstest.framework.anvil.TlsTestCase.validateFinal(TlsTestCase.java:50)\r\n\tat de.rub.nds.tlstest.suite.tests.both.tls13.rfc8446.KeyUpdate.appDataUnderNewKeysSucceeds(KeyUpdate.java:131)\r\n\tat java.base/java.lang.reflect.Method.invoke(Method.java:566)\r\n\tat de.rub.nds.anvilcore.execution.PcapCapturingInvocationInterceptor.interceptTestTemplateMethod(PcapCapturingInvocationInterceptor.java:48)\r\n\tat java.base/java.util.stream.ForEachOps$ForEachOp$OfRef.accept(ForEachOps.java:183)\r\n\tat java.base/java.util.stream.ReferencePipeline$3$1.accept(ReferencePipeline.java:195)\r\n\tat java.base/java.util.stream.ReferencePipeline$2$1.accept(ReferencePipeline.java:177)\r\n\tat java.base/java.util.stream.ReferencePipeline$3$1.accept(ReferencePipeline.java:195)\r\n\tat java.base/java.util.stream.ForEachOps$ForEachOp$OfRef.accept(ForEachOps.java:183)\r\n\tat java.base/java.util.stream.ReferencePipeline$3$1.accept(ReferencePipeline.java:195)\r\n\tat java.base/java.util.Iterator.forEachRemaining(Iterator.java:133)\r\n\tat java.base/java.util.Spliterators$IteratorSpliterator.forEachRemaining(Spliterators.java:1801)\r\n\tat java.base/java.util.stream.AbstractPipeline.copyInto(AbstractPipeline.java:484)\r\n\tat java.base/java.util.stream.AbstractPipeline.wrapAndCopyInto(AbstractPipeline.java:474)\r\n\tat java.base/java.util.stream.ForEachOps$ForEachOp.evaluateSequential(ForEachOps.java:150)\r\n\tat java.base/java.util.stream.ForEachOps$ForEachOp$OfRef.evaluateSequential(ForEachOps.java:173)\r\n\tat java.base/java.util.stream.AbstractPipeline.evaluate(AbstractPipeline.java:234)\r\n\tat java.base/java.util.stream.ReferencePipeline.forEach(ReferencePipeline.java:497)\r\n\tat java.base/java.util.stream.ReferencePipeline$7$1.accept(ReferencePipeline.java:274)\r\n\tat java.base/java.util.ArrayList$ArrayListSpliterator.forEachRemaining(ArrayList.java:1655)\r\n\tat java.base/java.util.stream.AbstractPipeline.copyInto(AbstractPipeline.java:484)\r\n\tat java.base/java.util.stream.AbstractPipeline.wrapAndCopyInto(AbstractPipeline.java:474)\r\n\tat java.base/java.util.stream.ForEachOps$ForEachOp.evaluateSequential(ForEachOps.java:150)\r\n\tat java.base/java.util.stream.ForEachOps$ForEachOp$OfRef.evaluateSequential(ForEachOps.java:173)\r\n\tat java.base/java.util.stream.AbstractPipeline.evaluate(AbstractPipeline.java:234)\r\n\tat java.base/java.util.stream.ReferencePipeline.forEach(ReferencePipeline.java:497)\r\n\tat java.base/java.util.concurrent.RecursiveAction.exec(RecursiveAction.java:189)\r\n\tat java.base/java.util.concurrent.ForkJoinTask.doExec(ForkJoinTask.java:290)\r\n\tat java.base/java.util.concurrent.ForkJoinPool$WorkQueue.topLevelExec(ForkJoinPool.java:1020)\r\n\tat java.base/java.util.concurrent.ForkJoinPool.scan(ForkJoinPool.java:1656)\r\n\tat java.base/java.util.concurrent.ForkJoinPool.runWorker(ForkJoinPool.java:1594)\r\n\tat java.base/java.util.concurrent.ForkJoinWorkerThread.run(ForkJoinWorkerThread.java:183)\r\n",
    "uuid" : "F7432D5D38A6A69EB72E7FDD7BA225DF3C2833375154F8EC2687A436C7A5E764"
  }, {
    "Result" : "FULLY_FAILED",
    "DisplayName" : "[5] Combination{INCLUDE_ALPN_EXTENSION=INCLUDE_ALPN_EXTENSION = true, RECORD_LENGTH=RECORD_LENGTH = 50, MAX_FRAGMENT_LENGTH=MAX_FRAGMENT_LENGTH = null, INCLUDE_HEARTBEAT_EXTENSION=INCLUDE_HEARTBEAT_EXTENSION = true, INCLUDE_EXTENDED_MASTER_SECRET_EXTENSION=INCLUDE_EXTENDED_MASTER_SECRET_EXTENSION = true, TCP_FRAGMENTATION=TCP_FRAGMENTATION = false, INCLUDE_RENEGOTIATION_EXTENSION=INCLUDE_RENEGOTIATION_EXTENSION = true, INCLUDE_GREASE_SIG_HASH_ALGORITHMS=INCLUDE_GREASE_SIG_HASH_ALGORITHMS = true, INCLUDE_ENCRYPT_THEN_MAC_EXTENSION=INCLUDE_ENCRYPT_THEN_MAC_EXTENSION = true, NAMED_GROUP=NAMED_GROUP = ECDH_X448, INCLUDE_PSK_EXCHANGE_MODES_EXTENSION=INCLUDE_PSK_EXCHANGE_MODES_EXTENSION = true, INCLUDE_SESSION_TICKET_EXTENSION=INCLUDE_SESSION_TICKET_EXTENSION = true, INCLUDE_GREASE_CIPHER_SUITES=INCLUDE_GREASE_CIPHER_SUITES = true, CIPHER_SUITE=CIPHER_SUITE = TLS_AES_128_GCM_SHA256, INCLUDE_GREASE_NAMED_GROUPS=INCLUDE_GREASE_NAMED_GROUPS = true, INCLUDE_CHANGE_CIPHER_SPEC=INCLUDE_CHANGE_CIPHER_SPEC = true, INCLUDE_PADDING_EXTENSION=INCLUDE_PADDING_EXTENSION = true}",
    "ParameterCombination" : {
      "INCLUDE_HEARTBEAT_EXTENSION" : true,
      "INCLUDE_PSK_EXCHANGE_MODES_EXTENSION" : true,
      "CIPHER_SUITE" : "TLS_AES_128_GCM_SHA256",
      "INCLUDE_EXTENDED_MASTER_SECRET_EXTENSION" : true,
      "INCLUDE_PADDING_EXTENSION" : true,
      "INCLUDE_GREASE_NAMED_GROUPS" : true,
      "INCLUDE_GREASE_CIPHER_SUITES" : true,
      "INCLUDE_RENEGOTIATION_EXTENSION" : true,
      "NAMED_GROUP" : "ECDH_X448",
      "TCP_FRAGMENTATION" : false,
      "INCLUDE_ENCRYPT_THEN_MAC_EXTENSION" : true,
      "INCLUDE_ALPN_EXTENSION" : true,
      "INCLUDE_GREASE_SIG_HASH_ALGORITHMS" : true,
      "INCLUDE_CHANGE_CIPHER_SPEC" : true,
      "INCLUDE_SESSION_TICKET_EXTENSION" : true,
      "RECORD_LENGTH" : 50,
      "MAX_FRAGMENT_LENGTH" : null
    },
    "AdditionalResultInformation" : null,
    "AdditionalTestInformation" : null,
    "SrcPort" : 15671,
    "DstPort" : 8443,
    "StartTimestamp" : "2023-12-12T11:59:39.648Z",
    "EndTimestamp" : "2023-12-12T11:59:40.515Z",
    "Stacktrace" : "java.lang.AssertionError: Did not receive a KeyUpdate in response\r\n\tat org.junit.Assert.fail(Assert.java:89)\r\n\tat org.junit.Assert.assertTrue(Assert.java:42)\r\n\tat de.rub.nds.tlstest.suite.tests.both.tls13.rfc8446.KeyUpdate.lambda$appDataUnderNewKeysSucceeds$3(KeyUpdate.java:134)\r\n\tat de.rub.nds.tlstest.framework.anvil.TlsTestCase.validateFinal(TlsTestCase.java:50)\r\n\tat de.rub.nds.tlstest.suite.tests.both.tls13.rfc8446.KeyUpdate.appDataUnderNewKeysSucceeds(KeyUpdate.java:131)\r\n\tat java.base/java.lang.reflect.Method.invoke(Method.java:566)\r\n\tat de.rub.nds.anvilcore.execution.PcapCapturingInvocationInterceptor.interceptTestTemplateMethod(PcapCapturingInvocationInterceptor.java:48)\r\n\tat java.base/java.util.stream.ForEachOps$ForEachOp$OfRef.accept(ForEachOps.java:183)\r\n\tat java.base/java.util.stream.ReferencePipeline$3$1.accept(ReferencePipeline.java:195)\r\n\tat java.base/java.util.stream.ReferencePipeline$2$1.accept(ReferencePipeline.java:177)\r\n\tat java.base/java.util.stream.ReferencePipeline$3$1.accept(ReferencePipeline.java:195)\r\n\tat java.base/java.util.stream.ForEachOps$ForEachOp$OfRef.accept(ForEachOps.java:183)\r\n\tat java.base/java.util.stream.ReferencePipeline$3$1.accept(ReferencePipeline.java:195)\r\n\tat java.base/java.util.Iterator.forEachRemaining(Iterator.java:133)\r\n\tat java.base/java.util.Spliterators$IteratorSpliterator.forEachRemaining(Spliterators.java:1801)\r\n\tat java.base/java.util.stream.AbstractPipeline.copyInto(AbstractPipeline.java:484)\r\n\tat java.base/java.util.stream.AbstractPipeline.wrapAndCopyInto(AbstractPipeline.java:474)\r\n\tat java.base/java.util.stream.ForEachOps$ForEachOp.evaluateSequential(ForEachOps.java:150)\r\n\tat java.base/java.util.stream.ForEachOps$ForEachOp$OfRef.evaluateSequential(ForEachOps.java:173)\r\n\tat java.base/java.util.stream.AbstractPipeline.evaluate(AbstractPipeline.java:234)\r\n\tat java.base/java.util.stream.ReferencePipeline.forEach(ReferencePipeline.java:497)\r\n\tat java.base/java.util.stream.ReferencePipeline$7$1.accept(ReferencePipeline.java:274)\r\n\tat java.base/java.util.ArrayList$ArrayListSpliterator.forEachRemaining(ArrayList.java:1655)\r\n\tat java.base/java.util.stream.AbstractPipeline.copyInto(AbstractPipeline.java:484)\r\n\tat java.base/java.util.stream.AbstractPipeline.wrapAndCopyInto(AbstractPipeline.java:474)\r\n\tat java.base/java.util.stream.ForEachOps$ForEachOp.evaluateSequential(ForEachOps.java:150)\r\n\tat java.base/java.util.stream.ForEachOps$ForEachOp$OfRef.evaluateSequential(ForEachOps.java:173)\r\n\tat java.base/java.util.stream.AbstractPipeline.evaluate(AbstractPipeline.java:234)\r\n\tat java.base/java.util.stream.ReferencePipeline.forEach(ReferencePipeline.java:497)\r\n\tat java.base/java.util.concurrent.RecursiveAction.exec(RecursiveAction.java:189)\r\n\tat java.base/java.util.concurrent.ForkJoinTask.doExec(ForkJoinTask.java:290)\r\n\tat java.base/java.util.concurrent.ForkJoinPool$WorkQueue.topLevelExec(ForkJoinPool.java:1020)\r\n\tat java.base/java.util.concurrent.ForkJoinPool.scan(ForkJoinPool.java:1656)\r\n\tat java.base/java.util.concurrent.ForkJoinPool.runWorker(ForkJoinPool.java:1594)\r\n\tat java.base/java.util.concurrent.ForkJoinWorkerThread.run(ForkJoinWorkerThread.java:183)\r\n",
    "uuid" : "0A566FEC26B7031767F029BFE9B38995B9FA4FC5CCAD89FE65B7FA889B1F934F"
  }, {
    "Result" : "FULLY_FAILED",
    "DisplayName" : "[6] Combination{INCLUDE_ALPN_EXTENSION=INCLUDE_ALPN_EXTENSION = false, RECORD_LENGTH=RECORD_LENGTH = 111, MAX_FRAGMENT_LENGTH=MAX_FRAGMENT_LENGTH = TWO_9, INCLUDE_HEARTBEAT_EXTENSION=INCLUDE_HEARTBEAT_EXTENSION = false, INCLUDE_EXTENDED_MASTER_SECRET_EXTENSION=INCLUDE_EXTENDED_MASTER_SECRET_EXTENSION = true, TCP_FRAGMENTATION=TCP_FRAGMENTATION = true, INCLUDE_RENEGOTIATION_EXTENSION=INCLUDE_RENEGOTIATION_EXTENSION = false, INCLUDE_GREASE_SIG_HASH_ALGORITHMS=INCLUDE_GREASE_SIG_HASH_ALGORITHMS = false, INCLUDE_ENCRYPT_THEN_MAC_EXTENSION=INCLUDE_ENCRYPT_THEN_MAC_EXTENSION = false, NAMED_GROUP=NAMED_GROUP = ECDH_X25519, INCLUDE_PSK_EXCHANGE_MODES_EXTENSION=INCLUDE_PSK_EXCHANGE_MODES_EXTENSION = false, INCLUDE_SESSION_TICKET_EXTENSION=INCLUDE_SESSION_TICKET_EXTENSION = false, INCLUDE_GREASE_CIPHER_SUITES=INCLUDE_GREASE_CIPHER_SUITES = false, CIPHER_SUITE=CIPHER_SUITE = TLS_AES_256_GCM_SHA384, INCLUDE_GREASE_NAMED_GROUPS=INCLUDE_GREASE_NAMED_GROUPS = false, INCLUDE_CHANGE_CIPHER_SPEC=INCLUDE_CHANGE_CIPHER_SPEC = false, INCLUDE_PADDING_EXTENSION=INCLUDE_PADDING_EXTENSION = false}",
    "ParameterCombination" : {
      "INCLUDE_HEARTBEAT_EXTENSION" : false,
      "INCLUDE_PSK_EXCHANGE_MODES_EXTENSION" : false,
      "CIPHER_SUITE" : "TLS_AES_256_GCM_SHA384",
      "INCLUDE_EXTENDED_MASTER_SECRET_EXTENSION" : true,
      "INCLUDE_PADDING_EXTENSION" : false,
      "INCLUDE_GREASE_NAMED_GROUPS" : false,
      "INCLUDE_GREASE_CIPHER_SUITES" : false,
      "INCLUDE_RENEGOTIATION_EXTENSION" : false,
      "NAMED_GROUP" : "ECDH_X25519",
      "TCP_FRAGMENTATION" : true,
      "INCLUDE_ENCRYPT_THEN_MAC_EXTENSION" : false,
      "INCLUDE_ALPN_EXTENSION" : false,
      "INCLUDE_GREASE_SIG_HASH_ALGORITHMS" : false,
      "INCLUDE_CHANGE_CIPHER_SPEC" : false,
      "INCLUDE_SESSION_TICKET_EXTENSION" : false,
      "RECORD_LENGTH" : 111,
      "MAX_FRAGMENT_LENGTH" : "TWO_9"
    },
    "AdditionalResultInformation" : null,
    "AdditionalTestInformation" : null,
    "SrcPort" : 15673,
    "DstPort" : 8443,
    "StartTimestamp" : "2023-12-12T11:59:40.768Z",
    "EndTimestamp" : "2023-12-12T11:59:41.803Z",
    "Stacktrace" : "java.lang.AssertionError: Did not receive a KeyUpdate in response\r\n\tat org.junit.Assert.fail(Assert.java:89)\r\n\tat org.junit.Assert.assertTrue(Assert.java:42)\r\n\tat de.rub.nds.tlstest.suite.tests.both.tls13.rfc8446.KeyUpdate.lambda$appDataUnderNewKeysSucceeds$3(KeyUpdate.java:134)\r\n\tat de.rub.nds.tlstest.framework.anvil.TlsTestCase.validateFinal(TlsTestCase.java:50)\r\n\tat de.rub.nds.tlstest.suite.tests.both.tls13.rfc8446.KeyUpdate.appDataUnderNewKeysSucceeds(KeyUpdate.java:131)\r\n\tat java.base/java.lang.reflect.Method.invoke(Method.java:566)\r\n\tat de.rub.nds.anvilcore.execution.PcapCapturingInvocationInterceptor.interceptTestTemplateMethod(PcapCapturingInvocationInterceptor.java:48)\r\n\tat java.base/java.util.stream.ForEachOps$ForEachOp$OfRef.accept(ForEachOps.java:183)\r\n\tat java.base/java.util.stream.ReferencePipeline$3$1.accept(ReferencePipeline.java:195)\r\n\tat java.base/java.util.stream.ReferencePipeline$2$1.accept(ReferencePipeline.java:177)\r\n\tat java.base/java.util.stream.ReferencePipeline$3$1.accept(ReferencePipeline.java:195)\r\n\tat java.base/java.util.stream.ForEachOps$ForEachOp$OfRef.accept(ForEachOps.java:183)\r\n\tat java.base/java.util.stream.ReferencePipeline$3$1.accept(ReferencePipeline.java:195)\r\n\tat java.base/java.util.Iterator.forEachRemaining(Iterator.java:133)\r\n\tat java.base/java.util.Spliterators$IteratorSpliterator.forEachRemaining(Spliterators.java:1801)\r\n\tat java.base/java.util.stream.AbstractPipeline.copyInto(AbstractPipeline.java:484)\r\n\tat java.base/java.util.stream.AbstractPipeline.wrapAndCopyInto(AbstractPipeline.java:474)\r\n\tat java.base/java.util.stream.ForEachOps$ForEachOp.evaluateSequential(ForEachOps.java:150)\r\n\tat java.base/java.util.stream.ForEachOps$ForEachOp$OfRef.evaluateSequential(ForEachOps.java:173)\r\n\tat java.base/java.util.stream.AbstractPipeline.evaluate(AbstractPipeline.java:234)\r\n\tat java.base/java.util.stream.ReferencePipeline.forEach(ReferencePipeline.java:497)\r\n\tat java.base/java.util.stream.ReferencePipeline$7$1.accept(ReferencePipeline.java:274)\r\n\tat java.base/java.util.ArrayList$ArrayListSpliterator.forEachRemaining(ArrayList.java:1655)\r\n\tat java.base/java.util.stream.AbstractPipeline.copyInto(AbstractPipeline.java:484)\r\n\tat java.base/java.util.stream.AbstractPipeline.wrapAndCopyInto(AbstractPipeline.java:474)\r\n\tat java.base/java.util.stream.ForEachOps$ForEachOp.evaluateSequential(ForEachOps.java:150)\r\n\tat java.base/java.util.stream.ForEachOps$ForEachOp$OfRef.evaluateSequential(ForEachOps.java:173)\r\n\tat java.base/java.util.stream.AbstractPipeline.evaluate(AbstractPipeline.java:234)\r\n\tat java.base/java.util.stream.ReferencePipeline.forEach(ReferencePipeline.java:497)\r\n\tat java.base/java.util.concurrent.RecursiveAction.exec(RecursiveAction.java:189)\r\n\tat java.base/java.util.concurrent.ForkJoinTask.doExec(ForkJoinTask.java:290)\r\n\tat java.base/java.util.concurrent.ForkJoinPool$WorkQueue.topLevelExec(ForkJoinPool.java:1020)\r\n\tat java.base/java.util.concurrent.ForkJoinPool.scan(ForkJoinPool.java:1656)\r\n\tat java.base/java.util.concurrent.ForkJoinPool.runWorker(ForkJoinPool.java:1594)\r\n\tat java.base/java.util.concurrent.ForkJoinWorkerThread.run(ForkJoinWorkerThread.java:183)\r\n",
    "uuid" : "1C8539276D80F7EC519F9AC33650A7B80ED73546D7C4A0EECDEE874CC144C50F"
  }, {
    "Result" : "FULLY_FAILED",
    "DisplayName" : "[7] Combination{INCLUDE_ALPN_EXTENSION=INCLUDE_ALPN_EXTENSION = false, RECORD_LENGTH=RECORD_LENGTH = 111, MAX_FRAGMENT_LENGTH=MAX_FRAGMENT_LENGTH = TWO_9, INCLUDE_HEARTBEAT_EXTENSION=INCLUDE_HEARTBEAT_EXTENSION = false, INCLUDE_EXTENDED_MASTER_SECRET_EXTENSION=INCLUDE_EXTENDED_MASTER_SECRET_EXTENSION = false, TCP_FRAGMENTATION=TCP_FRAGMENTATION = true, INCLUDE_RENEGOTIATION_EXTENSION=INCLUDE_RENEGOTIATION_EXTENSION = false, INCLUDE_GREASE_SIG_HASH_ALGORITHMS=INCLUDE_GREASE_SIG_HASH_ALGORITHMS = false, INCLUDE_ENCRYPT_THEN_MAC_EXTENSION=INCLUDE_ENCRYPT_THEN_MAC_EXTENSION = false, NAMED_GROUP=NAMED_GROUP = ECDH_X25519, INCLUDE_PSK_EXCHANGE_MODES_EXTENSION=INCLUDE_PSK_EXCHANGE_MODES_EXTENSION = false, INCLUDE_SESSION_TICKET_EXTENSION=INCLUDE_SESSION_TICKET_EXTENSION = false, INCLUDE_GREASE_CIPHER_SUITES=INCLUDE_GREASE_CIPHER_SUITES = true, CIPHER_SUITE=CIPHER_SUITE = TLS_AES_256_GCM_SHA384, INCLUDE_GREASE_NAMED_GROUPS=INCLUDE_GREASE_NAMED_GROUPS = false, INCLUDE_CHANGE_CIPHER_SPEC=INCLUDE_CHANGE_CIPHER_SPEC = false, INCLUDE_PADDING_EXTENSION=INCLUDE_PADDING_EXTENSION = true}",
    "ParameterCombination" : {
      "INCLUDE_HEARTBEAT_EXTENSION" : false,
      "INCLUDE_PSK_EXCHANGE_MODES_EXTENSION" : false,
      "CIPHER_SUITE" : "TLS_AES_256_GCM_SHA384",
      "INCLUDE_EXTENDED_MASTER_SECRET_EXTENSION" : false,
      "INCLUDE_PADDING_EXTENSION" : true,
      "INCLUDE_GREASE_NAMED_GROUPS" : false,
      "INCLUDE_GREASE_CIPHER_SUITES" : true,
      "INCLUDE_RENEGOTIATION_EXTENSION" : false,
      "NAMED_GROUP" : "ECDH_X25519",
      "TCP_FRAGMENTATION" : true,
      "INCLUDE_ENCRYPT_THEN_MAC_EXTENSION" : false,
      "INCLUDE_ALPN_EXTENSION" : false,
      "INCLUDE_GREASE_SIG_HASH_ALGORITHMS" : false,
      "INCLUDE_CHANGE_CIPHER_SPEC" : false,
      "INCLUDE_SESSION_TICKET_EXTENSION" : false,
      "RECORD_LENGTH" : 111,
      "MAX_FRAGMENT_LENGTH" : "TWO_9"
    },
    "AdditionalResultInformation" : null,
    "AdditionalTestInformation" : null,
    "SrcPort" : 15675,
    "DstPort" : 8443,
    "StartTimestamp" : "2023-12-12T11:59:42.119Z",
    "EndTimestamp" : "2023-12-12T11:59:43.146Z",
    "Stacktrace" : "java.lang.AssertionError: Did not receive a KeyUpdate in response\r\n\tat org.junit.Assert.fail(Assert.java:89)\r\n\tat org.junit.Assert.assertTrue(Assert.java:42)\r\n\tat de.rub.nds.tlstest.suite.tests.both.tls13.rfc8446.KeyUpdate.lambda$appDataUnderNewKeysSucceeds$3(KeyUpdate.java:134)\r\n\tat de.rub.nds.tlstest.framework.anvil.TlsTestCase.validateFinal(TlsTestCase.java:50)\r\n\tat de.rub.nds.tlstest.suite.tests.both.tls13.rfc8446.KeyUpdate.appDataUnderNewKeysSucceeds(KeyUpdate.java:131)\r\n\tat java.base/java.lang.reflect.Method.invoke(Method.java:566)\r\n\tat de.rub.nds.anvilcore.execution.PcapCapturingInvocationInterceptor.interceptTestTemplateMethod(PcapCapturingInvocationInterceptor.java:48)\r\n\tat java.base/java.util.stream.ForEachOps$ForEachOp$OfRef.accept(ForEachOps.java:183)\r\n\tat java.base/java.util.stream.ReferencePipeline$3$1.accept(ReferencePipeline.java:195)\r\n\tat java.base/java.util.stream.ReferencePipeline$2$1.accept(ReferencePipeline.java:177)\r\n\tat java.base/java.util.stream.ReferencePipeline$3$1.accept(ReferencePipeline.java:195)\r\n\tat java.base/java.util.stream.ForEachOps$ForEachOp$OfRef.accept(ForEachOps.java:183)\r\n\tat java.base/java.util.stream.ReferencePipeline$3$1.accept(ReferencePipeline.java:195)\r\n\tat java.base/java.util.Iterator.forEachRemaining(Iterator.java:133)\r\n\tat java.base/java.util.Spliterators$IteratorSpliterator.forEachRemaining(Spliterators.java:1801)\r\n\tat java.base/java.util.stream.AbstractPipeline.copyInto(AbstractPipeline.java:484)\r\n\tat java.base/java.util.stream.AbstractPipeline.wrapAndCopyInto(AbstractPipeline.java:474)\r\n\tat java.base/java.util.stream.ForEachOps$ForEachOp.evaluateSequential(ForEachOps.java:150)\r\n\tat java.base/java.util.stream.ForEachOps$ForEachOp$OfRef.evaluateSequential(ForEachOps.java:173)\r\n\tat java.base/java.util.stream.AbstractPipeline.evaluate(AbstractPipeline.java:234)\r\n\tat java.base/java.util.stream.ReferencePipeline.forEach(ReferencePipeline.java:497)\r\n\tat java.base/java.util.stream.ReferencePipeline$7$1.accept(ReferencePipeline.java:274)\r\n\tat java.base/java.util.ArrayList$ArrayListSpliterator.forEachRemaining(ArrayList.java:1655)\r\n\tat java.base/java.util.stream.AbstractPipeline.copyInto(AbstractPipeline.java:484)\r\n\tat java.base/java.util.stream.AbstractPipeline.wrapAndCopyInto(AbstractPipeline.java:474)\r\n\tat java.base/java.util.stream.ForEachOps$ForEachOp.evaluateSequential(ForEachOps.java:150)\r\n\tat java.base/java.util.stream.ForEachOps$ForEachOp$OfRef.evaluateSequential(ForEachOps.java:173)\r\n\tat java.base/java.util.stream.AbstractPipeline.evaluate(AbstractPipeline.java:234)\r\n\tat java.base/java.util.stream.ReferencePipeline.forEach(ReferencePipeline.java:497)\r\n\tat java.base/java.util.concurrent.RecursiveAction.exec(RecursiveAction.java:189)\r\n\tat java.base/java.util.concurrent.ForkJoinTask.doExec(ForkJoinTask.java:290)\r\n\tat java.base/java.util.concurrent.ForkJoinPool$WorkQueue.topLevelExec(ForkJoinPool.java:1020)\r\n\tat java.base/java.util.concurrent.ForkJoinPool.scan(ForkJoinPool.java:1656)\r\n\tat java.base/java.util.concurrent.ForkJoinPool.runWorker(ForkJoinPool.java:1594)\r\n\tat java.base/java.util.concurrent.ForkJoinWorkerThread.run(ForkJoinWorkerThread.java:183)\r\n",
    "uuid" : "5AEE1AC99886D99B1ED6608CE8ABAEC15587276C46E83E40096B671CCB47F3E7"
  }, {
    "Result" : "FULLY_FAILED",
    "DisplayName" : "[8] Combination{INCLUDE_ALPN_EXTENSION=INCLUDE_ALPN_EXTENSION = true, RECORD_LENGTH=RECORD_LENGTH = 111, MAX_FRAGMENT_LENGTH=MAX_FRAGMENT_LENGTH = TWO_10, INCLUDE_HEARTBEAT_EXTENSION=INCLUDE_HEARTBEAT_EXTENSION = false, INCLUDE_EXTENDED_MASTER_SECRET_EXTENSION=INCLUDE_EXTENDED_MASTER_SECRET_EXTENSION = false, TCP_FRAGMENTATION=TCP_FRAGMENTATION = true, INCLUDE_RENEGOTIATION_EXTENSION=INCLUDE_RENEGOTIATION_EXTENSION = false, INCLUDE_GREASE_SIG_HASH_ALGORITHMS=INCLUDE_GREASE_SIG_HASH_ALGORITHMS = false, INCLUDE_ENCRYPT_THEN_MAC_EXTENSION=INCLUDE_ENCRYPT_THEN_MAC_EXTENSION = false, NAMED_GROUP=NAMED_GROUP = ECDH_X25519, INCLUDE_PSK_EXCHANGE_MODES_EXTENSION=INCLUDE_PSK_EXCHANGE_MODES_EXTENSION = false, INCLUDE_SESSION_TICKET_EXTENSION=INCLUDE_SESSION_TICKET_EXTENSION = false, INCLUDE_GREASE_CIPHER_SUITES=INCLUDE_GREASE_CIPHER_SUITES = false, CIPHER_SUITE=CIPHER_SUITE = TLS_AES_256_GCM_SHA384, INCLUDE_GREASE_NAMED_GROUPS=INCLUDE_GREASE_NAMED_GROUPS = false, INCLUDE_CHANGE_CIPHER_SPEC=INCLUDE_CHANGE_CIPHER_SPEC = false, INCLUDE_PADDING_EXTENSION=INCLUDE_PADDING_EXTENSION = false}",
    "ParameterCombination" : {
      "INCLUDE_HEARTBEAT_EXTENSION" : false,
      "INCLUDE_PSK_EXCHANGE_MODES_EXTENSION" : false,
      "CIPHER_SUITE" : "TLS_AES_256_GCM_SHA384",
      "INCLUDE_EXTENDED_MASTER_SECRET_EXTENSION" : false,
      "INCLUDE_PADDING_EXTENSION" : false,
      "INCLUDE_GREASE_NAMED_GROUPS" : false,
      "INCLUDE_GREASE_CIPHER_SUITES" : false,
      "INCLUDE_RENEGOTIATION_EXTENSION" : false,
      "NAMED_GROUP" : "ECDH_X25519",
      "TCP_FRAGMENTATION" : true,
      "INCLUDE_ENCRYPT_THEN_MAC_EXTENSION" : false,
      "INCLUDE_ALPN_EXTENSION" : true,
      "INCLUDE_GREASE_SIG_HASH_ALGORITHMS" : false,
      "INCLUDE_CHANGE_CIPHER_SPEC" : false,
      "INCLUDE_SESSION_TICKET_EXTENSION" : false,
      "RECORD_LENGTH" : 111,
      "MAX_FRAGMENT_LENGTH" : "TWO_10"
    },
    "AdditionalResultInformation" : null,
    "AdditionalTestInformation" : null,
    "SrcPort" : 15677,
    "DstPort" : 8443,
    "StartTimestamp" : "2023-12-12T11:59:43.397Z",
    "EndTimestamp" : "2023-12-12T11:59:44.409Z",
    "Stacktrace" : "java.lang.AssertionError: Did not receive a KeyUpdate in response\r\n\tat org.junit.Assert.fail(Assert.java:89)\r\n\tat org.junit.Assert.assertTrue(Assert.java:42)\r\n\tat de.rub.nds.tlstest.suite.tests.both.tls13.rfc8446.KeyUpdate.lambda$appDataUnderNewKeysSucceeds$3(KeyUpdate.java:134)\r\n\tat de.rub.nds.tlstest.framework.anvil.TlsTestCase.validateFinal(TlsTestCase.java:50)\r\n\tat de.rub.nds.tlstest.suite.tests.both.tls13.rfc8446.KeyUpdate.appDataUnderNewKeysSucceeds(KeyUpdate.java:131)\r\n\tat java.base/java.lang.reflect.Method.invoke(Method.java:566)\r\n\tat de.rub.nds.anvilcore.execution.PcapCapturingInvocationInterceptor.interceptTestTemplateMethod(PcapCapturingInvocationInterceptor.java:48)\r\n\tat java.base/java.util.stream.ForEachOps$ForEachOp$OfRef.accept(ForEachOps.java:183)\r\n\tat java.base/java.util.stream.ReferencePipeline$3$1.accept(ReferencePipeline.java:195)\r\n\tat java.base/java.util.stream.ReferencePipeline$2$1.accept(ReferencePipeline.java:177)\r\n\tat java.base/java.util.stream.ReferencePipeline$3$1.accept(ReferencePipeline.java:195)\r\n\tat java.base/java.util.stream.ForEachOps$ForEachOp$OfRef.accept(ForEachOps.java:183)\r\n\tat java.base/java.util.stream.ReferencePipeline$3$1.accept(ReferencePipeline.java:195)\r\n\tat java.base/java.util.Iterator.forEachRemaining(Iterator.java:133)\r\n\tat java.base/java.util.Spliterators$IteratorSpliterator.forEachRemaining(Spliterators.java:1801)\r\n\tat java.base/java.util.stream.AbstractPipeline.copyInto(AbstractPipeline.java:484)\r\n\tat java.base/java.util.stream.AbstractPipeline.wrapAndCopyInto(AbstractPipeline.java:474)\r\n\tat java.base/java.util.stream.ForEachOps$ForEachOp.evaluateSequential(ForEachOps.java:150)\r\n\tat java.base/java.util.stream.ForEachOps$ForEachOp$OfRef.evaluateSequential(ForEachOps.java:173)\r\n\tat java.base/java.util.stream.AbstractPipeline.evaluate(AbstractPipeline.java:234)\r\n\tat java.base/java.util.stream.ReferencePipeline.forEach(ReferencePipeline.java:497)\r\n\tat java.base/java.util.stream.ReferencePipeline$7$1.accept(ReferencePipeline.java:274)\r\n\tat java.base/java.util.ArrayList$ArrayListSpliterator.forEachRemaining(ArrayList.java:1655)\r\n\tat java.base/java.util.stream.AbstractPipeline.copyInto(AbstractPipeline.java:484)\r\n\tat java.base/java.util.stream.AbstractPipeline.wrapAndCopyInto(AbstractPipeline.java:474)\r\n\tat java.base/java.util.stream.ForEachOps$ForEachOp.evaluateSequential(ForEachOps.java:150)\r\n\tat java.base/java.util.stream.ForEachOps$ForEachOp$OfRef.evaluateSequential(ForEachOps.java:173)\r\n\tat java.base/java.util.stream.AbstractPipeline.evaluate(AbstractPipeline.java:234)\r\n\tat java.base/java.util.stream.ReferencePipeline.forEach(ReferencePipeline.java:497)\r\n\tat java.base/java.util.concurrent.RecursiveAction.exec(RecursiveAction.java:189)\r\n\tat java.base/java.util.concurrent.ForkJoinTask.doExec(ForkJoinTask.java:290)\r\n\tat java.base/java.util.concurrent.ForkJoinPool$WorkQueue.topLevelExec(ForkJoinPool.java:1020)\r\n\tat java.base/java.util.concurrent.ForkJoinPool.scan(ForkJoinPool.java:1656)\r\n\tat java.base/java.util.concurrent.ForkJoinPool.runWorker(ForkJoinPool.java:1594)\r\n\tat java.base/java.util.concurrent.ForkJoinWorkerThread.run(ForkJoinWorkerThread.java:183)\r\n",
    "uuid" : "6E2E147B7A344B8AE1DFC9E02CB68EAE123AC2AF76474F5802810FFF3D205DFE"
  }, {
    "Result" : "FULLY_FAILED",
    "DisplayName" : "[9] Combination{INCLUDE_ALPN_EXTENSION=INCLUDE_ALPN_EXTENSION = false, RECORD_LENGTH=RECORD_LENGTH = 111, MAX_FRAGMENT_LENGTH=MAX_FRAGMENT_LENGTH = TWO_9, INCLUDE_HEARTBEAT_EXTENSION=INCLUDE_HEARTBEAT_EXTENSION = false, INCLUDE_EXTENDED_MASTER_SECRET_EXTENSION=INCLUDE_EXTENDED_MASTER_SECRET_EXTENSION = false, TCP_FRAGMENTATION=TCP_FRAGMENTATION = true, INCLUDE_RENEGOTIATION_EXTENSION=INCLUDE_RENEGOTIATION_EXTENSION = false, INCLUDE_GREASE_SIG_HASH_ALGORITHMS=INCLUDE_GREASE_SIG_HASH_ALGORITHMS = true, INCLUDE_ENCRYPT_THEN_MAC_EXTENSION=INCLUDE_ENCRYPT_THEN_MAC_EXTENSION = false, NAMED_GROUP=NAMED_GROUP = ECDH_X25519, INCLUDE_PSK_EXCHANGE_MODES_EXTENSION=INCLUDE_PSK_EXCHANGE_MODES_EXTENSION = false, INCLUDE_SESSION_TICKET_EXTENSION=INCLUDE_SESSION_TICKET_EXTENSION = true, INCLUDE_GREASE_CIPHER_SUITES=INCLUDE_GREASE_CIPHER_SUITES = false, CIPHER_SUITE=CIPHER_SUITE = TLS_AES_256_GCM_SHA384, INCLUDE_GREASE_NAMED_GROUPS=INCLUDE_GREASE_NAMED_GROUPS = false, INCLUDE_CHANGE_CIPHER_SPEC=INCLUDE_CHANGE_CIPHER_SPEC = false, INCLUDE_PADDING_EXTENSION=INCLUDE_PADDING_EXTENSION = false}",
    "ParameterCombination" : {
      "INCLUDE_HEARTBEAT_EXTENSION" : false,
      "INCLUDE_PSK_EXCHANGE_MODES_EXTENSION" : false,
      "CIPHER_SUITE" : "TLS_AES_256_GCM_SHA384",
      "INCLUDE_EXTENDED_MASTER_SECRET_EXTENSION" : false,
      "INCLUDE_PADDING_EXTENSION" : false,
      "INCLUDE_GREASE_NAMED_GROUPS" : false,
      "INCLUDE_GREASE_CIPHER_SUITES" : false,
      "INCLUDE_RENEGOTIATION_EXTENSION" : false,
      "NAMED_GROUP" : "ECDH_X25519",
      "TCP_FRAGMENTATION" : true,
      "INCLUDE_ENCRYPT_THEN_MAC_EXTENSION" : false,
      "INCLUDE_ALPN_EXTENSION" : false,
      "INCLUDE_GREASE_SIG_HASH_ALGORITHMS" : true,
      "INCLUDE_CHANGE_CIPHER_SPEC" : false,
      "INCLUDE_SESSION_TICKET_EXTENSION" : true,
      "RECORD_LENGTH" : 111,
      "MAX_FRAGMENT_LENGTH" : "TWO_9"
    },
    "AdditionalResultInformation" : null,
    "AdditionalTestInformation" : null,
    "SrcPort" : 15679,
    "DstPort" : 8443,
    "StartTimestamp" : "2023-12-12T11:59:44.655Z",
    "EndTimestamp" : "2023-12-12T11:59:45.687Z",
    "Stacktrace" : "java.lang.AssertionError: Did not receive a KeyUpdate in response\r\n\tat org.junit.Assert.fail(Assert.java:89)\r\n\tat org.junit.Assert.assertTrue(Assert.java:42)\r\n\tat de.rub.nds.tlstest.suite.tests.both.tls13.rfc8446.KeyUpdate.lambda$appDataUnderNewKeysSucceeds$3(KeyUpdate.java:134)\r\n\tat de.rub.nds.tlstest.framework.anvil.TlsTestCase.validateFinal(TlsTestCase.java:50)\r\n\tat de.rub.nds.tlstest.suite.tests.both.tls13.rfc8446.KeyUpdate.appDataUnderNewKeysSucceeds(KeyUpdate.java:131)\r\n\tat java.base/java.lang.reflect.Method.invoke(Method.java:566)\r\n\tat de.rub.nds.anvilcore.execution.PcapCapturingInvocationInterceptor.interceptTestTemplateMethod(PcapCapturingInvocationInterceptor.java:48)\r\n\tat java.base/java.util.stream.ForEachOps$ForEachOp$OfRef.accept(ForEachOps.java:183)\r\n\tat java.base/java.util.stream.ReferencePipeline$3$1.accept(ReferencePipeline.java:195)\r\n\tat java.base/java.util.stream.ReferencePipeline$2$1.accept(ReferencePipeline.java:177)\r\n\tat java.base/java.util.stream.ReferencePipeline$3$1.accept(ReferencePipeline.java:195)\r\n\tat java.base/java.util.stream.ForEachOps$ForEachOp$OfRef.accept(ForEachOps.java:183)\r\n\tat java.base/java.util.stream.ReferencePipeline$3$1.accept(ReferencePipeline.java:195)\r\n\tat java.base/java.util.Iterator.forEachRemaining(Iterator.java:133)\r\n\tat java.base/java.util.Spliterators$IteratorSpliterator.forEachRemaining(Spliterators.java:1801)\r\n\tat java.base/java.util.stream.AbstractPipeline.copyInto(AbstractPipeline.java:484)\r\n\tat java.base/java.util.stream.AbstractPipeline.wrapAndCopyInto(AbstractPipeline.java:474)\r\n\tat java.base/java.util.stream.ForEachOps$ForEachOp.evaluateSequential(ForEachOps.java:150)\r\n\tat java.base/java.util.stream.ForEachOps$ForEachOp$OfRef.evaluateSequential(ForEachOps.java:173)\r\n\tat java.base/java.util.stream.AbstractPipeline.evaluate(AbstractPipeline.java:234)\r\n\tat java.base/java.util.stream.ReferencePipeline.forEach(ReferencePipeline.java:497)\r\n\tat java.base/java.util.stream.ReferencePipeline$7$1.accept(ReferencePipeline.java:274)\r\n\tat java.base/java.util.ArrayList$ArrayListSpliterator.forEachRemaining(ArrayList.java:1655)\r\n\tat java.base/java.util.stream.AbstractPipeline.copyInto(AbstractPipeline.java:484)\r\n\tat java.base/java.util.stream.AbstractPipeline.wrapAndCopyInto(AbstractPipeline.java:474)\r\n\tat java.base/java.util.stream.ForEachOps$ForEachOp.evaluateSequential(ForEachOps.java:150)\r\n\tat java.base/java.util.stream.ForEachOps$ForEachOp$OfRef.evaluateSequential(ForEachOps.java:173)\r\n\tat java.base/java.util.stream.AbstractPipeline.evaluate(AbstractPipeline.java:234)\r\n\tat java.base/java.util.stream.ReferencePipeline.forEach(ReferencePipeline.java:497)\r\n\tat java.base/java.util.concurrent.RecursiveAction.exec(RecursiveAction.java:189)\r\n\tat java.base/java.util.concurrent.ForkJoinTask.doExec(ForkJoinTask.java:290)\r\n\tat java.base/java.util.concurrent.ForkJoinPool$WorkQueue.topLevelExec(ForkJoinPool.java:1020)\r\n\tat java.base/java.util.concurrent.ForkJoinPool.scan(ForkJoinPool.java:1656)\r\n\tat java.base/java.util.concurrent.ForkJoinPool.runWorker(ForkJoinPool.java:1594)\r\n\tat java.base/java.util.concurrent.ForkJoinWorkerThread.run(ForkJoinWorkerThread.java:183)\r\n",
    "uuid" : "5628A3E0193FF8F46236BF04DAD43A28E2413A92B91A5291F23B64D977094434"
  }, {
    "Result" : "FULLY_FAILED",
    "DisplayName" : "[10] Combination{INCLUDE_ALPN_EXTENSION=INCLUDE_ALPN_EXTENSION = false, RECORD_LENGTH=RECORD_LENGTH = 111, MAX_FRAGMENT_LENGTH=MAX_FRAGMENT_LENGTH = TWO_9, INCLUDE_HEARTBEAT_EXTENSION=INCLUDE_HEARTBEAT_EXTENSION = false, INCLUDE_EXTENDED_MASTER_SECRET_EXTENSION=INCLUDE_EXTENDED_MASTER_SECRET_EXTENSION = false, TCP_FRAGMENTATION=TCP_FRAGMENTATION = true, INCLUDE_RENEGOTIATION_EXTENSION=INCLUDE_RENEGOTIATION_EXTENSION = false, INCLUDE_GREASE_SIG_HASH_ALGORITHMS=INCLUDE_GREASE_SIG_HASH_ALGORITHMS = false, INCLUDE_ENCRYPT_THEN_MAC_EXTENSION=INCLUDE_ENCRYPT_THEN_MAC_EXTENSION = false, NAMED_GROUP=NAMED_GROUP = ECDH_X25519, INCLUDE_PSK_EXCHANGE_MODES_EXTENSION=INCLUDE_PSK_EXCHANGE_MODES_EXTENSION = false, INCLUDE_SESSION_TICKET_EXTENSION=INCLUDE_SESSION_TICKET_EXTENSION = true, INCLUDE_GREASE_CIPHER_SUITES=INCLUDE_GREASE_CIPHER_SUITES = false, CIPHER_SUITE=CIPHER_SUITE = TLS_AES_256_GCM_SHA384, INCLUDE_GREASE_NAMED_GROUPS=INCLUDE_GREASE_NAMED_GROUPS = false, INCLUDE_CHANGE_CIPHER_SPEC=INCLUDE_CHANGE_CIPHER_SPEC = false, INCLUDE_PADDING_EXTENSION=INCLUDE_PADDING_EXTENSION = false}",
    "ParameterCombination" : {
      "INCLUDE_HEARTBEAT_EXTENSION" : false,
      "INCLUDE_PSK_EXCHANGE_MODES_EXTENSION" : false,
      "CIPHER_SUITE" : "TLS_AES_256_GCM_SHA384",
      "INCLUDE_EXTENDED_MASTER_SECRET_EXTENSION" : false,
      "INCLUDE_PADDING_EXTENSION" : false,
      "INCLUDE_GREASE_NAMED_GROUPS" : false,
      "INCLUDE_GREASE_CIPHER_SUITES" : false,
      "INCLUDE_RENEGOTIATION_EXTENSION" : false,
      "NAMED_GROUP" : "ECDH_X25519",
      "TCP_FRAGMENTATION" : true,
      "INCLUDE_ENCRYPT_THEN_MAC_EXTENSION" : false,
      "INCLUDE_ALPN_EXTENSION" : false,
      "INCLUDE_GREASE_SIG_HASH_ALGORITHMS" : false,
      "INCLUDE_CHANGE_CIPHER_SPEC" : false,
      "INCLUDE_SESSION_TICKET_EXTENSION" : true,
      "RECORD_LENGTH" : 111,
      "MAX_FRAGMENT_LENGTH" : "TWO_9"
    },
    "AdditionalResultInformation" : null,
    "AdditionalTestInformation" : null,
    "SrcPort" : 15681,
    "DstPort" : 8443,
    "StartTimestamp" : "2023-12-12T11:59:45.942Z",
    "EndTimestamp" : "2023-12-12T11:59:46.980Z",
    "Stacktrace" : "java.lang.AssertionError: Did not receive a KeyUpdate in response\r\n\tat org.junit.Assert.fail(Assert.java:89)\r\n\tat org.junit.Assert.assertTrue(Assert.java:42)\r\n\tat de.rub.nds.tlstest.suite.tests.both.tls13.rfc8446.KeyUpdate.lambda$appDataUnderNewKeysSucceeds$3(KeyUpdate.java:134)\r\n\tat de.rub.nds.tlstest.framework.anvil.TlsTestCase.validateFinal(TlsTestCase.java:50)\r\n\tat de.rub.nds.tlstest.suite.tests.both.tls13.rfc8446.KeyUpdate.appDataUnderNewKeysSucceeds(KeyUpdate.java:131)\r\n\tat java.base/java.lang.reflect.Method.invoke(Method.java:566)\r\n\tat de.rub.nds.anvilcore.execution.PcapCapturingInvocationInterceptor.interceptTestTemplateMethod(PcapCapturingInvocationInterceptor.java:48)\r\n\tat java.base/java.util.stream.ForEachOps$ForEachOp$OfRef.accept(ForEachOps.java:183)\r\n\tat java.base/java.util.stream.ReferencePipeline$3$1.accept(ReferencePipeline.java:195)\r\n\tat java.base/java.util.stream.ReferencePipeline$2$1.accept(ReferencePipeline.java:177)\r\n\tat java.base/java.util.stream.ReferencePipeline$3$1.accept(ReferencePipeline.java:195)\r\n\tat java.base/java.util.stream.ForEachOps$ForEachOp$OfRef.accept(ForEachOps.java:183)\r\n\tat java.base/java.util.stream.ReferencePipeline$3$1.accept(ReferencePipeline.java:195)\r\n\tat java.base/java.util.Iterator.forEachRemaining(Iterator.java:133)\r\n\tat java.base/java.util.Spliterators$IteratorSpliterator.forEachRemaining(Spliterators.java:1801)\r\n\tat java.base/java.util.stream.AbstractPipeline.copyInto(AbstractPipeline.java:484)\r\n\tat java.base/java.util.stream.AbstractPipeline.wrapAndCopyInto(AbstractPipeline.java:474)\r\n\tat java.base/java.util.stream.ForEachOps$ForEachOp.evaluateSequential(ForEachOps.java:150)\r\n\tat java.base/java.util.stream.ForEachOps$ForEachOp$OfRef.evaluateSequential(ForEachOps.java:173)\r\n\tat java.base/java.util.stream.AbstractPipeline.evaluate(AbstractPipeline.java:234)\r\n\tat java.base/java.util.stream.ReferencePipeline.forEach(ReferencePipeline.java:497)\r\n\tat java.base/java.util.stream.ReferencePipeline$7$1.accept(ReferencePipeline.java:274)\r\n\tat java.base/java.util.ArrayList$ArrayListSpliterator.forEachRemaining(ArrayList.java:1655)\r\n\tat java.base/java.util.stream.AbstractPipeline.copyInto(AbstractPipeline.java:484)\r\n\tat java.base/java.util.stream.AbstractPipeline.wrapAndCopyInto(AbstractPipeline.java:474)\r\n\tat java.base/java.util.stream.ForEachOps$ForEachOp.evaluateSequential(ForEachOps.java:150)\r\n\tat java.base/java.util.stream.ForEachOps$ForEachOp$OfRef.evaluateSequential(ForEachOps.java:173)\r\n\tat java.base/java.util.stream.AbstractPipeline.evaluate(AbstractPipeline.java:234)\r\n\tat java.base/java.util.stream.ReferencePipeline.forEach(ReferencePipeline.java:497)\r\n\tat java.base/java.util.concurrent.RecursiveAction.exec(RecursiveAction.java:189)\r\n\tat java.base/java.util.concurrent.ForkJoinTask.doExec(ForkJoinTask.java:290)\r\n\tat java.base/java.util.concurrent.ForkJoinPool$WorkQueue.topLevelExec(ForkJoinPool.java:1020)\r\n\tat java.base/java.util.concurrent.ForkJoinPool.scan(ForkJoinPool.java:1656)\r\n\tat java.base/java.util.concurrent.ForkJoinPool.runWorker(ForkJoinPool.java:1594)\r\n\tat java.base/java.util.concurrent.ForkJoinWorkerThread.run(ForkJoinWorkerThread.java:183)\r\n",
    "uuid" : "374F52F4ED03A339CBFC11B096BBB02C15A38593884D425FACB96BF0F553D3CE"
  }, {
    "Result" : "FULLY_FAILED",
    "DisplayName" : "[11] Combination{INCLUDE_ALPN_EXTENSION=INCLUDE_ALPN_EXTENSION = false, RECORD_LENGTH=RECORD_LENGTH = 111, MAX_FRAGMENT_LENGTH=MAX_FRAGMENT_LENGTH = TWO_9, INCLUDE_HEARTBEAT_EXTENSION=INCLUDE_HEARTBEAT_EXTENSION = true, INCLUDE_EXTENDED_MASTER_SECRET_EXTENSION=INCLUDE_EXTENDED_MASTER_SECRET_EXTENSION = false, TCP_FRAGMENTATION=TCP_FRAGMENTATION = true, INCLUDE_RENEGOTIATION_EXTENSION=INCLUDE_RENEGOTIATION_EXTENSION = false, INCLUDE_GREASE_SIG_HASH_ALGORITHMS=INCLUDE_GREASE_SIG_HASH_ALGORITHMS = false, INCLUDE_ENCRYPT_THEN_MAC_EXTENSION=INCLUDE_ENCRYPT_THEN_MAC_EXTENSION = false, NAMED_GROUP=NAMED_GROUP = ECDH_X25519, INCLUDE_PSK_EXCHANGE_MODES_EXTENSION=INCLUDE_PSK_EXCHANGE_MODES_EXTENSION = false, INCLUDE_SESSION_TICKET_EXTENSION=INCLUDE_SESSION_TICKET_EXTENSION = false, INCLUDE_GREASE_CIPHER_SUITES=INCLUDE_GREASE_CIPHER_SUITES = false, CIPHER_SUITE=CIPHER_SUITE = TLS_AES_256_GCM_SHA384, INCLUDE_GREASE_NAMED_GROUPS=INCLUDE_GREASE_NAMED_GROUPS = false, INCLUDE_CHANGE_CIPHER_SPEC=INCLUDE_CHANGE_CIPHER_SPEC = false, INCLUDE_PADDING_EXTENSION=INCLUDE_PADDING_EXTENSION = true}",
    "ParameterCombination" : {
      "INCLUDE_HEARTBEAT_EXTENSION" : true,
      "INCLUDE_PSK_EXCHANGE_MODES_EXTENSION" : false,
      "CIPHER_SUITE" : "TLS_AES_256_GCM_SHA384",
      "INCLUDE_EXTENDED_MASTER_SECRET_EXTENSION" : false,
      "INCLUDE_PADDING_EXTENSION" : true,
      "INCLUDE_GREASE_NAMED_GROUPS" : false,
      "INCLUDE_GREASE_CIPHER_SUITES" : false,
      "INCLUDE_RENEGOTIATION_EXTENSION" : false,
      "NAMED_GROUP" : "ECDH_X25519",
      "TCP_FRAGMENTATION" : true,
      "INCLUDE_ENCRYPT_THEN_MAC_EXTENSION" : false,
      "INCLUDE_ALPN_EXTENSION" : false,
      "INCLUDE_GREASE_SIG_HASH_ALGORITHMS" : false,
      "INCLUDE_CHANGE_CIPHER_SPEC" : false,
      "INCLUDE_SESSION_TICKET_EXTENSION" : false,
      "RECORD_LENGTH" : 111,
      "MAX_FRAGMENT_LENGTH" : "TWO_9"
    },
    "AdditionalResultInformation" : null,
    "AdditionalTestInformation" : null,
    "SrcPort" : 15683,
    "DstPort" : 8443,
    "StartTimestamp" : "2023-12-12T11:59:47.233Z",
    "EndTimestamp" : "2023-12-12T11:59:48.257Z",
    "Stacktrace" : "java.lang.AssertionError: Did not receive a KeyUpdate in response\r\n\tat org.junit.Assert.fail(Assert.java:89)\r\n\tat org.junit.Assert.assertTrue(Assert.java:42)\r\n\tat de.rub.nds.tlstest.suite.tests.both.tls13.rfc8446.KeyUpdate.lambda$appDataUnderNewKeysSucceeds$3(KeyUpdate.java:134)\r\n\tat de.rub.nds.tlstest.framework.anvil.TlsTestCase.validateFinal(TlsTestCase.java:50)\r\n\tat de.rub.nds.tlstest.suite.tests.both.tls13.rfc8446.KeyUpdate.appDataUnderNewKeysSucceeds(KeyUpdate.java:131)\r\n\tat java.base/java.lang.reflect.Method.invoke(Method.java:566)\r\n\tat de.rub.nds.anvilcore.execution.PcapCapturingInvocationInterceptor.interceptTestTemplateMethod(PcapCapturingInvocationInterceptor.java:48)\r\n\tat java.base/java.util.stream.ForEachOps$ForEachOp$OfRef.accept(ForEachOps.java:183)\r\n\tat java.base/java.util.stream.ReferencePipeline$3$1.accept(ReferencePipeline.java:195)\r\n\tat java.base/java.util.stream.ReferencePipeline$2$1.accept(ReferencePipeline.java:177)\r\n\tat java.base/java.util.stream.ReferencePipeline$3$1.accept(ReferencePipeline.java:195)\r\n\tat java.base/java.util.stream.ForEachOps$ForEachOp$OfRef.accept(ForEachOps.java:183)\r\n\tat java.base/java.util.stream.ReferencePipeline$3$1.accept(ReferencePipeline.java:195)\r\n\tat java.base/java.util.Iterator.forEachRemaining(Iterator.java:133)\r\n\tat java.base/java.util.Spliterators$IteratorSpliterator.forEachRemaining(Spliterators.java:1801)\r\n\tat java.base/java.util.stream.AbstractPipeline.copyInto(AbstractPipeline.java:484)\r\n\tat java.base/java.util.stream.AbstractPipeline.wrapAndCopyInto(AbstractPipeline.java:474)\r\n\tat java.base/java.util.stream.ForEachOps$ForEachOp.evaluateSequential(ForEachOps.java:150)\r\n\tat java.base/java.util.stream.ForEachOps$ForEachOp$OfRef.evaluateSequential(ForEachOps.java:173)\r\n\tat java.base/java.util.stream.AbstractPipeline.evaluate(AbstractPipeline.java:234)\r\n\tat java.base/java.util.stream.ReferencePipeline.forEach(ReferencePipeline.java:497)\r\n\tat java.base/java.util.stream.ReferencePipeline$7$1.accept(ReferencePipeline.java:274)\r\n\tat java.base/java.util.ArrayList$ArrayListSpliterator.forEachRemaining(ArrayList.java:1655)\r\n\tat java.base/java.util.stream.AbstractPipeline.copyInto(AbstractPipeline.java:484)\r\n\tat java.base/java.util.stream.AbstractPipeline.wrapAndCopyInto(AbstractPipeline.java:474)\r\n\tat java.base/java.util.stream.ForEachOps$ForEachOp.evaluateSequential(ForEachOps.java:150)\r\n\tat java.base/java.util.stream.ForEachOps$ForEachOp$OfRef.evaluateSequential(ForEachOps.java:173)\r\n\tat java.base/java.util.stream.AbstractPipeline.evaluate(AbstractPipeline.java:234)\r\n\tat java.base/java.util.stream.ReferencePipeline.forEach(ReferencePipeline.java:497)\r\n\tat java.base/java.util.concurrent.RecursiveAction.exec(RecursiveAction.java:189)\r\n\tat java.base/java.util.concurrent.ForkJoinTask.doExec(ForkJoinTask.java:290)\r\n\tat java.base/java.util.concurrent.ForkJoinPool$WorkQueue.topLevelExec(ForkJoinPool.java:1020)\r\n\tat java.base/java.util.concurrent.ForkJoinPool.scan(ForkJoinPool.java:1656)\r\n\tat java.base/java.util.concurrent.ForkJoinPool.runWorker(ForkJoinPool.java:1594)\r\n\tat java.base/java.util.concurrent.ForkJoinWorkerThread.run(ForkJoinWorkerThread.java:183)\r\n",
    "uuid" : "51C648DDCD288DA26BDB8900D21D699AE8862A6CD0110A9146EBD13C25E2AC09"
  }, {
    "Result" : "FULLY_FAILED",
    "DisplayName" : "[12] Combination{INCLUDE_ALPN_EXTENSION=INCLUDE_ALPN_EXTENSION = false, RECORD_LENGTH=RECORD_LENGTH = 111, MAX_FRAGMENT_LENGTH=MAX_FRAGMENT_LENGTH = TWO_10, INCLUDE_HEARTBEAT_EXTENSION=INCLUDE_HEARTBEAT_EXTENSION = false, INCLUDE_EXTENDED_MASTER_SECRET_EXTENSION=INCLUDE_EXTENDED_MASTER_SECRET_EXTENSION = false, TCP_FRAGMENTATION=TCP_FRAGMENTATION = true, INCLUDE_RENEGOTIATION_EXTENSION=INCLUDE_RENEGOTIATION_EXTENSION = false, INCLUDE_GREASE_SIG_HASH_ALGORITHMS=INCLUDE_GREASE_SIG_HASH_ALGORITHMS = false, INCLUDE_ENCRYPT_THEN_MAC_EXTENSION=INCLUDE_ENCRYPT_THEN_MAC_EXTENSION = false, NAMED_GROUP=NAMED_GROUP = ECDH_X25519, INCLUDE_PSK_EXCHANGE_MODES_EXTENSION=INCLUDE_PSK_EXCHANGE_MODES_EXTENSION = false, INCLUDE_SESSION_TICKET_EXTENSION=INCLUDE_SESSION_TICKET_EXTENSION = false, INCLUDE_GREASE_CIPHER_SUITES=INCLUDE_GREASE_CIPHER_SUITES = false, CIPHER_SUITE=CIPHER_SUITE = TLS_AES_256_GCM_SHA384, INCLUDE_GREASE_NAMED_GROUPS=INCLUDE_GREASE_NAMED_GROUPS = false, INCLUDE_CHANGE_CIPHER_SPEC=INCLUDE_CHANGE_CIPHER_SPEC = false, INCLUDE_PADDING_EXTENSION=INCLUDE_PADDING_EXTENSION = false}",
    "ParameterCombination" : {
      "INCLUDE_HEARTBEAT_EXTENSION" : false,
      "INCLUDE_PSK_EXCHANGE_MODES_EXTENSION" : false,
      "CIPHER_SUITE" : "TLS_AES_256_GCM_SHA384",
      "INCLUDE_EXTENDED_MASTER_SECRET_EXTENSION" : false,
      "INCLUDE_PADDING_EXTENSION" : false,
      "INCLUDE_GREASE_NAMED_GROUPS" : false,
      "INCLUDE_GREASE_CIPHER_SUITES" : false,
      "INCLUDE_RENEGOTIATION_EXTENSION" : false,
      "NAMED_GROUP" : "ECDH_X25519",
      "TCP_FRAGMENTATION" : true,
      "INCLUDE_ENCRYPT_THEN_MAC_EXTENSION" : false,
      "INCLUDE_ALPN_EXTENSION" : false,
      "INCLUDE_GREASE_SIG_HASH_ALGORITHMS" : false,
      "INCLUDE_CHANGE_CIPHER_SPEC" : false,
      "INCLUDE_SESSION_TICKET_EXTENSION" : false,
      "RECORD_LENGTH" : 111,
      "MAX_FRAGMENT_LENGTH" : "TWO_10"
    },
    "AdditionalResultInformation" : null,
    "AdditionalTestInformation" : null,
    "SrcPort" : 15685,
    "DstPort" : 8443,
    "StartTimestamp" : "2023-12-12T11:59:48.519Z",
    "EndTimestamp" : "2023-12-12T11:59:49.553Z",
    "Stacktrace" : "java.lang.AssertionError: Did not receive a KeyUpdate in response\r\n\tat org.junit.Assert.fail(Assert.java:89)\r\n\tat org.junit.Assert.assertTrue(Assert.java:42)\r\n\tat de.rub.nds.tlstest.suite.tests.both.tls13.rfc8446.KeyUpdate.lambda$appDataUnderNewKeysSucceeds$3(KeyUpdate.java:134)\r\n\tat de.rub.nds.tlstest.framework.anvil.TlsTestCase.validateFinal(TlsTestCase.java:50)\r\n\tat de.rub.nds.tlstest.suite.tests.both.tls13.rfc8446.KeyUpdate.appDataUnderNewKeysSucceeds(KeyUpdate.java:131)\r\n\tat java.base/java.lang.reflect.Method.invoke(Method.java:566)\r\n\tat de.rub.nds.anvilcore.execution.PcapCapturingInvocationInterceptor.interceptTestTemplateMethod(PcapCapturingInvocationInterceptor.java:48)\r\n\tat java.base/java.util.stream.ForEachOps$ForEachOp$OfRef.accept(ForEachOps.java:183)\r\n\tat java.base/java.util.stream.ReferencePipeline$3$1.accept(ReferencePipeline.java:195)\r\n\tat java.base/java.util.stream.ReferencePipeline$2$1.accept(ReferencePipeline.java:177)\r\n\tat java.base/java.util.stream.ReferencePipeline$3$1.accept(ReferencePipeline.java:195)\r\n\tat java.base/java.util.stream.ForEachOps$ForEachOp$OfRef.accept(ForEachOps.java:183)\r\n\tat java.base/java.util.stream.ReferencePipeline$3$1.accept(ReferencePipeline.java:195)\r\n\tat java.base/java.util.Iterator.forEachRemaining(Iterator.java:133)\r\n\tat java.base/java.util.Spliterators$IteratorSpliterator.forEachRemaining(Spliterators.java:1801)\r\n\tat java.base/java.util.stream.AbstractPipeline.copyInto(AbstractPipeline.java:484)\r\n\tat java.base/java.util.stream.AbstractPipeline.wrapAndCopyInto(AbstractPipeline.java:474)\r\n\tat java.base/java.util.stream.ForEachOps$ForEachOp.evaluateSequential(ForEachOps.java:150)\r\n\tat java.base/java.util.stream.ForEachOps$ForEachOp$OfRef.evaluateSequential(ForEachOps.java:173)\r\n\tat java.base/java.util.stream.AbstractPipeline.evaluate(AbstractPipeline.java:234)\r\n\tat java.base/java.util.stream.ReferencePipeline.forEach(ReferencePipeline.java:497)\r\n\tat java.base/java.util.stream.ReferencePipeline$7$1.accept(ReferencePipeline.java:274)\r\n\tat java.base/java.util.ArrayList$ArrayListSpliterator.forEachRemaining(ArrayList.java:1655)\r\n\tat java.base/java.util.stream.AbstractPipeline.copyInto(AbstractPipeline.java:484)\r\n\tat java.base/java.util.stream.AbstractPipeline.wrapAndCopyInto(AbstractPipeline.java:474)\r\n\tat java.base/java.util.stream.ForEachOps$ForEachOp.evaluateSequential(ForEachOps.java:150)\r\n\tat java.base/java.util.stream.ForEachOps$ForEachOp$OfRef.evaluateSequential(ForEachOps.java:173)\r\n\tat java.base/java.util.stream.AbstractPipeline.evaluate(AbstractPipeline.java:234)\r\n\tat java.base/java.util.stream.ReferencePipeline.forEach(ReferencePipeline.java:497)\r\n\tat java.base/java.util.concurrent.RecursiveAction.exec(RecursiveAction.java:189)\r\n\tat java.base/java.util.concurrent.ForkJoinTask.doExec(ForkJoinTask.java:290)\r\n\tat java.base/java.util.concurrent.ForkJoinPool$WorkQueue.topLevelExec(ForkJoinPool.java:1020)\r\n\tat java.base/java.util.concurrent.ForkJoinPool.scan(ForkJoinPool.java:1656)\r\n\tat java.base/java.util.concurrent.ForkJoinPool.runWorker(ForkJoinPool.java:1594)\r\n\tat java.base/java.util.concurrent.ForkJoinWorkerThread.run(ForkJoinWorkerThread.java:183)\r\n",
    "uuid" : "23F459DD836FCCDD2B5D29BF0194AE89500E25BDA3D49A2647C93F7505579292"
  }, {
    "Result" : "FULLY_FAILED",
    "DisplayName" : "[13] Combination{INCLUDE_ALPN_EXTENSION=INCLUDE_ALPN_EXTENSION = false, RECORD_LENGTH=RECORD_LENGTH = 1, MAX_FRAGMENT_LENGTH=MAX_FRAGMENT_LENGTH = TWO_9, INCLUDE_HEARTBEAT_EXTENSION=INCLUDE_HEARTBEAT_EXTENSION = false, INCLUDE_EXTENDED_MASTER_SECRET_EXTENSION=INCLUDE_EXTENDED_MASTER_SECRET_EXTENSION = false, TCP_FRAGMENTATION=TCP_FRAGMENTATION = true, INCLUDE_RENEGOTIATION_EXTENSION=INCLUDE_RENEGOTIATION_EXTENSION = false, INCLUDE_GREASE_SIG_HASH_ALGORITHMS=INCLUDE_GREASE_SIG_HASH_ALGORITHMS = false, INCLUDE_ENCRYPT_THEN_MAC_EXTENSION=INCLUDE_ENCRYPT_THEN_MAC_EXTENSION = false, NAMED_GROUP=NAMED_GROUP = ECDH_X25519, INCLUDE_PSK_EXCHANGE_MODES_EXTENSION=INCLUDE_PSK_EXCHANGE_MODES_EXTENSION = true, INCLUDE_SESSION_TICKET_EXTENSION=INCLUDE_SESSION_TICKET_EXTENSION = false, INCLUDE_GREASE_CIPHER_SUITES=INCLUDE_GREASE_CIPHER_SUITES = false, CIPHER_SUITE=CIPHER_SUITE = TLS_AES_256_GCM_SHA384, INCLUDE_GREASE_NAMED_GROUPS=INCLUDE_GREASE_NAMED_GROUPS = false, INCLUDE_CHANGE_CIPHER_SPEC=INCLUDE_CHANGE_CIPHER_SPEC = false, INCLUDE_PADDING_EXTENSION=INCLUDE_PADDING_EXTENSION = false}",
    "ParameterCombination" : {
      "INCLUDE_HEARTBEAT_EXTENSION" : false,
      "INCLUDE_PSK_EXCHANGE_MODES_EXTENSION" : true,
      "CIPHER_SUITE" : "TLS_AES_256_GCM_SHA384",
      "INCLUDE_EXTENDED_MASTER_SECRET_EXTENSION" : false,
      "INCLUDE_PADDING_EXTENSION" : false,
      "INCLUDE_GREASE_NAMED_GROUPS" : false,
      "INCLUDE_GREASE_CIPHER_SUITES" : false,
      "INCLUDE_RENEGOTIATION_EXTENSION" : false,
      "NAMED_GROUP" : "ECDH_X25519",
      "TCP_FRAGMENTATION" : true,
      "INCLUDE_ENCRYPT_THEN_MAC_EXTENSION" : false,
      "INCLUDE_ALPN_EXTENSION" : false,
      "INCLUDE_GREASE_SIG_HASH_ALGORITHMS" : false,
      "INCLUDE_CHANGE_CIPHER_SPEC" : false,
      "INCLUDE_SESSION_TICKET_EXTENSION" : false,
      "RECORD_LENGTH" : 1,
      "MAX_FRAGMENT_LENGTH" : "TWO_9"
    },
    "AdditionalResultInformation" : null,
    "AdditionalTestInformation" : null,
    "SrcPort" : 15687,
    "DstPort" : 8443,
    "StartTimestamp" : "2023-12-12T11:59:49.808Z",
    "EndTimestamp" : "2023-12-12T11:59:50.828Z",
    "Stacktrace" : "java.lang.AssertionError: Did not receive a KeyUpdate in response\r\n\tat org.junit.Assert.fail(Assert.java:89)\r\n\tat org.junit.Assert.assertTrue(Assert.java:42)\r\n\tat de.rub.nds.tlstest.suite.tests.both.tls13.rfc8446.KeyUpdate.lambda$appDataUnderNewKeysSucceeds$3(KeyUpdate.java:134)\r\n\tat de.rub.nds.tlstest.framework.anvil.TlsTestCase.validateFinal(TlsTestCase.java:50)\r\n\tat de.rub.nds.tlstest.suite.tests.both.tls13.rfc8446.KeyUpdate.appDataUnderNewKeysSucceeds(KeyUpdate.java:131)\r\n\tat java.base/java.lang.reflect.Method.invoke(Method.java:566)\r\n\tat de.rub.nds.anvilcore.execution.PcapCapturingInvocationInterceptor.interceptTestTemplateMethod(PcapCapturingInvocationInterceptor.java:48)\r\n\tat java.base/java.util.stream.ForEachOps$ForEachOp$OfRef.accept(ForEachOps.java:183)\r\n\tat java.base/java.util.stream.ReferencePipeline$3$1.accept(ReferencePipeline.java:195)\r\n\tat java.base/java.util.stream.ReferencePipeline$2$1.accept(ReferencePipeline.java:177)\r\n\tat java.base/java.util.stream.ReferencePipeline$3$1.accept(ReferencePipeline.java:195)\r\n\tat java.base/java.util.stream.ForEachOps$ForEachOp$OfRef.accept(ForEachOps.java:183)\r\n\tat java.base/java.util.stream.ReferencePipeline$3$1.accept(ReferencePipeline.java:195)\r\n\tat java.base/java.util.Iterator.forEachRemaining(Iterator.java:133)\r\n\tat java.base/java.util.Spliterators$IteratorSpliterator.forEachRemaining(Spliterators.java:1801)\r\n\tat java.base/java.util.stream.AbstractPipeline.copyInto(AbstractPipeline.java:484)\r\n\tat java.base/java.util.stream.AbstractPipeline.wrapAndCopyInto(AbstractPipeline.java:474)\r\n\tat java.base/java.util.stream.ForEachOps$ForEachOp.evaluateSequential(ForEachOps.java:150)\r\n\tat java.base/java.util.stream.ForEachOps$ForEachOp$OfRef.evaluateSequential(ForEachOps.java:173)\r\n\tat java.base/java.util.stream.AbstractPipeline.evaluate(AbstractPipeline.java:234)\r\n\tat java.base/java.util.stream.ReferencePipeline.forEach(ReferencePipeline.java:497)\r\n\tat java.base/java.util.stream.ReferencePipeline$7$1.accept(ReferencePipeline.java:274)\r\n\tat java.base/java.util.ArrayList$ArrayListSpliterator.forEachRemaining(ArrayList.java:1655)\r\n\tat java.base/java.util.stream.AbstractPipeline.copyInto(AbstractPipeline.java:484)\r\n\tat java.base/java.util.stream.AbstractPipeline.wrapAndCopyInto(AbstractPipeline.java:474)\r\n\tat java.base/java.util.stream.ForEachOps$ForEachOp.evaluateSequential(ForEachOps.java:150)\r\n\tat java.base/java.util.stream.ForEachOps$ForEachOp$OfRef.evaluateSequential(ForEachOps.java:173)\r\n\tat java.base/java.util.stream.AbstractPipeline.evaluate(AbstractPipeline.java:234)\r\n\tat java.base/java.util.stream.ReferencePipeline.forEach(ReferencePipeline.java:497)\r\n\tat java.base/java.util.concurrent.RecursiveAction.exec(RecursiveAction.java:189)\r\n\tat java.base/java.util.concurrent.ForkJoinTask.doExec(ForkJoinTask.java:290)\r\n\tat java.base/java.util.concurrent.ForkJoinPool$WorkQueue.topLevelExec(ForkJoinPool.java:1020)\r\n\tat java.base/java.util.concurrent.ForkJoinPool.scan(ForkJoinPool.java:1656)\r\n\tat java.base/java.util.concurrent.ForkJoinPool.runWorker(ForkJoinPool.java:1594)\r\n\tat java.base/java.util.concurrent.ForkJoinWorkerThread.run(ForkJoinWorkerThread.java:183)\r\n",
    "uuid" : "240301A25A4DDCD447B267120C86FAC68EFA867B60FFC8227C2181609277B04B"
  }, {
    "Result" : "FULLY_FAILED",
    "DisplayName" : "[14] Combination{INCLUDE_ALPN_EXTENSION=INCLUDE_ALPN_EXTENSION = false, RECORD_LENGTH=RECORD_LENGTH = 111, MAX_FRAGMENT_LENGTH=MAX_FRAGMENT_LENGTH = TWO_9, INCLUDE_HEARTBEAT_EXTENSION=INCLUDE_HEARTBEAT_EXTENSION = false, INCLUDE_EXTENDED_MASTER_SECRET_EXTENSION=INCLUDE_EXTENDED_MASTER_SECRET_EXTENSION = true, TCP_FRAGMENTATION=TCP_FRAGMENTATION = true, INCLUDE_RENEGOTIATION_EXTENSION=INCLUDE_RENEGOTIATION_EXTENSION = false, INCLUDE_GREASE_SIG_HASH_ALGORITHMS=INCLUDE_GREASE_SIG_HASH_ALGORITHMS = false, INCLUDE_ENCRYPT_THEN_MAC_EXTENSION=INCLUDE_ENCRYPT_THEN_MAC_EXTENSION = false, NAMED_GROUP=NAMED_GROUP = ECDH_X25519, INCLUDE_PSK_EXCHANGE_MODES_EXTENSION=INCLUDE_PSK_EXCHANGE_MODES_EXTENSION = false, INCLUDE_SESSION_TICKET_EXTENSION=INCLUDE_SESSION_TICKET_EXTENSION = false, INCLUDE_GREASE_CIPHER_SUITES=INCLUDE_GREASE_CIPHER_SUITES = false, CIPHER_SUITE=CIPHER_SUITE = TLS_AES_256_GCM_SHA384, INCLUDE_GREASE_NAMED_GROUPS=INCLUDE_GREASE_NAMED_GROUPS = true, INCLUDE_CHANGE_CIPHER_SPEC=INCLUDE_CHANGE_CIPHER_SPEC = false, INCLUDE_PADDING_EXTENSION=INCLUDE_PADDING_EXTENSION = false}",
    "ParameterCombination" : {
      "INCLUDE_HEARTBEAT_EXTENSION" : false,
      "INCLUDE_PSK_EXCHANGE_MODES_EXTENSION" : false,
      "CIPHER_SUITE" : "TLS_AES_256_GCM_SHA384",
      "INCLUDE_EXTENDED_MASTER_SECRET_EXTENSION" : true,
      "INCLUDE_PADDING_EXTENSION" : false,
      "INCLUDE_GREASE_NAMED_GROUPS" : true,
      "INCLUDE_GREASE_CIPHER_SUITES" : false,
      "INCLUDE_RENEGOTIATION_EXTENSION" : false,
      "NAMED_GROUP" : "ECDH_X25519",
      "TCP_FRAGMENTATION" : true,
      "INCLUDE_ENCRYPT_THEN_MAC_EXTENSION" : false,
      "INCLUDE_ALPN_EXTENSION" : false,
      "INCLUDE_GREASE_SIG_HASH_ALGORITHMS" : false,
      "INCLUDE_CHANGE_CIPHER_SPEC" : false,
      "INCLUDE_SESSION_TICKET_EXTENSION" : false,
      "RECORD_LENGTH" : 111,
      "MAX_FRAGMENT_LENGTH" : "TWO_9"
    },
    "AdditionalResultInformation" : null,
    "AdditionalTestInformation" : null,
    "SrcPort" : 15689,
    "DstPort" : 8443,
    "StartTimestamp" : "2023-12-12T11:59:51.082Z",
    "EndTimestamp" : "2023-12-12T11:59:52.107Z",
    "Stacktrace" : "java.lang.AssertionError: Did not receive a KeyUpdate in response\r\n\tat org.junit.Assert.fail(Assert.java:89)\r\n\tat org.junit.Assert.assertTrue(Assert.java:42)\r\n\tat de.rub.nds.tlstest.suite.tests.both.tls13.rfc8446.KeyUpdate.lambda$appDataUnderNewKeysSucceeds$3(KeyUpdate.java:134)\r\n\tat de.rub.nds.tlstest.framework.anvil.TlsTestCase.validateFinal(TlsTestCase.java:50)\r\n\tat de.rub.nds.tlstest.suite.tests.both.tls13.rfc8446.KeyUpdate.appDataUnderNewKeysSucceeds(KeyUpdate.java:131)\r\n\tat java.base/java.lang.reflect.Method.invoke(Method.java:566)\r\n\tat de.rub.nds.anvilcore.execution.PcapCapturingInvocationInterceptor.interceptTestTemplateMethod(PcapCapturingInvocationInterceptor.java:48)\r\n\tat java.base/java.util.stream.ForEachOps$ForEachOp$OfRef.accept(ForEachOps.java:183)\r\n\tat java.base/java.util.stream.ReferencePipeline$3$1.accept(ReferencePipeline.java:195)\r\n\tat java.base/java.util.stream.ReferencePipeline$2$1.accept(ReferencePipeline.java:177)\r\n\tat java.base/java.util.stream.ReferencePipeline$3$1.accept(ReferencePipeline.java:195)\r\n\tat java.base/java.util.stream.ForEachOps$ForEachOp$OfRef.accept(ForEachOps.java:183)\r\n\tat java.base/java.util.stream.ReferencePipeline$3$1.accept(ReferencePipeline.java:195)\r\n\tat java.base/java.util.Iterator.forEachRemaining(Iterator.java:133)\r\n\tat java.base/java.util.Spliterators$IteratorSpliterator.forEachRemaining(Spliterators.java:1801)\r\n\tat java.base/java.util.stream.AbstractPipeline.copyInto(AbstractPipeline.java:484)\r\n\tat java.base/java.util.stream.AbstractPipeline.wrapAndCopyInto(AbstractPipeline.java:474)\r\n\tat java.base/java.util.stream.ForEachOps$ForEachOp.evaluateSequential(ForEachOps.java:150)\r\n\tat java.base/java.util.stream.ForEachOps$ForEachOp$OfRef.evaluateSequential(ForEachOps.java:173)\r\n\tat java.base/java.util.stream.AbstractPipeline.evaluate(AbstractPipeline.java:234)\r\n\tat java.base/java.util.stream.ReferencePipeline.forEach(ReferencePipeline.java:497)\r\n\tat java.base/java.util.stream.ReferencePipeline$7$1.accept(ReferencePipeline.java:274)\r\n\tat java.base/java.util.ArrayList$ArrayListSpliterator.forEachRemaining(ArrayList.java:1655)\r\n\tat java.base/java.util.stream.AbstractPipeline.copyInto(AbstractPipeline.java:484)\r\n\tat java.base/java.util.stream.AbstractPipeline.wrapAndCopyInto(AbstractPipeline.java:474)\r\n\tat java.base/java.util.stream.ForEachOps$ForEachOp.evaluateSequential(ForEachOps.java:150)\r\n\tat java.base/java.util.stream.ForEachOps$ForEachOp$OfRef.evaluateSequential(ForEachOps.java:173)\r\n\tat java.base/java.util.stream.AbstractPipeline.evaluate(AbstractPipeline.java:234)\r\n\tat java.base/java.util.stream.ReferencePipeline.forEach(ReferencePipeline.java:497)\r\n\tat java.base/java.util.concurrent.RecursiveAction.exec(RecursiveAction.java:189)\r\n\tat java.base/java.util.concurrent.ForkJoinTask.doExec(ForkJoinTask.java:290)\r\n\tat java.base/java.util.concurrent.ForkJoinPool$WorkQueue.topLevelExec(ForkJoinPool.java:1020)\r\n\tat java.base/java.util.concurrent.ForkJoinPool.scan(ForkJoinPool.java:1656)\r\n\tat java.base/java.util.concurrent.ForkJoinPool.runWorker(ForkJoinPool.java:1594)\r\n\tat java.base/java.util.concurrent.ForkJoinWorkerThread.run(ForkJoinWorkerThread.java:183)\r\n",
    "uuid" : "F66FD0ACD4C62A47F8E4AEAE54AE353E48DFCEAC45F3FDD62D7D954E3575C681"
  }, {
    "Result" : "FULLY_FAILED",
    "DisplayName" : "[15] Combination{INCLUDE_ALPN_EXTENSION=INCLUDE_ALPN_EXTENSION = false, RECORD_LENGTH=RECORD_LENGTH = 111, MAX_FRAGMENT_LENGTH=MAX_FRAGMENT_LENGTH = TWO_9, INCLUDE_HEARTBEAT_EXTENSION=INCLUDE_HEARTBEAT_EXTENSION = false, INCLUDE_EXTENDED_MASTER_SECRET_EXTENSION=INCLUDE_EXTENDED_MASTER_SECRET_EXTENSION = false, TCP_FRAGMENTATION=TCP_FRAGMENTATION = true, INCLUDE_RENEGOTIATION_EXTENSION=INCLUDE_RENEGOTIATION_EXTENSION = false, INCLUDE_GREASE_SIG_HASH_ALGORITHMS=INCLUDE_GREASE_SIG_HASH_ALGORITHMS = false, INCLUDE_ENCRYPT_THEN_MAC_EXTENSION=INCLUDE_ENCRYPT_THEN_MAC_EXTENSION = false, NAMED_GROUP=NAMED_GROUP = SECP521R1, INCLUDE_PSK_EXCHANGE_MODES_EXTENSION=INCLUDE_PSK_EXCHANGE_MODES_EXTENSION = false, INCLUDE_SESSION_TICKET_EXTENSION=INCLUDE_SESSION_TICKET_EXTENSION = false, INCLUDE_GREASE_CIPHER_SUITES=INCLUDE_GREASE_CIPHER_SUITES = false, CIPHER_SUITE=CIPHER_SUITE = TLS_AES_256_GCM_SHA384, INCLUDE_GREASE_NAMED_GROUPS=INCLUDE_GREASE_NAMED_GROUPS = false, INCLUDE_CHANGE_CIPHER_SPEC=INCLUDE_CHANGE_CIPHER_SPEC = false, INCLUDE_PADDING_EXTENSION=INCLUDE_PADDING_EXTENSION = false}",
    "ParameterCombination" : {
      "INCLUDE_HEARTBEAT_EXTENSION" : false,
      "INCLUDE_PSK_EXCHANGE_MODES_EXTENSION" : false,
      "CIPHER_SUITE" : "TLS_AES_256_GCM_SHA384",
      "INCLUDE_EXTENDED_MASTER_SECRET_EXTENSION" : false,
      "INCLUDE_PADDING_EXTENSION" : false,
      "INCLUDE_GREASE_NAMED_GROUPS" : false,
      "INCLUDE_GREASE_CIPHER_SUITES" : false,
      "INCLUDE_RENEGOTIATION_EXTENSION" : false,
      "NAMED_GROUP" : "SECP521R1",
      "TCP_FRAGMENTATION" : true,
      "INCLUDE_ENCRYPT_THEN_MAC_EXTENSION" : false,
      "INCLUDE_ALPN_EXTENSION" : false,
      "INCLUDE_GREASE_SIG_HASH_ALGORITHMS" : false,
      "INCLUDE_CHANGE_CIPHER_SPEC" : false,
      "INCLUDE_SESSION_TICKET_EXTENSION" : false,
      "RECORD_LENGTH" : 111,
      "MAX_FRAGMENT_LENGTH" : "TWO_9"
    },
    "AdditionalResultInformation" : null,
    "AdditionalTestInformation" : null,
    "SrcPort" : 15691,
    "DstPort" : 8443,
    "StartTimestamp" : "2023-12-12T11:59:52.358Z",
    "EndTimestamp" : "2023-12-12T11:59:53.368Z",
    "Stacktrace" : "java.lang.AssertionError: Did not receive a KeyUpdate in response\r\n\tat org.junit.Assert.fail(Assert.java:89)\r\n\tat org.junit.Assert.assertTrue(Assert.java:42)\r\n\tat de.rub.nds.tlstest.suite.tests.both.tls13.rfc8446.KeyUpdate.lambda$appDataUnderNewKeysSucceeds$3(KeyUpdate.java:134)\r\n\tat de.rub.nds.tlstest.framework.anvil.TlsTestCase.validateFinal(TlsTestCase.java:50)\r\n\tat de.rub.nds.tlstest.suite.tests.both.tls13.rfc8446.KeyUpdate.appDataUnderNewKeysSucceeds(KeyUpdate.java:131)\r\n\tat java.base/jdk.internal.reflect.NativeMethodAccessorImpl.invoke0(Native Method)\r\n\tat java.base/jdk.internal.reflect.NativeMethodAccessorImpl.invoke(NativeMethodAccessorImpl.java:62)\r\n\tat java.base/jdk.internal.reflect.DelegatingMethodAccessorImpl.invoke(DelegatingMethodAccessorImpl.java:43)\r\n\tat java.base/java.lang.reflect.Method.invoke(Method.java:566)\r\n\tat org.junit.platform.commons.util.ReflectionUtils.invokeMethod(ReflectionUtils.java:728)\r\n\tat org.junit.jupiter.engine.execution.MethodInvocation.proceed(MethodInvocation.java:60)\r\n\tat org.junit.jupiter.engine.execution.InvocationInterceptorChain$ValidatingInvocation.proceed(InvocationInterceptorChain.java:131)\r\n\tat de.rub.nds.anvilcore.execution.PcapCapturingInvocationInterceptor.interceptTestTemplateMethod(PcapCapturingInvocationInterceptor.java:48)\r\n\tat org.junit.jupiter.engine.execution.InterceptingExecutableInvoker$ReflectiveInterceptorCall.lambda$ofVoidMethod$0(InterceptingExecutableInvoker.java:103)\r\n\tat org.junit.jupiter.engine.execution.InterceptingExecutableInvoker.lambda$invoke$0(InterceptingExecutableInvoker.java:93)\r\n\tat org.junit.jupiter.engine.execution.InvocationInterceptorChain$InterceptedInvocation.proceed(InvocationInterceptorChain.java:106)\r\n\tat org.junit.jupiter.engine.extension.TimeoutExtension.intercept(TimeoutExtension.java:156)\r\n\tat org.junit.jupiter.engine.extension.TimeoutExtension.interceptTestableMethod(TimeoutExtension.java:147)\r\n\tat org.junit.jupiter.engine.extension.TimeoutExtension.interceptTestTemplateMethod(TimeoutExtension.java:94)\r\n\tat org.junit.jupiter.engine.execution.InterceptingExecutableInvoker$ReflectiveInterceptorCall.lambda$ofVoidMethod$0(InterceptingExecutableInvoker.java:103)\r\n\tat org.junit.jupiter.engine.execution.InterceptingExecutableInvoker.lambda$invoke$0(InterceptingExecutableInvoker.java:93)\r\n\tat org.junit.jupiter.engine.execution.InvocationInterceptorChain$InterceptedInvocation.proceed(InvocationInterceptorChain.java:106)\r\n\tat org.junit.jupiter.engine.execution.InvocationInterceptorChain.proceed(InvocationInterceptorChain.java:64)\r\n\tat org.junit.jupiter.engine.execution.InvocationInterceptorChain.chainAndInvoke(InvocationInterceptorChain.java:45)\r\n\tat org.junit.jupiter.engine.execution.InvocationInterceptorChain.invoke(InvocationInterceptorChain.java:37)\r\n\tat org.junit.jupiter.engine.execution.InterceptingExecutableInvoker.invoke(InterceptingExecutableInvoker.java:92)\r\n\tat org.junit.jupiter.engine.execution.InterceptingExecutableInvoker.invoke(InterceptingExecutableInvoker.java:86)\r\n\tat org.junit.jupiter.engine.descriptor.TestMethodTestDescriptor.lambda$invokeTestMethod$7(TestMethodTestDescriptor.java:218)\r\n\tat org.junit.platform.engine.support.hierarchical.ThrowableCollector.execute(ThrowableCollector.java:73)\r\n\tat org.junit.jupiter.engine.descriptor.TestMethodTestDescriptor.invokeTestMethod(TestMethodTestDescriptor.java:214)\r\n\tat org.junit.jupiter.engine.descriptor.TestMethodTestDescriptor.execute(TestMethodTestDescriptor.java:139)\r\n\tat org.junit.jupiter.engine.descriptor.TestMethodTestDescriptor.execute(TestMethodTestDescriptor.java:69)\r\n\tat org.junit.platform.engine.support.hierarchical.NodeTestTask.lambda$executeRecursively$6(NodeTestTask.java:151)\r\n\tat org.junit.platform.engine.support.hierarchical.ThrowableCollector.execute(ThrowableCollector.java:73)\r\n\tat org.junit.platform.engine.support.hierarchical.NodeTestTask.lambda$executeRecursively$8(NodeTestTask.java:141)\r\n\tat org.junit.platform.engine.support.hierarchical.Node.around(Node.java:137)\r\n\tat org.junit.platform.engine.support.hierarchical.NodeTestTask.lambda$executeRecursively$9(NodeTestTask.java:139)\r\n\tat org.junit.platform.engine.support.hierarchical.ThrowableCollector.execute(ThrowableCollector.java:73)\r\n\tat org.junit.platform.engine.support.hierarchical.NodeTestTask.executeRecursively(NodeTestTask.java:138)\r\n\tat org.junit.platform.engine.support.hierarchical.NodeTestTask.execute(NodeTestTask.java:95)\r\n\tat org.junit.platform.engine.support.hierarchical.ForkJoinPoolHierarchicalTestExecutorService$ExclusiveTask.compute(ForkJoinPoolHierarchicalTestExecutorService.java:202)\r\n\tat org.junit.platform.engine.support.hierarchical.ForkJoinPoolHierarchicalTestExecutorService.submit(ForkJoinPoolHierarchicalTestExecutorService.java:135)\r\n\tat org.junit.platform.engine.support.hierarchical.NodeTestTask$DefaultDynamicTestExecutor.execute(NodeTestTask.java:226)\r\n\tat org.junit.platform.engine.support.hierarchical.NodeTestTask$DefaultDynamicTestExecutor.execute(NodeTestTask.java:204)\r\n\tat org.junit.jupiter.engine.descriptor.TestTemplateTestDescriptor.execute(TestTemplateTestDescriptor.java:142)\r\n\tat org.junit.jupiter.engine.descriptor.TestTemplateTestDescriptor.lambda$execute$2(TestTemplateTestDescriptor.java:110)\r\n\tat java.base/java.util.stream.ForEachOps$ForEachOp$OfRef.accept(ForEachOps.java:183)\r\n\tat java.base/java.util.stream.ReferencePipeline$3$1.accept(ReferencePipeline.java:195)\r\n\tat java.base/java.util.stream.ReferencePipeline$2$1.accept(ReferencePipeline.java:177)\r\n\tat java.base/java.util.stream.ReferencePipeline$3$1.accept(ReferencePipeline.java:195)\r\n\tat java.base/java.util.stream.ForEachOps$ForEachOp$OfRef.accept(ForEachOps.java:183)\r\n\tat java.base/java.util.stream.ReferencePipeline$3$1.accept(ReferencePipeline.java:195)\r\n\tat java.base/java.util.Iterator.forEachRemaining(Iterator.java:133)\r\n\tat java.base/java.util.Spliterators$IteratorSpliterator.forEachRemaining(Spliterators.java:1801)\r\n\tat java.base/java.util.stream.AbstractPipeline.copyInto(AbstractPipeline.java:484)\r\n\tat java.base/java.util.stream.AbstractPipeline.wrapAndCopyInto(AbstractPipeline.java:474)\r\n\tat java.base/java.util.stream.ForEachOps$ForEachOp.evaluateSequential(ForEachOps.java:150)\r\n\tat java.base/java.util.stream.ForEachOps$ForEachOp$OfRef.evaluateSequential(ForEachOps.java:173)\r\n\tat java.base/java.util.stream.AbstractPipeline.evaluate(AbstractPipeline.java:234)\r\n\tat java.base/java.util.stream.ReferencePipeline.forEach(ReferencePipeline.java:497)\r\n\tat java.base/java.util.stream.ReferencePipeline$7$1.accept(ReferencePipeline.java:274)\r\n\tat java.base/java.util.ArrayList$ArrayListSpliterator.forEachRemaining(ArrayList.java:1655)\r\n\tat java.base/java.util.stream.AbstractPipeline.copyInto(AbstractPipeline.java:484)\r\n\tat java.base/java.util.stream.AbstractPipeline.wrapAndCopyInto(AbstractPipeline.java:474)\r\n\tat java.base/java.util.stream.ForEachOps$ForEachOp.evaluateSequential(ForEachOps.java:150)\r\n\tat java.base/java.util.stream.ForEachOps$ForEachOp$OfRef.evaluateSequential(ForEachOps.java:173)\r\n\tat java.base/java.util.stream.AbstractPipeline.evaluate(AbstractPipeline.java:234)\r\n\tat java.base/java.util.stream.ReferencePipeline.forEach(ReferencePipeline.java:497)\r\n\tat org.junit.jupiter.engine.descriptor.TestTemplateTestDescriptor.execute(TestTemplateTestDescriptor.java:110)\r\n\tat org.junit.jupiter.engine.descriptor.TestTemplateTestDescriptor.execute(TestTemplateTestDescriptor.java:44)\r\n\tat org.junit.platform.engine.support.hierarchical.NodeTestTask.lambda$executeRecursively$6(NodeTestTask.java:151)\r\n\tat org.junit.platform.engine.support.hierarchical.ThrowableCollector.execute(ThrowableCollector.java:73)\r\n\tat org.junit.platform.engine.support.hierarchical.NodeTestTask.lambda$executeRecursively$8(NodeTestTask.java:141)\r\n\tat org.junit.platform.engine.support.hierarchical.Node.around(Node.java:137)\r\n\tat org.junit.platform.engine.support.hierarchical.NodeTestTask.lambda$executeRecursively$9(NodeTestTask.java:139)\r\n\tat org.junit.platform.engine.support.hierarchical.ThrowableCollector.execute(ThrowableCollector.java:73)\r\n\tat org.junit.platform.engine.support.hierarchical.NodeTestTask.executeRecursively(NodeTestTask.java:138)\r\n\tat org.junit.platform.engine.support.hierarchical.NodeTestTask.execute(NodeTestTask.java:95)\r\n\tat org.junit.platform.engine.support.hierarchical.ForkJoinPoolHierarchicalTestExecutorService$ExclusiveTask.compute(ForkJoinPoolHierarchicalTestExecutorService.java:202)\r\n\tat org.junit.platform.engine.support.hierarchical.ForkJoinPoolHierarchicalTestExecutorService.executeNonConcurrentTasks(ForkJoinPoolHierarchicalTestExecutorService.java:172)\r\n\tat org.junit.platform.engine.support.hierarchical.ForkJoinPoolHierarchicalTestExecutorService.invokeAll(ForkJoinPoolHierarchicalTestExecutorService.java:152)\r\n\tat org.junit.platform.engine.support.hierarchical.NodeTestTask.lambda$executeRecursively$6(NodeTestTask.java:155)\r\n\tat org.junit.platform.engine.support.hierarchical.ThrowableCollector.execute(ThrowableCollector.java:73)\r\n\tat org.junit.platform.engine.support.hierarchical.NodeTestTask.lambda$executeRecursively$8(NodeTestTask.java:141)\r\n\tat org.junit.platform.engine.support.hierarchical.Node.around(Node.java:137)\r\n\tat org.junit.platform.engine.support.hierarchical.NodeTestTask.lambda$executeRecursively$9(NodeTestTask.java:139)\r\n\tat org.junit.platform.engine.support.hierarchical.ThrowableCollector.execute(ThrowableCollector.java:73)\r\n\tat org.junit.platform.engine.support.hierarchical.NodeTestTask.executeRecursively(NodeTestTask.java:138)\r\n\tat org.junit.platform.engine.support.hierarchical.NodeTestTask.execute(NodeTestTask.java:95)\r\n\tat org.junit.platform.engine.support.hierarchical.ForkJoinPoolHierarchicalTestExecutorService$ExclusiveTask.compute(ForkJoinPoolHierarchicalTestExecutorService.java:202)\r\n\tat java.base/java.util.concurrent.RecursiveAction.exec(RecursiveAction.java:189)\r\n\tat java.base/java.util.concurrent.ForkJoinTask.doExec(ForkJoinTask.java:290)\r\n\tat java.base/java.util.concurrent.ForkJoinPool$WorkQueue.topLevelExec(ForkJoinPool.java:1020)\r\n\tat java.base/java.util.concurrent.ForkJoinPool.scan(ForkJoinPool.java:1656)\r\n\tat java.base/java.util.concurrent.ForkJoinPool.runWorker(ForkJoinPool.java:1594)\r\n\tat java.base/java.util.concurrent.ForkJoinWorkerThread.run(ForkJoinWorkerThread.java:183)\r\n",
    "uuid" : "C7753F52036CCF60568D4B07C81B909BEF862EE54C0FCF9748A5BE7729E729B1"
  } ],
  "Result" : "FULLY_FAILED",
  "DisabledReason" : null,
  "FailedReason" : "java.lang.AssertionError: Did not receive a KeyUpdate in response",
  "ElapsedTime" : 0,
  "FailureInducingCombinations" : [ {
    "INCLUDE_PADDING_EXTENSION" : true
  }, {
    "INCLUDE_SESSION_TICKET_EXTENSION" : true
  }, {
    "INCLUDE_EXTENDED_MASTER_SECRET_EXTENSION" : true
  }, {
    "INCLUDE_HEARTBEAT_EXTENSION" : true
  }, {
    "INCLUDE_PSK_EXCHANGE_MODES_EXTENSION" : true
  }, {
    "INCLUDE_CHANGE_CIPHER_SPEC" : false
  }, {
    "INCLUDE_GREASE_NAMED_GROUPS" : true
  }, {
    "INCLUDE_RENEGOTIATION_EXTENSION" : false
  }, {
    "INCLUDE_ALPN_EXTENSION" : true
  }, {
    "NAMED_GROUP" : "ECDH_X25519"
  }, {
    "CIPHER_SUITE" : "TLS_AES_256_GCM_SHA384"
  }, {
    "INCLUDE_GREASE_SIG_HASH_ALGORITHMS" : true
  }, {
    "INCLUDE_ENCRYPT_THEN_MAC_EXTENSION" : false
  }, {
    "INCLUDE_GREASE_CIPHER_SUITES" : true
  }, {
    "TCP_FRAGMENTATION" : true
  }, {
    "INCLUDE_ENCRYPT_THEN_MAC_EXTENSION" : true
  }, {
    "RECORD_LENGTH" : 111
  }, {
    "INCLUDE_CHANGE_CIPHER_SPEC" : true
  }, {
    "INCLUDE_GREASE_SIG_HASH_ALGORITHMS" : false
  }, {
    "INCLUDE_RENEGOTIATION_EXTENSION" : true
  }, {
    "MAX_FRAGMENT_LENGTH" : "TWO_9"
  }, {
    "TCP_FRAGMENTATION" : false
  }, {
    "INCLUDE_GREASE_CIPHER_SUITES" : false
  }, {
    "INCLUDE_ALPN_EXTENSION" : false
  }, {
    "CIPHER_SUITE" : "TLS_AES_128_GCM_SHA256"
  }, {
    "INCLUDE_HEARTBEAT_EXTENSION" : false
  }, {
    "INCLUDE_GREASE_NAMED_GROUPS" : false
  }, {
    "RECORD_LENGTH" : 1
  }, {
    "INCLUDE_PSK_EXCHANGE_MODES_EXTENSION" : false
  }, {
    "CIPHER_SUITE" : "TLS_CHACHA20_POLY1305_SHA256"
  }, {
    "INCLUDE_SESSION_TICKET_EXTENSION" : false
  }, {
    "RECORD_LENGTH" : 50
  }, {
    "NAMED_GROUP" : "SECP256R1"
  }, {
    "INCLUDE_PADDING_EXTENSION" : false
  }, {
    "INCLUDE_EXTENDED_MASTER_SECRET_EXTENSION" : false
  }, {
    "MAX_FRAGMENT_LENGTH" : "TWO_11"
  }, {
    "NAMED_GROUP" : "SECP384R1"
  }, {
    "MAX_FRAGMENT_LENGTH" : null
  }, {
    "MAX_FRAGMENT_LENGTH" : "TWO_12"
  }, {
    "RECORD_LENGTH" : 16384
  }, {
    "NAMED_GROUP" : "ECDH_X448"
  }, {
    "MAX_FRAGMENT_LENGTH" : "TWO_10"
  }, {
    "NAMED_GROUP" : "SECP521R1"
  } ],
  "Score" : {
    "RecordLayer" : 0.0,
    "Interoperability" : 0.0
  },
  "HasStateWithAdditionalResultInformation" : false,
  "HasVaryingAdditionalResultInformation" : false,
  "TestMethod" : "appDataUnderNewKeysSucceeds",
  "TestClass" : "de.rub.nds.tlstest.suite.tests.both.tls13.rfc8446.KeyUpdate",
  "CaseCount" : 15
}