{
  "metadata" : {
    "description" : "Send an Encrypted Extensions Message with a modified length value (-1)",
    "severityLevels" : {
      "MessageStructure" : 60,
      "Handshake" : 60,
      "Alert" : 40
    },
    "rfc" : null,
    "tags" : [ "both", "lengthfield", "EncryptedExtensions", "encryptedExtensionsLength" ]
  },
  "TestId" : "XLF-SA1CoksBgE",
  "TestCases" : [ ],
  "Result" : "DISABLED",
  "DisabledReason" : "TestEndpointMode doesn't match, skipping test.",
  "FailedReason" : null,
  "ElapsedTime" : 0,
  "FailureInducingCombinations" : null,
  "Score" : {
    "MessageStructure" : 100.0,
    "Alert" : 100.0,
    "Handshake" : 100.0
  },
  "HasStateWithAdditionalResultInformation" : false,
  "HasVaryingAdditionalResultInformation" : false,
  "TestMethod" : "encryptedExtensionsLength",
  "TestClass" : "de.rub.nds.tlstest.suite.tests.both.lengthfield.EncryptedExtensions",
  "CaseCount" : 0
}