{
  "metadata" : {
    "description" : "The client verifies the signature (when present) and retrieves the server's elliptic curve domain parameters and ephemeral ECDH public key from the ServerKeyExchange message.",
    "severityLevels" : {
      "Crypto" : 100,
      "Security" : 100,
      "Handshake" : 100,
      "Alert" : 40
    },
    "rfc" : {
      "number" : 8422,
      "section" : "5.4 Server Key Exchange"
    },
    "tags" : [ "client", "tls12", "rfc5246", "ServerKeyExchange", "invalidServerKeyExchangeSignature" ]
  },
  "TestId" : "5246-zqCFt52rqY",
  "TestCases" : [ ],
  "Result" : "DISABLED",
  "DisabledReason" : "TestEndpointMode doesn't match, skipping test.",
  "FailedReason" : null,
  "ElapsedTime" : 0,
  "FailureInducingCombinations" : null,
  "Score" : {
    "Crypto" : 100.0,
    "Alert" : 100.0,
    "Security" : 100.0,
    "Handshake" : 100.0
  },
  "HasStateWithAdditionalResultInformation" : false,
  "HasVaryingAdditionalResultInformation" : false,
  "TestMethod" : "invalidServerKeyExchangeSignature",
  "TestClass" : "de.rub.nds.tlstest.suite.tests.client.tls12.rfc5246.ServerKeyExchange",
  "CaseCount" : 0
}