{
  "metadata" : {
    "description" : "Servers MUST send this message when authenticating via a certificate.",
    "severityLevels" : {
      "Crypto" : 100,
      "Security" : 100,
      "Certificate" : 100,
      "Interoperability" : 80,
      "Alert" : 40
    },
    "rfc" : {
      "number" : 8446,
      "section" : "4.4.3. Certificate Verify"
    },
    "tags" : [ "client", "tls13", "statemachine", "StateMachine", "omitCertificateVerify" ]
  },
  "TestId" : "XSM-gN61eQrmNv",
  "TestCases" : [ ],
  "Result" : "DISABLED",
  "DisabledReason" : "TestEndpointMode doesn't match, skipping test.",
  "FailedReason" : null,
  "ElapsedTime" : 0,
  "FailureInducingCombinations" : null,
  "Score" : {
    "Crypto" : 100.0,
    "Alert" : 100.0,
    "Security" : 100.0,
    "Interoperability" : 100.0,
    "Certificate" : 100.0
  },
  "HasStateWithAdditionalResultInformation" : false,
  "HasVaryingAdditionalResultInformation" : false,
  "TestMethod" : "omitCertificateVerify",
  "TestClass" : "de.rub.nds.tlstest.suite.tests.client.tls13.statemachine.StateMachine",
  "CaseCount" : 0
}