{
  "metadata" : {
    "description" : "secp256r1(0x0017), secp384r1(0x0018), secp521r1(0x0019), x25519(0x001D), x448(0x001E),",
    "severityLevels" : {
      "Crypto" : 80,
      "DeprecatedFeature" : 80,
      "Security" : 40,
      "Handshake" : 60,
      "Interoperability" : 80
    },
    "rfc" : {
      "number" : 8446,
      "section" : "4.2.8. Key Share"
    },
    "tags" : [ "server", "tls13", "rfc8446", "KeyShare", "serverAcceptsDeprecatedGroups" ]
  },
  "TestId" : "8446-KdkvUJX3HK",
  "TestCases" : [ {
    "Result" : "STRICTLY_SUCCEEDED",
    "DisplayName" : "[1] Combination{INCLUDE_ALPN_EXTENSION=INCLUDE_ALPN_EXTENSION = true, RECORD_LENGTH=RECORD_LENGTH = 50, MAX_FRAGMENT_LENGTH=MAX_FRAGMENT_LENGTH = TWO_9, INCLUDE_HEARTBEAT_EXTENSION=INCLUDE_HEARTBEAT_EXTENSION = true, INCLUDE_EXTENDED_MASTER_SECRET_EXTENSION=INCLUDE_EXTENDED_MASTER_SECRET_EXTENSION = true, TCP_FRAGMENTATION=TCP_FRAGMENTATION = false, INCLUDE_RENEGOTIATION_EXTENSION=INCLUDE_RENEGOTIATION_EXTENSION = true, INCLUDE_GREASE_SIG_HASH_ALGORITHMS=INCLUDE_GREASE_SIG_HASH_ALGORITHMS = true, INCLUDE_ENCRYPT_THEN_MAC_EXTENSION=INCLUDE_ENCRYPT_THEN_MAC_EXTENSION = true, INCLUDE_PSK_EXCHANGE_MODES_EXTENSION=INCLUDE_PSK_EXCHANGE_MODES_EXTENSION = true, INCLUDE_SESSION_TICKET_EXTENSION=INCLUDE_SESSION_TICKET_EXTENSION = true, INCLUDE_GREASE_CIPHER_SUITES=INCLUDE_GREASE_CIPHER_SUITES = true, NAMED_GROUP=NAMED_GROUP = SECP160K1, CIPHER_SUITE=CIPHER_SUITE = TLS_AES_128_GCM_SHA256, INCLUDE_GREASE_NAMED_GROUPS=INCLUDE_GREASE_NAMED_GROUPS = true, INCLUDE_CHANGE_CIPHER_SPEC=INCLUDE_CHANGE_CIPHER_SPEC = true, INCLUDE_PADDING_EXTENSION=INCLUDE_PADDING_EXTENSION = true}",
    "ParameterCombination" : {
      "INCLUDE_HEARTBEAT_EXTENSION" : true,
      "INCLUDE_PSK_EXCHANGE_MODES_EXTENSION" : true,
      "CIPHER_SUITE" : "TLS_AES_128_GCM_SHA256",
      "INCLUDE_EXTENDED_MASTER_SECRET_EXTENSION" : true,
      "INCLUDE_PADDING_EXTENSION" : true,
      "INCLUDE_GREASE_NAMED_GROUPS" : true,
      "INCLUDE_GREASE_CIPHER_SUITES" : true,
      "INCLUDE_RENEGOTIATION_EXTENSION" : true,
      "NAMED_GROUP" : "SECP160K1",
      "TCP_FRAGMENTATION" : false,
      "INCLUDE_ENCRYPT_THEN_MAC_EXTENSION" : true,
      "INCLUDE_ALPN_EXTENSION" : true,
      "INCLUDE_GREASE_SIG_HASH_ALGORITHMS" : true,
      "INCLUDE_CHANGE_CIPHER_SPEC" : true,
      "INCLUDE_SESSION_TICKET_EXTENSION" : true,
      "RECORD_LENGTH" : 50,
      "MAX_FRAGMENT_LENGTH" : "TWO_9"
    },
    "AdditionalResultInformation" : null,
    "AdditionalTestInformation" : null,
    "SrcPort" : 15672,
    "DstPort" : 8443,
    "StartTimestamp" : "2023-12-12T11:59:40.718Z",
    "EndTimestamp" : "2023-12-12T11:59:40.731Z",
    "Stacktrace" : null,
    "uuid" : "1724EB03105E2158C01EF96AEB7B985D3AC6DD6688E7C5754A839AB6369D9A0A"
  }, {
    "Result" : "STRICTLY_SUCCEEDED",
    "DisplayName" : "[2] Combination{INCLUDE_ALPN_EXTENSION=INCLUDE_ALPN_EXTENSION = false, RECORD_LENGTH=RECORD_LENGTH = 111, MAX_FRAGMENT_LENGTH=MAX_FRAGMENT_LENGTH = TWO_10, INCLUDE_HEARTBEAT_EXTENSION=INCLUDE_HEARTBEAT_EXTENSION = false, INCLUDE_EXTENDED_MASTER_SECRET_EXTENSION=INCLUDE_EXTENDED_MASTER_SECRET_EXTENSION = false, TCP_FRAGMENTATION=TCP_FRAGMENTATION = true, INCLUDE_RENEGOTIATION_EXTENSION=INCLUDE_RENEGOTIATION_EXTENSION = false, INCLUDE_GREASE_SIG_HASH_ALGORITHMS=INCLUDE_GREASE_SIG_HASH_ALGORITHMS = false, INCLUDE_ENCRYPT_THEN_MAC_EXTENSION=INCLUDE_ENCRYPT_THEN_MAC_EXTENSION = false, INCLUDE_PSK_EXCHANGE_MODES_EXTENSION=INCLUDE_PSK_EXCHANGE_MODES_EXTENSION = false, INCLUDE_SESSION_TICKET_EXTENSION=INCLUDE_SESSION_TICKET_EXTENSION = false, INCLUDE_GREASE_CIPHER_SUITES=INCLUDE_GREASE_CIPHER_SUITES = false, NAMED_GROUP=NAMED_GROUP = SECP160R1, CIPHER_SUITE=CIPHER_SUITE = TLS_AES_256_GCM_SHA384, INCLUDE_GREASE_NAMED_GROUPS=INCLUDE_GREASE_NAMED_GROUPS = false, INCLUDE_CHANGE_CIPHER_SPEC=INCLUDE_CHANGE_CIPHER_SPEC = false, INCLUDE_PADDING_EXTENSION=INCLUDE_PADDING_EXTENSION = false}",
    "ParameterCombination" : {
      "INCLUDE_HEARTBEAT_EXTENSION" : false,
      "INCLUDE_PSK_EXCHANGE_MODES_EXTENSION" : false,
      "CIPHER_SUITE" : "TLS_AES_256_GCM_SHA384",
      "INCLUDE_EXTENDED_MASTER_SECRET_EXTENSION" : false,
      "INCLUDE_PADDING_EXTENSION" : false,
      "INCLUDE_GREASE_NAMED_GROUPS" : false,
      "INCLUDE_GREASE_CIPHER_SUITES" : false,
      "INCLUDE_RENEGOTIATION_EXTENSION" : false,
      "NAMED_GROUP" : "SECP160R1",
      "TCP_FRAGMENTATION" : true,
      "INCLUDE_ENCRYPT_THEN_MAC_EXTENSION" : false,
      "INCLUDE_ALPN_EXTENSION" : false,
      "INCLUDE_GREASE_SIG_HASH_ALGORITHMS" : false,
      "INCLUDE_CHANGE_CIPHER_SPEC" : false,
      "INCLUDE_SESSION_TICKET_EXTENSION" : false,
      "RECORD_LENGTH" : 111,
      "MAX_FRAGMENT_LENGTH" : "TWO_10"
    },
    "AdditionalResultInformation" : null,
    "AdditionalTestInformation" : null,
    "SrcPort" : 15674,
    "DstPort" : 8443,
    "StartTimestamp" : "2023-12-12T11:59:42.010Z",
    "EndTimestamp" : "2023-12-12T11:59:42.117Z",
    "Stacktrace" : null,
    "uuid" : "BE556C1E574D846CB526C9106B6E50673F8A0269100C3351E5864D6E9DF614C8"
  }, {
    "Result" : "STRICTLY_SUCCEEDED",
    "DisplayName" : "[3] Combination{INCLUDE_ALPN_EXTENSION=INCLUDE_ALPN_EXTENSION = true, RECORD_LENGTH=RECORD_LENGTH = 1, MAX_FRAGMENT_LENGTH=MAX_FRAGMENT_LENGTH = TWO_11, INCLUDE_HEARTBEAT_EXTENSION=INCLUDE_HEARTBEAT_EXTENSION = true, INCLUDE_EXTENDED_MASTER_SECRET_EXTENSION=INCLUDE_EXTENDED_MASTER_SECRET_EXTENSION = true, TCP_FRAGMENTATION=TCP_FRAGMENTATION = false, INCLUDE_RENEGOTIATION_EXTENSION=INCLUDE_RENEGOTIATION_EXTENSION = true, INCLUDE_GREASE_SIG_HASH_ALGORITHMS=INCLUDE_GREASE_SIG_HASH_ALGORITHMS = true, INCLUDE_ENCRYPT_THEN_MAC_EXTENSION=INCLUDE_ENCRYPT_THEN_MAC_EXTENSION = true, INCLUDE_PSK_EXCHANGE_MODES_EXTENSION=INCLUDE_PSK_EXCHANGE_MODES_EXTENSION = true, INCLUDE_SESSION_TICKET_EXTENSION=INCLUDE_SESSION_TICKET_EXTENSION = true, INCLUDE_GREASE_CIPHER_SUITES=INCLUDE_GREASE_CIPHER_SUITES = true, NAMED_GROUP=NAMED_GROUP = SECP160R2, CIPHER_SUITE=CIPHER_SUITE = TLS_CHACHA20_POLY1305_SHA256, INCLUDE_GREASE_NAMED_GROUPS=INCLUDE_GREASE_NAMED_GROUPS = true, INCLUDE_CHANGE_CIPHER_SPEC=INCLUDE_CHANGE_CIPHER_SPEC = true, INCLUDE_PADDING_EXTENSION=INCLUDE_PADDING_EXTENSION = true}",
    "ParameterCombination" : {
      "INCLUDE_HEARTBEAT_EXTENSION" : true,
      "INCLUDE_PSK_EXCHANGE_MODES_EXTENSION" : true,
      "CIPHER_SUITE" : "TLS_CHACHA20_POLY1305_SHA256",
      "INCLUDE_EXTENDED_MASTER_SECRET_EXTENSION" : true,
      "INCLUDE_PADDING_EXTENSION" : true,
      "INCLUDE_GREASE_NAMED_GROUPS" : true,
      "INCLUDE_GREASE_CIPHER_SUITES" : true,
      "INCLUDE_RENEGOTIATION_EXTENSION" : true,
      "NAMED_GROUP" : "SECP160R2",
      "TCP_FRAGMENTATION" : false,
      "INCLUDE_ENCRYPT_THEN_MAC_EXTENSION" : true,
      "INCLUDE_ALPN_EXTENSION" : true,
      "INCLUDE_GREASE_SIG_HASH_ALGORITHMS" : true,
      "INCLUDE_CHANGE_CIPHER_SPEC" : true,
      "INCLUDE_SESSION_TICKET_EXTENSION" : true,
      "RECORD_LENGTH" : 1,
      "MAX_FRAGMENT_LENGTH" : "TWO_11"
    },
    "AdditionalResultInformation" : null,
    "AdditionalTestInformation" : null,
    "SrcPort" : 15676,
    "DstPort" : 8443,
    "StartTimestamp" : "2023-12-12T11:59:43.352Z",
    "EndTimestamp" : "2023-12-12T11:59:43.359Z",
    "Stacktrace" : null,
    "uuid" : "F50DD5530A873A09D7DF199A1F311BB87BE4FF4CDE90FAB79B610BCC77D773B3"
  }, {
    "Result" : "STRICTLY_SUCCEEDED",
    "DisplayName" : "[4] Combination{INCLUDE_ALPN_EXTENSION=INCLUDE_ALPN_EXTENSION = true, RECORD_LENGTH=RECORD_LENGTH = 16384, MAX_FRAGMENT_LENGTH=MAX_FRAGMENT_LENGTH = TWO_12, INCLUDE_HEARTBEAT_EXTENSION=INCLUDE_HEARTBEAT_EXTENSION = true, INCLUDE_EXTENDED_MASTER_SECRET_EXTENSION=INCLUDE_EXTENDED_MASTER_SECRET_EXTENSION = true, TCP_FRAGMENTATION=TCP_FRAGMENTATION = false, INCLUDE_RENEGOTIATION_EXTENSION=INCLUDE_RENEGOTIATION_EXTENSION = true, INCLUDE_GREASE_SIG_HASH_ALGORITHMS=INCLUDE_GREASE_SIG_HASH_ALGORITHMS = true, INCLUDE_ENCRYPT_THEN_MAC_EXTENSION=INCLUDE_ENCRYPT_THEN_MAC_EXTENSION = true, INCLUDE_PSK_EXCHANGE_MODES_EXTENSION=INCLUDE_PSK_EXCHANGE_MODES_EXTENSION = true, INCLUDE_SESSION_TICKET_EXTENSION=INCLUDE_SESSION_TICKET_EXTENSION = true, INCLUDE_GREASE_CIPHER_SUITES=INCLUDE_GREASE_CIPHER_SUITES = true, NAMED_GROUP=NAMED_GROUP = SECP192K1, CIPHER_SUITE=CIPHER_SUITE = TLS_AES_128_GCM_SHA256, INCLUDE_GREASE_NAMED_GROUPS=INCLUDE_GREASE_NAMED_GROUPS = true, INCLUDE_CHANGE_CIPHER_SPEC=INCLUDE_CHANGE_CIPHER_SPEC = true, INCLUDE_PADDING_EXTENSION=INCLUDE_PADDING_EXTENSION = true}",
    "ParameterCombination" : {
      "INCLUDE_HEARTBEAT_EXTENSION" : true,
      "INCLUDE_PSK_EXCHANGE_MODES_EXTENSION" : true,
      "CIPHER_SUITE" : "TLS_AES_128_GCM_SHA256",
      "INCLUDE_EXTENDED_MASTER_SECRET_EXTENSION" : true,
      "INCLUDE_PADDING_EXTENSION" : true,
      "INCLUDE_GREASE_NAMED_GROUPS" : true,
      "INCLUDE_GREASE_CIPHER_SUITES" : true,
      "INCLUDE_RENEGOTIATION_EXTENSION" : true,
      "NAMED_GROUP" : "SECP192K1",
      "TCP_FRAGMENTATION" : false,
      "INCLUDE_ENCRYPT_THEN_MAC_EXTENSION" : true,
      "INCLUDE_ALPN_EXTENSION" : true,
      "INCLUDE_GREASE_SIG_HASH_ALGORITHMS" : true,
      "INCLUDE_CHANGE_CIPHER_SPEC" : true,
      "INCLUDE_SESSION_TICKET_EXTENSION" : true,
      "RECORD_LENGTH" : 16384,
      "MAX_FRAGMENT_LENGTH" : "TWO_12"
    },
    "AdditionalResultInformation" : null,
    "AdditionalTestInformation" : null,
    "SrcPort" : 15678,
    "DstPort" : 8443,
    "StartTimestamp" : "2023-12-12T11:59:44.614Z",
    "EndTimestamp" : "2023-12-12T11:59:44.620Z",
    "Stacktrace" : null,
    "uuid" : "B9FFEF4965836D742559123963D2236D3A454BBDC97BC24EE53363681C3C1B7C"
  }, {
    "Result" : "STRICTLY_SUCCEEDED",
    "DisplayName" : "[5] Combination{INCLUDE_ALPN_EXTENSION=INCLUDE_ALPN_EXTENSION = true, RECORD_LENGTH=RECORD_LENGTH = 50, MAX_FRAGMENT_LENGTH=MAX_FRAGMENT_LENGTH = null, INCLUDE_HEARTBEAT_EXTENSION=INCLUDE_HEARTBEAT_EXTENSION = true, INCLUDE_EXTENDED_MASTER_SECRET_EXTENSION=INCLUDE_EXTENDED_MASTER_SECRET_EXTENSION = true, TCP_FRAGMENTATION=TCP_FRAGMENTATION = false, INCLUDE_RENEGOTIATION_EXTENSION=INCLUDE_RENEGOTIATION_EXTENSION = true, INCLUDE_GREASE_SIG_HASH_ALGORITHMS=INCLUDE_GREASE_SIG_HASH_ALGORITHMS = true, INCLUDE_ENCRYPT_THEN_MAC_EXTENSION=INCLUDE_ENCRYPT_THEN_MAC_EXTENSION = true, INCLUDE_PSK_EXCHANGE_MODES_EXTENSION=INCLUDE_PSK_EXCHANGE_MODES_EXTENSION = true, INCLUDE_SESSION_TICKET_EXTENSION=INCLUDE_SESSION_TICKET_EXTENSION = true, INCLUDE_GREASE_CIPHER_SUITES=INCLUDE_GREASE_CIPHER_SUITES = true, NAMED_GROUP=NAMED_GROUP = SECP192R1, CIPHER_SUITE=CIPHER_SUITE = TLS_AES_128_GCM_SHA256, INCLUDE_GREASE_NAMED_GROUPS=INCLUDE_GREASE_NAMED_GROUPS = true, INCLUDE_CHANGE_CIPHER_SPEC=INCLUDE_CHANGE_CIPHER_SPEC = true, INCLUDE_PADDING_EXTENSION=INCLUDE_PADDING_EXTENSION = true}",
    "ParameterCombination" : {
      "INCLUDE_HEARTBEAT_EXTENSION" : true,
      "INCLUDE_PSK_EXCHANGE_MODES_EXTENSION" : true,
      "CIPHER_SUITE" : "TLS_AES_128_GCM_SHA256",
      "INCLUDE_EXTENDED_MASTER_SECRET_EXTENSION" : true,
      "INCLUDE_PADDING_EXTENSION" : true,
      "INCLUDE_GREASE_NAMED_GROUPS" : true,
      "INCLUDE_GREASE_CIPHER_SUITES" : true,
      "INCLUDE_RENEGOTIATION_EXTENSION" : true,
      "NAMED_GROUP" : "SECP192R1",
      "TCP_FRAGMENTATION" : false,
      "INCLUDE_ENCRYPT_THEN_MAC_EXTENSION" : true,
      "INCLUDE_ALPN_EXTENSION" : true,
      "INCLUDE_GREASE_SIG_HASH_ALGORITHMS" : true,
      "INCLUDE_CHANGE_CIPHER_SPEC" : true,
      "INCLUDE_SESSION_TICKET_EXTENSION" : true,
      "RECORD_LENGTH" : 50,
      "MAX_FRAGMENT_LENGTH" : null
    },
    "AdditionalResultInformation" : null,
    "AdditionalTestInformation" : null,
    "SrcPort" : 15680,
    "DstPort" : 8443,
    "StartTimestamp" : "2023-12-12T11:59:45.892Z",
    "EndTimestamp" : "2023-12-12T11:59:45.898Z",
    "Stacktrace" : null,
    "uuid" : "9847E36D09A56C859B2F30AA54F104D00B88A9BE18551E71A16C38C78878893D"
  }, {
    "Result" : "STRICTLY_SUCCEEDED",
    "DisplayName" : "[6] Combination{INCLUDE_ALPN_EXTENSION=INCLUDE_ALPN_EXTENSION = true, RECORD_LENGTH=RECORD_LENGTH = 50, MAX_FRAGMENT_LENGTH=MAX_FRAGMENT_LENGTH = TWO_9, INCLUDE_HEARTBEAT_EXTENSION=INCLUDE_HEARTBEAT_EXTENSION = true, INCLUDE_EXTENDED_MASTER_SECRET_EXTENSION=INCLUDE_EXTENDED_MASTER_SECRET_EXTENSION = true, TCP_FRAGMENTATION=TCP_FRAGMENTATION = false, INCLUDE_RENEGOTIATION_EXTENSION=INCLUDE_RENEGOTIATION_EXTENSION = true, INCLUDE_GREASE_SIG_HASH_ALGORITHMS=INCLUDE_GREASE_SIG_HASH_ALGORITHMS = true, INCLUDE_ENCRYPT_THEN_MAC_EXTENSION=INCLUDE_ENCRYPT_THEN_MAC_EXTENSION = true, INCLUDE_PSK_EXCHANGE_MODES_EXTENSION=INCLUDE_PSK_EXCHANGE_MODES_EXTENSION = true, INCLUDE_SESSION_TICKET_EXTENSION=INCLUDE_SESSION_TICKET_EXTENSION = true, INCLUDE_GREASE_CIPHER_SUITES=INCLUDE_GREASE_CIPHER_SUITES = true, NAMED_GROUP=NAMED_GROUP = SECP224K1, CIPHER_SUITE=CIPHER_SUITE = TLS_AES_128_GCM_SHA256, INCLUDE_GREASE_NAMED_GROUPS=INCLUDE_GREASE_NAMED_GROUPS = true, INCLUDE_CHANGE_CIPHER_SPEC=INCLUDE_CHANGE_CIPHER_SPEC = true, INCLUDE_PADDING_EXTENSION=INCLUDE_PADDING_EXTENSION = true}",
    "ParameterCombination" : {
      "INCLUDE_HEARTBEAT_EXTENSION" : true,
      "INCLUDE_PSK_EXCHANGE_MODES_EXTENSION" : true,
      "CIPHER_SUITE" : "TLS_AES_128_GCM_SHA256",
      "INCLUDE_EXTENDED_MASTER_SECRET_EXTENSION" : true,
      "INCLUDE_PADDING_EXTENSION" : true,
      "INCLUDE_GREASE_NAMED_GROUPS" : true,
      "INCLUDE_GREASE_CIPHER_SUITES" : true,
      "INCLUDE_RENEGOTIATION_EXTENSION" : true,
      "NAMED_GROUP" : "SECP224K1",
      "TCP_FRAGMENTATION" : false,
      "INCLUDE_ENCRYPT_THEN_MAC_EXTENSION" : true,
      "INCLUDE_ALPN_EXTENSION" : true,
      "INCLUDE_GREASE_SIG_HASH_ALGORITHMS" : true,
      "INCLUDE_CHANGE_CIPHER_SPEC" : true,
      "INCLUDE_SESSION_TICKET_EXTENSION" : true,
      "RECORD_LENGTH" : 50,
      "MAX_FRAGMENT_LENGTH" : "TWO_9"
    },
    "AdditionalResultInformation" : null,
    "AdditionalTestInformation" : null,
    "SrcPort" : 15682,
    "DstPort" : 8443,
    "StartTimestamp" : "2023-12-12T11:59:47.186Z",
    "EndTimestamp" : "2023-12-12T11:59:47.192Z",
    "Stacktrace" : null,
    "uuid" : "32E51F5B69DFD68EE9BE51F45FC664285E8D808B2988CE02D49B82B022FDA4FD"
  }, {
    "Result" : "STRICTLY_SUCCEEDED",
    "DisplayName" : "[7] Combination{INCLUDE_ALPN_EXTENSION=INCLUDE_ALPN_EXTENSION = true, RECORD_LENGTH=RECORD_LENGTH = 50, MAX_FRAGMENT_LENGTH=MAX_FRAGMENT_LENGTH = TWO_9, INCLUDE_HEARTBEAT_EXTENSION=INCLUDE_HEARTBEAT_EXTENSION = true, INCLUDE_EXTENDED_MASTER_SECRET_EXTENSION=INCLUDE_EXTENDED_MASTER_SECRET_EXTENSION = true, TCP_FRAGMENTATION=TCP_FRAGMENTATION = false, INCLUDE_RENEGOTIATION_EXTENSION=INCLUDE_RENEGOTIATION_EXTENSION = true, INCLUDE_GREASE_SIG_HASH_ALGORITHMS=INCLUDE_GREASE_SIG_HASH_ALGORITHMS = true, INCLUDE_ENCRYPT_THEN_MAC_EXTENSION=INCLUDE_ENCRYPT_THEN_MAC_EXTENSION = true, INCLUDE_PSK_EXCHANGE_MODES_EXTENSION=INCLUDE_PSK_EXCHANGE_MODES_EXTENSION = true, INCLUDE_SESSION_TICKET_EXTENSION=INCLUDE_SESSION_TICKET_EXTENSION = true, INCLUDE_GREASE_CIPHER_SUITES=INCLUDE_GREASE_CIPHER_SUITES = true, NAMED_GROUP=NAMED_GROUP = SECP224R1, CIPHER_SUITE=CIPHER_SUITE = TLS_AES_128_GCM_SHA256, INCLUDE_GREASE_NAMED_GROUPS=INCLUDE_GREASE_NAMED_GROUPS = true, INCLUDE_CHANGE_CIPHER_SPEC=INCLUDE_CHANGE_CIPHER_SPEC = true, INCLUDE_PADDING_EXTENSION=INCLUDE_PADDING_EXTENSION = true}",
    "ParameterCombination" : {
      "INCLUDE_HEARTBEAT_EXTENSION" : true,
      "INCLUDE_PSK_EXCHANGE_MODES_EXTENSION" : true,
      "CIPHER_SUITE" : "TLS_AES_128_GCM_SHA256",
      "INCLUDE_EXTENDED_MASTER_SECRET_EXTENSION" : true,
      "INCLUDE_PADDING_EXTENSION" : true,
      "INCLUDE_GREASE_NAMED_GROUPS" : true,
      "INCLUDE_GREASE_CIPHER_SUITES" : true,
      "INCLUDE_RENEGOTIATION_EXTENSION" : true,
      "NAMED_GROUP" : "SECP224R1",
      "TCP_FRAGMENTATION" : false,
      "INCLUDE_ENCRYPT_THEN_MAC_EXTENSION" : true,
      "INCLUDE_ALPN_EXTENSION" : true,
      "INCLUDE_GREASE_SIG_HASH_ALGORITHMS" : true,
      "INCLUDE_CHANGE_CIPHER_SPEC" : true,
      "INCLUDE_SESSION_TICKET_EXTENSION" : true,
      "RECORD_LENGTH" : 50,
      "MAX_FRAGMENT_LENGTH" : "TWO_9"
    },
    "AdditionalResultInformation" : null,
    "AdditionalTestInformation" : null,
    "SrcPort" : 15684,
    "DstPort" : 8443,
    "StartTimestamp" : "2023-12-12T11:59:48.465Z",
    "EndTimestamp" : "2023-12-12T11:59:48.472Z",
    "Stacktrace" : null,
    "uuid" : "F47ED6D51D9D28F0BF61C4C89ED47972EFA1D599A52835FB704909E70FA275B9"
  }, {
    "Result" : "STRICTLY_SUCCEEDED",
    "DisplayName" : "[8] Combination{INCLUDE_ALPN_EXTENSION=INCLUDE_ALPN_EXTENSION = true, RECORD_LENGTH=RECORD_LENGTH = 50, MAX_FRAGMENT_LENGTH=MAX_FRAGMENT_LENGTH = TWO_9, INCLUDE_HEARTBEAT_EXTENSION=INCLUDE_HEARTBEAT_EXTENSION = true, INCLUDE_EXTENDED_MASTER_SECRET_EXTENSION=INCLUDE_EXTENDED_MASTER_SECRET_EXTENSION = true, TCP_FRAGMENTATION=TCP_FRAGMENTATION = false, INCLUDE_RENEGOTIATION_EXTENSION=INCLUDE_RENEGOTIATION_EXTENSION = true, INCLUDE_GREASE_SIG_HASH_ALGORITHMS=INCLUDE_GREASE_SIG_HASH_ALGORITHMS = true, INCLUDE_ENCRYPT_THEN_MAC_EXTENSION=INCLUDE_ENCRYPT_THEN_MAC_EXTENSION = true, INCLUDE_PSK_EXCHANGE_MODES_EXTENSION=INCLUDE_PSK_EXCHANGE_MODES_EXTENSION = true, INCLUDE_SESSION_TICKET_EXTENSION=INCLUDE_SESSION_TICKET_EXTENSION = true, INCLUDE_GREASE_CIPHER_SUITES=INCLUDE_GREASE_CIPHER_SUITES = true, NAMED_GROUP=NAMED_GROUP = SECP256K1, CIPHER_SUITE=CIPHER_SUITE = TLS_AES_128_GCM_SHA256, INCLUDE_GREASE_NAMED_GROUPS=INCLUDE_GREASE_NAMED_GROUPS = true, INCLUDE_CHANGE_CIPHER_SPEC=INCLUDE_CHANGE_CIPHER_SPEC = true, INCLUDE_PADDING_EXTENSION=INCLUDE_PADDING_EXTENSION = true}",
    "ParameterCombination" : {
      "INCLUDE_HEARTBEAT_EXTENSION" : true,
      "INCLUDE_PSK_EXCHANGE_MODES_EXTENSION" : true,
      "CIPHER_SUITE" : "TLS_AES_128_GCM_SHA256",
      "INCLUDE_EXTENDED_MASTER_SECRET_EXTENSION" : true,
      "INCLUDE_PADDING_EXTENSION" : true,
      "INCLUDE_GREASE_NAMED_GROUPS" : true,
      "INCLUDE_GREASE_CIPHER_SUITES" : true,
      "INCLUDE_RENEGOTIATION_EXTENSION" : true,
      "NAMED_GROUP" : "SECP256K1",
      "TCP_FRAGMENTATION" : false,
      "INCLUDE_ENCRYPT_THEN_MAC_EXTENSION" : true,
      "INCLUDE_ALPN_EXTENSION" : true,
      "INCLUDE_GREASE_SIG_HASH_ALGORITHMS" : true,
      "INCLUDE_CHANGE_CIPHER_SPEC" : true,
      "INCLUDE_SESSION_TICKET_EXTENSION" : true,
      "RECORD_LENGTH" : 50,
      "MAX_FRAGMENT_LENGTH" : "TWO_9"
    },
    "AdditionalResultInformation" : null,
    "AdditionalTestInformation" : null,
    "SrcPort" : 15686,
    "DstPort" : 8443,
    "StartTimestamp" : "2023-12-12T11:59:49.769Z",
    "EndTimestamp" : "2023-12-12T11:59:49.771Z",
    "Stacktrace" : null,
    "uuid" : "630CECF9CAA55933B48301BBEE625119D0770B9BD0BA47ADD1036C6ECEA6CA8C"
  }, {
    "Result" : "STRICTLY_SUCCEEDED",
    "DisplayName" : "[9] Combination{INCLUDE_ALPN_EXTENSION=INCLUDE_ALPN_EXTENSION = true, RECORD_LENGTH=RECORD_LENGTH = 50, MAX_FRAGMENT_LENGTH=MAX_FRAGMENT_LENGTH = TWO_9, INCLUDE_HEARTBEAT_EXTENSION=INCLUDE_HEARTBEAT_EXTENSION = true, INCLUDE_EXTENDED_MASTER_SECRET_EXTENSION=INCLUDE_EXTENDED_MASTER_SECRET_EXTENSION = true, TCP_FRAGMENTATION=TCP_FRAGMENTATION = false, INCLUDE_RENEGOTIATION_EXTENSION=INCLUDE_RENEGOTIATION_EXTENSION = true, INCLUDE_GREASE_SIG_HASH_ALGORITHMS=INCLUDE_GREASE_SIG_HASH_ALGORITHMS = true, INCLUDE_ENCRYPT_THEN_MAC_EXTENSION=INCLUDE_ENCRYPT_THEN_MAC_EXTENSION = true, INCLUDE_PSK_EXCHANGE_MODES_EXTENSION=INCLUDE_PSK_EXCHANGE_MODES_EXTENSION = true, INCLUDE_SESSION_TICKET_EXTENSION=INCLUDE_SESSION_TICKET_EXTENSION = true, INCLUDE_GREASE_CIPHER_SUITES=INCLUDE_GREASE_CIPHER_SUITES = true, NAMED_GROUP=NAMED_GROUP = SECT163K1, CIPHER_SUITE=CIPHER_SUITE = TLS_AES_128_GCM_SHA256, INCLUDE_GREASE_NAMED_GROUPS=INCLUDE_GREASE_NAMED_GROUPS = true, INCLUDE_CHANGE_CIPHER_SPEC=INCLUDE_CHANGE_CIPHER_SPEC = true, INCLUDE_PADDING_EXTENSION=INCLUDE_PADDING_EXTENSION = true}",
    "ParameterCombination" : {
      "INCLUDE_HEARTBEAT_EXTENSION" : true,
      "INCLUDE_PSK_EXCHANGE_MODES_EXTENSION" : true,
      "CIPHER_SUITE" : "TLS_AES_128_GCM_SHA256",
      "INCLUDE_EXTENDED_MASTER_SECRET_EXTENSION" : true,
      "INCLUDE_PADDING_EXTENSION" : true,
      "INCLUDE_GREASE_NAMED_GROUPS" : true,
      "INCLUDE_GREASE_CIPHER_SUITES" : true,
      "INCLUDE_RENEGOTIATION_EXTENSION" : true,
      "NAMED_GROUP" : "SECT163K1",
      "TCP_FRAGMENTATION" : false,
      "INCLUDE_ENCRYPT_THEN_MAC_EXTENSION" : true,
      "INCLUDE_ALPN_EXTENSION" : true,
      "INCLUDE_GREASE_SIG_HASH_ALGORITHMS" : true,
      "INCLUDE_CHANGE_CIPHER_SPEC" : true,
      "INCLUDE_SESSION_TICKET_EXTENSION" : true,
      "RECORD_LENGTH" : 50,
      "MAX_FRAGMENT_LENGTH" : "TWO_9"
    },
    "AdditionalResultInformation" : null,
    "AdditionalTestInformation" : null,
    "SrcPort" : 15688,
    "DstPort" : 8443,
    "StartTimestamp" : "2023-12-12T11:59:51.033Z",
    "EndTimestamp" : "2023-12-12T11:59:51.041Z",
    "Stacktrace" : null,
    "uuid" : "8244A33D87B5E28FE136493126BAFAEADE3441CD82C7B3B751EA86DBDCE3D759"
  }, {
    "Result" : "STRICTLY_SUCCEEDED",
    "DisplayName" : "[10] Combination{INCLUDE_ALPN_EXTENSION=INCLUDE_ALPN_EXTENSION = true, RECORD_LENGTH=RECORD_LENGTH = 50, MAX_FRAGMENT_LENGTH=MAX_FRAGMENT_LENGTH = TWO_9, INCLUDE_HEARTBEAT_EXTENSION=INCLUDE_HEARTBEAT_EXTENSION = true, INCLUDE_EXTENDED_MASTER_SECRET_EXTENSION=INCLUDE_EXTENDED_MASTER_SECRET_EXTENSION = true, TCP_FRAGMENTATION=TCP_FRAGMENTATION = false, INCLUDE_RENEGOTIATION_EXTENSION=INCLUDE_RENEGOTIATION_EXTENSION = true, INCLUDE_GREASE_SIG_HASH_ALGORITHMS=INCLUDE_GREASE_SIG_HASH_ALGORITHMS = true, INCLUDE_ENCRYPT_THEN_MAC_EXTENSION=INCLUDE_ENCRYPT_THEN_MAC_EXTENSION = true, INCLUDE_PSK_EXCHANGE_MODES_EXTENSION=INCLUDE_PSK_EXCHANGE_MODES_EXTENSION = true, INCLUDE_SESSION_TICKET_EXTENSION=INCLUDE_SESSION_TICKET_EXTENSION = true, INCLUDE_GREASE_CIPHER_SUITES=INCLUDE_GREASE_CIPHER_SUITES = true, NAMED_GROUP=NAMED_GROUP = SECT163R1, CIPHER_SUITE=CIPHER_SUITE = TLS_AES_128_GCM_SHA256, INCLUDE_GREASE_NAMED_GROUPS=INCLUDE_GREASE_NAMED_GROUPS = true, INCLUDE_CHANGE_CIPHER_SPEC=INCLUDE_CHANGE_CIPHER_SPEC = true, INCLUDE_PADDING_EXTENSION=INCLUDE_PADDING_EXTENSION = true}",
    "ParameterCombination" : {
      "INCLUDE_HEARTBEAT_EXTENSION" : true,
      "INCLUDE_PSK_EXCHANGE_MODES_EXTENSION" : true,
      "CIPHER_SUITE" : "TLS_AES_128_GCM_SHA256",
      "INCLUDE_EXTENDED_MASTER_SECRET_EXTENSION" : true,
      "INCLUDE_PADDING_EXTENSION" : true,
      "INCLUDE_GREASE_NAMED_GROUPS" : true,
      "INCLUDE_GREASE_CIPHER_SUITES" : true,
      "INCLUDE_RENEGOTIATION_EXTENSION" : true,
      "NAMED_GROUP" : "SECT163R1",
      "TCP_FRAGMENTATION" : false,
      "INCLUDE_ENCRYPT_THEN_MAC_EXTENSION" : true,
      "INCLUDE_ALPN_EXTENSION" : true,
      "INCLUDE_GREASE_SIG_HASH_ALGORITHMS" : true,
      "INCLUDE_CHANGE_CIPHER_SPEC" : true,
      "INCLUDE_SESSION_TICKET_EXTENSION" : true,
      "RECORD_LENGTH" : 50,
      "MAX_FRAGMENT_LENGTH" : "TWO_9"
    },
    "AdditionalResultInformation" : null,
    "AdditionalTestInformation" : null,
    "SrcPort" : 15690,
    "DstPort" : 8443,
    "StartTimestamp" : "2023-12-12T11:59:52.312Z",
    "EndTimestamp" : "2023-12-12T11:59:52.324Z",
    "Stacktrace" : null,
    "uuid" : "632263B013D3EE20B084B7E44313944026173D31DAB4F279E4B682B5B21E4D15"
  }, {
    "Result" : "STRICTLY_SUCCEEDED",
    "DisplayName" : "[11] Combination{INCLUDE_ALPN_EXTENSION=INCLUDE_ALPN_EXTENSION = true, RECORD_LENGTH=RECORD_LENGTH = 50, MAX_FRAGMENT_LENGTH=MAX_FRAGMENT_LENGTH = TWO_9, INCLUDE_HEARTBEAT_EXTENSION=INCLUDE_HEARTBEAT_EXTENSION = true, INCLUDE_EXTENDED_MASTER_SECRET_EXTENSION=INCLUDE_EXTENDED_MASTER_SECRET_EXTENSION = true, TCP_FRAGMENTATION=TCP_FRAGMENTATION = false, INCLUDE_RENEGOTIATION_EXTENSION=INCLUDE_RENEGOTIATION_EXTENSION = true, INCLUDE_GREASE_SIG_HASH_ALGORITHMS=INCLUDE_GREASE_SIG_HASH_ALGORITHMS = true, INCLUDE_ENCRYPT_THEN_MAC_EXTENSION=INCLUDE_ENCRYPT_THEN_MAC_EXTENSION = true, INCLUDE_PSK_EXCHANGE_MODES_EXTENSION=INCLUDE_PSK_EXCHANGE_MODES_EXTENSION = true, INCLUDE_SESSION_TICKET_EXTENSION=INCLUDE_SESSION_TICKET_EXTENSION = true, INCLUDE_GREASE_CIPHER_SUITES=INCLUDE_GREASE_CIPHER_SUITES = true, NAMED_GROUP=NAMED_GROUP = SECT163R2, CIPHER_SUITE=CIPHER_SUITE = TLS_AES_128_GCM_SHA256, INCLUDE_GREASE_NAMED_GROUPS=INCLUDE_GREASE_NAMED_GROUPS = true, INCLUDE_CHANGE_CIPHER_SPEC=INCLUDE_CHANGE_CIPHER_SPEC = true, INCLUDE_PADDING_EXTENSION=INCLUDE_PADDING_EXTENSION = true}",
    "ParameterCombination" : {
      "INCLUDE_HEARTBEAT_EXTENSION" : true,
      "INCLUDE_PSK_EXCHANGE_MODES_EXTENSION" : true,
      "CIPHER_SUITE" : "TLS_AES_128_GCM_SHA256",
      "INCLUDE_EXTENDED_MASTER_SECRET_EXTENSION" : true,
      "INCLUDE_PADDING_EXTENSION" : true,
      "INCLUDE_GREASE_NAMED_GROUPS" : true,
      "INCLUDE_GREASE_CIPHER_SUITES" : true,
      "INCLUDE_RENEGOTIATION_EXTENSION" : true,
      "NAMED_GROUP" : "SECT163R2",
      "TCP_FRAGMENTATION" : false,
      "INCLUDE_ENCRYPT_THEN_MAC_EXTENSION" : true,
      "INCLUDE_ALPN_EXTENSION" : true,
      "INCLUDE_GREASE_SIG_HASH_ALGORITHMS" : true,
      "INCLUDE_CHANGE_CIPHER_SPEC" : true,
      "INCLUDE_SESSION_TICKET_EXTENSION" : true,
      "RECORD_LENGTH" : 50,
      "MAX_FRAGMENT_LENGTH" : "TWO_9"
    },
    "AdditionalResultInformation" : null,
    "AdditionalTestInformation" : null,
    "SrcPort" : 15692,
    "DstPort" : 8443,
    "StartTimestamp" : "2023-12-12T11:59:53.574Z",
    "EndTimestamp" : "2023-12-12T11:59:53.583Z",
    "Stacktrace" : null,
    "uuid" : "C4CC8DE8E166FB7DAAEF010B30272B74F2067F26CD2AD7497273DCCD12FA0627"
  }, {
    "Result" : "STRICTLY_SUCCEEDED",
    "DisplayName" : "[12] Combination{INCLUDE_ALPN_EXTENSION=INCLUDE_ALPN_EXTENSION = true, RECORD_LENGTH=RECORD_LENGTH = 50, MAX_FRAGMENT_LENGTH=MAX_FRAGMENT_LENGTH = TWO_9, INCLUDE_HEARTBEAT_EXTENSION=INCLUDE_HEARTBEAT_EXTENSION = true, INCLUDE_EXTENDED_MASTER_SECRET_EXTENSION=INCLUDE_EXTENDED_MASTER_SECRET_EXTENSION = true, TCP_FRAGMENTATION=TCP_FRAGMENTATION = false, INCLUDE_RENEGOTIATION_EXTENSION=INCLUDE_RENEGOTIATION_EXTENSION = true, INCLUDE_GREASE_SIG_HASH_ALGORITHMS=INCLUDE_GREASE_SIG_HASH_ALGORITHMS = true, INCLUDE_ENCRYPT_THEN_MAC_EXTENSION=INCLUDE_ENCRYPT_THEN_MAC_EXTENSION = true, INCLUDE_PSK_EXCHANGE_MODES_EXTENSION=INCLUDE_PSK_EXCHANGE_MODES_EXTENSION = true, INCLUDE_SESSION_TICKET_EXTENSION=INCLUDE_SESSION_TICKET_EXTENSION = true, INCLUDE_GREASE_CIPHER_SUITES=INCLUDE_GREASE_CIPHER_SUITES = true, NAMED_GROUP=NAMED_GROUP = SECT193R1, CIPHER_SUITE=CIPHER_SUITE = TLS_AES_128_GCM_SHA256, INCLUDE_GREASE_NAMED_GROUPS=INCLUDE_GREASE_NAMED_GROUPS = true, INCLUDE_CHANGE_CIPHER_SPEC=INCLUDE_CHANGE_CIPHER_SPEC = true, INCLUDE_PADDING_EXTENSION=INCLUDE_PADDING_EXTENSION = true}",
    "ParameterCombination" : {
      "INCLUDE_HEARTBEAT_EXTENSION" : true,
      "INCLUDE_PSK_EXCHANGE_MODES_EXTENSION" : true,
      "CIPHER_SUITE" : "TLS_AES_128_GCM_SHA256",
      "INCLUDE_EXTENDED_MASTER_SECRET_EXTENSION" : true,
      "INCLUDE_PADDING_EXTENSION" : true,
      "INCLUDE_GREASE_NAMED_GROUPS" : true,
      "INCLUDE_GREASE_CIPHER_SUITES" : true,
      "INCLUDE_RENEGOTIATION_EXTENSION" : true,
      "NAMED_GROUP" : "SECT193R1",
      "TCP_FRAGMENTATION" : false,
      "INCLUDE_ENCRYPT_THEN_MAC_EXTENSION" : true,
      "INCLUDE_ALPN_EXTENSION" : true,
      "INCLUDE_GREASE_SIG_HASH_ALGORITHMS" : true,
      "INCLUDE_CHANGE_CIPHER_SPEC" : true,
      "INCLUDE_SESSION_TICKET_EXTENSION" : true,
      "RECORD_LENGTH" : 50,
      "MAX_FRAGMENT_LENGTH" : "TWO_9"
    },
    "AdditionalResultInformation" : null,
    "AdditionalTestInformation" : null,
    "SrcPort" : 15693,
    "DstPort" : 8443,
    "StartTimestamp" : "2023-12-12T11:59:53.630Z",
    "EndTimestamp" : "2023-12-12T11:59:53.635Z",
    "Stacktrace" : null,
    "uuid" : "AC85696AE40EC1BA86D2B7AF19F9314603E88DEA2E0272664EE7993DBCDF750F"
  }, {
    "Result" : "STRICTLY_SUCCEEDED",
    "DisplayName" : "[13] Combination{INCLUDE_ALPN_EXTENSION=INCLUDE_ALPN_EXTENSION = true, RECORD_LENGTH=RECORD_LENGTH = 50, MAX_FRAGMENT_LENGTH=MAX_FRAGMENT_LENGTH = TWO_9, INCLUDE_HEARTBEAT_EXTENSION=INCLUDE_HEARTBEAT_EXTENSION = true, INCLUDE_EXTENDED_MASTER_SECRET_EXTENSION=INCLUDE_EXTENDED_MASTER_SECRET_EXTENSION = true, TCP_FRAGMENTATION=TCP_FRAGMENTATION = false, INCLUDE_RENEGOTIATION_EXTENSION=INCLUDE_RENEGOTIATION_EXTENSION = true, INCLUDE_GREASE_SIG_HASH_ALGORITHMS=INCLUDE_GREASE_SIG_HASH_ALGORITHMS = true, INCLUDE_ENCRYPT_THEN_MAC_EXTENSION=INCLUDE_ENCRYPT_THEN_MAC_EXTENSION = true, INCLUDE_PSK_EXCHANGE_MODES_EXTENSION=INCLUDE_PSK_EXCHANGE_MODES_EXTENSION = true, INCLUDE_SESSION_TICKET_EXTENSION=INCLUDE_SESSION_TICKET_EXTENSION = true, INCLUDE_GREASE_CIPHER_SUITES=INCLUDE_GREASE_CIPHER_SUITES = true, NAMED_GROUP=NAMED_GROUP = SECT193R2, CIPHER_SUITE=CIPHER_SUITE = TLS_AES_128_GCM_SHA256, INCLUDE_GREASE_NAMED_GROUPS=INCLUDE_GREASE_NAMED_GROUPS = true, INCLUDE_CHANGE_CIPHER_SPEC=INCLUDE_CHANGE_CIPHER_SPEC = true, INCLUDE_PADDING_EXTENSION=INCLUDE_PADDING_EXTENSION = true}",
    "ParameterCombination" : {
      "INCLUDE_HEARTBEAT_EXTENSION" : true,
      "INCLUDE_PSK_EXCHANGE_MODES_EXTENSION" : true,
      "CIPHER_SUITE" : "TLS_AES_128_GCM_SHA256",
      "INCLUDE_EXTENDED_MASTER_SECRET_EXTENSION" : true,
      "INCLUDE_PADDING_EXTENSION" : true,
      "INCLUDE_GREASE_NAMED_GROUPS" : true,
      "INCLUDE_GREASE_CIPHER_SUITES" : true,
      "INCLUDE_RENEGOTIATION_EXTENSION" : true,
      "NAMED_GROUP" : "SECT193R2",
      "TCP_FRAGMENTATION" : false,
      "INCLUDE_ENCRYPT_THEN_MAC_EXTENSION" : true,
      "INCLUDE_ALPN_EXTENSION" : true,
      "INCLUDE_GREASE_SIG_HASH_ALGORITHMS" : true,
      "INCLUDE_CHANGE_CIPHER_SPEC" : true,
      "INCLUDE_SESSION_TICKET_EXTENSION" : true,
      "RECORD_LENGTH" : 50,
      "MAX_FRAGMENT_LENGTH" : "TWO_9"
    },
    "AdditionalResultInformation" : null,
    "AdditionalTestInformation" : null,
    "SrcPort" : 15695,
    "DstPort" : 8443,
    "StartTimestamp" : "2023-12-12T11:59:53.684Z",
    "EndTimestamp" : "2023-12-12T11:59:53.689Z",
    "Stacktrace" : null,
    "uuid" : "BCD7F4082ABD8B7703D5CA13A333DC5D11173B08957342C2F2525916463FF091"
  }, {
    "Result" : "STRICTLY_SUCCEEDED",
    "DisplayName" : "[14] Combination{INCLUDE_ALPN_EXTENSION=INCLUDE_ALPN_EXTENSION = true, RECORD_LENGTH=RECORD_LENGTH = 50, MAX_FRAGMENT_LENGTH=MAX_FRAGMENT_LENGTH = TWO_9, INCLUDE_HEARTBEAT_EXTENSION=INCLUDE_HEARTBEAT_EXTENSION = true, INCLUDE_EXTENDED_MASTER_SECRET_EXTENSION=INCLUDE_EXTENDED_MASTER_SECRET_EXTENSION = true, TCP_FRAGMENTATION=TCP_FRAGMENTATION = false, INCLUDE_RENEGOTIATION_EXTENSION=INCLUDE_RENEGOTIATION_EXTENSION = true, INCLUDE_GREASE_SIG_HASH_ALGORITHMS=INCLUDE_GREASE_SIG_HASH_ALGORITHMS = true, INCLUDE_ENCRYPT_THEN_MAC_EXTENSION=INCLUDE_ENCRYPT_THEN_MAC_EXTENSION = true, INCLUDE_PSK_EXCHANGE_MODES_EXTENSION=INCLUDE_PSK_EXCHANGE_MODES_EXTENSION = true, INCLUDE_SESSION_TICKET_EXTENSION=INCLUDE_SESSION_TICKET_EXTENSION = true, INCLUDE_GREASE_CIPHER_SUITES=INCLUDE_GREASE_CIPHER_SUITES = true, NAMED_GROUP=NAMED_GROUP = SECT233K1, CIPHER_SUITE=CIPHER_SUITE = TLS_AES_128_GCM_SHA256, INCLUDE_GREASE_NAMED_GROUPS=INCLUDE_GREASE_NAMED_GROUPS = true, INCLUDE_CHANGE_CIPHER_SPEC=INCLUDE_CHANGE_CIPHER_SPEC = true, INCLUDE_PADDING_EXTENSION=INCLUDE_PADDING_EXTENSION = true}",
    "ParameterCombination" : {
      "INCLUDE_HEARTBEAT_EXTENSION" : true,
      "INCLUDE_PSK_EXCHANGE_MODES_EXTENSION" : true,
      "CIPHER_SUITE" : "TLS_AES_128_GCM_SHA256",
      "INCLUDE_EXTENDED_MASTER_SECRET_EXTENSION" : true,
      "INCLUDE_PADDING_EXTENSION" : true,
      "INCLUDE_GREASE_NAMED_GROUPS" : true,
      "INCLUDE_GREASE_CIPHER_SUITES" : true,
      "INCLUDE_RENEGOTIATION_EXTENSION" : true,
      "NAMED_GROUP" : "SECT233K1",
      "TCP_FRAGMENTATION" : false,
      "INCLUDE_ENCRYPT_THEN_MAC_EXTENSION" : true,
      "INCLUDE_ALPN_EXTENSION" : true,
      "INCLUDE_GREASE_SIG_HASH_ALGORITHMS" : true,
      "INCLUDE_CHANGE_CIPHER_SPEC" : true,
      "INCLUDE_SESSION_TICKET_EXTENSION" : true,
      "RECORD_LENGTH" : 50,
      "MAX_FRAGMENT_LENGTH" : "TWO_9"
    },
    "AdditionalResultInformation" : null,
    "AdditionalTestInformation" : null,
    "SrcPort" : 15697,
    "DstPort" : 8443,
    "StartTimestamp" : "2023-12-12T11:59:53.832Z",
    "EndTimestamp" : "2023-12-12T11:59:53.839Z",
    "Stacktrace" : null,
    "uuid" : "134BA313294D53E8397451ADE7936243FB4021A963AA4D677B5021BB9610EB65"
  }, {
    "Result" : "STRICTLY_SUCCEEDED",
    "DisplayName" : "[15] Combination{INCLUDE_ALPN_EXTENSION=INCLUDE_ALPN_EXTENSION = true, RECORD_LENGTH=RECORD_LENGTH = 50, MAX_FRAGMENT_LENGTH=MAX_FRAGMENT_LENGTH = TWO_9, INCLUDE_HEARTBEAT_EXTENSION=INCLUDE_HEARTBEAT_EXTENSION = true, INCLUDE_EXTENDED_MASTER_SECRET_EXTENSION=INCLUDE_EXTENDED_MASTER_SECRET_EXTENSION = true, TCP_FRAGMENTATION=TCP_FRAGMENTATION = false, INCLUDE_RENEGOTIATION_EXTENSION=INCLUDE_RENEGOTIATION_EXTENSION = true, INCLUDE_GREASE_SIG_HASH_ALGORITHMS=INCLUDE_GREASE_SIG_HASH_ALGORITHMS = true, INCLUDE_ENCRYPT_THEN_MAC_EXTENSION=INCLUDE_ENCRYPT_THEN_MAC_EXTENSION = true, INCLUDE_PSK_EXCHANGE_MODES_EXTENSION=INCLUDE_PSK_EXCHANGE_MODES_EXTENSION = true, INCLUDE_SESSION_TICKET_EXTENSION=INCLUDE_SESSION_TICKET_EXTENSION = true, INCLUDE_GREASE_CIPHER_SUITES=INCLUDE_GREASE_CIPHER_SUITES = true, NAMED_GROUP=NAMED_GROUP = SECT233R1, CIPHER_SUITE=CIPHER_SUITE = TLS_AES_128_GCM_SHA256, INCLUDE_GREASE_NAMED_GROUPS=INCLUDE_GREASE_NAMED_GROUPS = true, INCLUDE_CHANGE_CIPHER_SPEC=INCLUDE_CHANGE_CIPHER_SPEC = true, INCLUDE_PADDING_EXTENSION=INCLUDE_PADDING_EXTENSION = true}",
    "ParameterCombination" : {
      "INCLUDE_HEARTBEAT_EXTENSION" : true,
      "INCLUDE_PSK_EXCHANGE_MODES_EXTENSION" : true,
      "CIPHER_SUITE" : "TLS_AES_128_GCM_SHA256",
      "INCLUDE_EXTENDED_MASTER_SECRET_EXTENSION" : true,
      "INCLUDE_PADDING_EXTENSION" : true,
      "INCLUDE_GREASE_NAMED_GROUPS" : true,
      "INCLUDE_GREASE_CIPHER_SUITES" : true,
      "INCLUDE_RENEGOTIATION_EXTENSION" : true,
      "NAMED_GROUP" : "SECT233R1",
      "TCP_FRAGMENTATION" : false,
      "INCLUDE_ENCRYPT_THEN_MAC_EXTENSION" : true,
      "INCLUDE_ALPN_EXTENSION" : true,
      "INCLUDE_GREASE_SIG_HASH_ALGORITHMS" : true,
      "INCLUDE_CHANGE_CIPHER_SPEC" : true,
      "INCLUDE_SESSION_TICKET_EXTENSION" : true,
      "RECORD_LENGTH" : 50,
      "MAX_FRAGMENT_LENGTH" : "TWO_9"
    },
    "AdditionalResultInformation" : null,
    "AdditionalTestInformation" : null,
    "SrcPort" : 15699,
    "DstPort" : 8443,
    "StartTimestamp" : "2023-12-12T11:59:53.910Z",
    "EndTimestamp" : "2023-12-12T11:59:53.915Z",
    "Stacktrace" : null,
    "uuid" : "86064C1815FF1C2B27F07E2F33367EE6279A90ED1A1353A855BE322D1161C1EA"
  }, {
    "Result" : "STRICTLY_SUCCEEDED",
    "DisplayName" : "[16] Combination{INCLUDE_ALPN_EXTENSION=INCLUDE_ALPN_EXTENSION = true, RECORD_LENGTH=RECORD_LENGTH = 50, MAX_FRAGMENT_LENGTH=MAX_FRAGMENT_LENGTH = TWO_9, INCLUDE_HEARTBEAT_EXTENSION=INCLUDE_HEARTBEAT_EXTENSION = true, INCLUDE_EXTENDED_MASTER_SECRET_EXTENSION=INCLUDE_EXTENDED_MASTER_SECRET_EXTENSION = true, TCP_FRAGMENTATION=TCP_FRAGMENTATION = false, INCLUDE_RENEGOTIATION_EXTENSION=INCLUDE_RENEGOTIATION_EXTENSION = true, INCLUDE_GREASE_SIG_HASH_ALGORITHMS=INCLUDE_GREASE_SIG_HASH_ALGORITHMS = true, INCLUDE_ENCRYPT_THEN_MAC_EXTENSION=INCLUDE_ENCRYPT_THEN_MAC_EXTENSION = true, INCLUDE_PSK_EXCHANGE_MODES_EXTENSION=INCLUDE_PSK_EXCHANGE_MODES_EXTENSION = true, INCLUDE_SESSION_TICKET_EXTENSION=INCLUDE_SESSION_TICKET_EXTENSION = true, INCLUDE_GREASE_CIPHER_SUITES=INCLUDE_GREASE_CIPHER_SUITES = true, NAMED_GROUP=NAMED_GROUP = SECT239K1, CIPHER_SUITE=CIPHER_SUITE = TLS_AES_128_GCM_SHA256, INCLUDE_GREASE_NAMED_GROUPS=INCLUDE_GREASE_NAMED_GROUPS = true, INCLUDE_CHANGE_CIPHER_SPEC=INCLUDE_CHANGE_CIPHER_SPEC = true, INCLUDE_PADDING_EXTENSION=INCLUDE_PADDING_EXTENSION = true}",
    "ParameterCombination" : {
      "INCLUDE_HEARTBEAT_EXTENSION" : true,
      "INCLUDE_PSK_EXCHANGE_MODES_EXTENSION" : true,
      "CIPHER_SUITE" : "TLS_AES_128_GCM_SHA256",
      "INCLUDE_EXTENDED_MASTER_SECRET_EXTENSION" : true,
      "INCLUDE_PADDING_EXTENSION" : true,
      "INCLUDE_GREASE_NAMED_GROUPS" : true,
      "INCLUDE_GREASE_CIPHER_SUITES" : true,
      "INCLUDE_RENEGOTIATION_EXTENSION" : true,
      "NAMED_GROUP" : "SECT239K1",
      "TCP_FRAGMENTATION" : false,
      "INCLUDE_ENCRYPT_THEN_MAC_EXTENSION" : true,
      "INCLUDE_ALPN_EXTENSION" : true,
      "INCLUDE_GREASE_SIG_HASH_ALGORITHMS" : true,
      "INCLUDE_CHANGE_CIPHER_SPEC" : true,
      "INCLUDE_SESSION_TICKET_EXTENSION" : true,
      "RECORD_LENGTH" : 50,
      "MAX_FRAGMENT_LENGTH" : "TWO_9"
    },
    "AdditionalResultInformation" : null,
    "AdditionalTestInformation" : null,
    "SrcPort" : 15701,
    "DstPort" : 8443,
    "StartTimestamp" : "2023-12-12T11:59:53.976Z",
    "EndTimestamp" : "2023-12-12T11:59:53.983Z",
    "Stacktrace" : null,
    "uuid" : "86F4477E982DE469295A2EF8AEA5EDED0C01B58BD10F8FE0090AB2111BCA045C"
  }, {
    "Result" : "STRICTLY_SUCCEEDED",
    "DisplayName" : "[17] Combination{INCLUDE_ALPN_EXTENSION=INCLUDE_ALPN_EXTENSION = true, RECORD_LENGTH=RECORD_LENGTH = 50, MAX_FRAGMENT_LENGTH=MAX_FRAGMENT_LENGTH = TWO_9, INCLUDE_HEARTBEAT_EXTENSION=INCLUDE_HEARTBEAT_EXTENSION = true, INCLUDE_EXTENDED_MASTER_SECRET_EXTENSION=INCLUDE_EXTENDED_MASTER_SECRET_EXTENSION = true, TCP_FRAGMENTATION=TCP_FRAGMENTATION = false, INCLUDE_RENEGOTIATION_EXTENSION=INCLUDE_RENEGOTIATION_EXTENSION = true, INCLUDE_GREASE_SIG_HASH_ALGORITHMS=INCLUDE_GREASE_SIG_HASH_ALGORITHMS = true, INCLUDE_ENCRYPT_THEN_MAC_EXTENSION=INCLUDE_ENCRYPT_THEN_MAC_EXTENSION = true, INCLUDE_PSK_EXCHANGE_MODES_EXTENSION=INCLUDE_PSK_EXCHANGE_MODES_EXTENSION = true, INCLUDE_SESSION_TICKET_EXTENSION=INCLUDE_SESSION_TICKET_EXTENSION = true, INCLUDE_GREASE_CIPHER_SUITES=INCLUDE_GREASE_CIPHER_SUITES = true, NAMED_GROUP=NAMED_GROUP = SECT283K1, CIPHER_SUITE=CIPHER_SUITE = TLS_AES_128_GCM_SHA256, INCLUDE_GREASE_NAMED_GROUPS=INCLUDE_GREASE_NAMED_GROUPS = true, INCLUDE_CHANGE_CIPHER_SPEC=INCLUDE_CHANGE_CIPHER_SPEC = true, INCLUDE_PADDING_EXTENSION=INCLUDE_PADDING_EXTENSION = true}",
    "ParameterCombination" : {
      "INCLUDE_HEARTBEAT_EXTENSION" : true,
      "INCLUDE_PSK_EXCHANGE_MODES_EXTENSION" : true,
      "CIPHER_SUITE" : "TLS_AES_128_GCM_SHA256",
      "INCLUDE_EXTENDED_MASTER_SECRET_EXTENSION" : true,
      "INCLUDE_PADDING_EXTENSION" : true,
      "INCLUDE_GREASE_NAMED_GROUPS" : true,
      "INCLUDE_GREASE_CIPHER_SUITES" : true,
      "INCLUDE_RENEGOTIATION_EXTENSION" : true,
      "NAMED_GROUP" : "SECT283K1",
      "TCP_FRAGMENTATION" : false,
      "INCLUDE_ENCRYPT_THEN_MAC_EXTENSION" : true,
      "INCLUDE_ALPN_EXTENSION" : true,
      "INCLUDE_GREASE_SIG_HASH_ALGORITHMS" : true,
      "INCLUDE_CHANGE_CIPHER_SPEC" : true,
      "INCLUDE_SESSION_TICKET_EXTENSION" : true,
      "RECORD_LENGTH" : 50,
      "MAX_FRAGMENT_LENGTH" : "TWO_9"
    },
    "AdditionalResultInformation" : null,
    "AdditionalTestInformation" : null,
    "SrcPort" : 15703,
    "DstPort" : 8443,
    "StartTimestamp" : "2023-12-12T11:59:54.058Z",
    "EndTimestamp" : "2023-12-12T11:59:54.064Z",
    "Stacktrace" : null,
    "uuid" : "A52D657A81D2A9EEAE44ECB4E255B4B609E3FECA0F15DE26248D8E06396B6E7B"
  }, {
    "Result" : "STRICTLY_SUCCEEDED",
    "DisplayName" : "[18] Combination{INCLUDE_ALPN_EXTENSION=INCLUDE_ALPN_EXTENSION = true, RECORD_LENGTH=RECORD_LENGTH = 50, MAX_FRAGMENT_LENGTH=MAX_FRAGMENT_LENGTH = TWO_9, INCLUDE_HEARTBEAT_EXTENSION=INCLUDE_HEARTBEAT_EXTENSION = true, INCLUDE_EXTENDED_MASTER_SECRET_EXTENSION=INCLUDE_EXTENDED_MASTER_SECRET_EXTENSION = true, TCP_FRAGMENTATION=TCP_FRAGMENTATION = false, INCLUDE_RENEGOTIATION_EXTENSION=INCLUDE_RENEGOTIATION_EXTENSION = true, INCLUDE_GREASE_SIG_HASH_ALGORITHMS=INCLUDE_GREASE_SIG_HASH_ALGORITHMS = true, INCLUDE_ENCRYPT_THEN_MAC_EXTENSION=INCLUDE_ENCRYPT_THEN_MAC_EXTENSION = true, INCLUDE_PSK_EXCHANGE_MODES_EXTENSION=INCLUDE_PSK_EXCHANGE_MODES_EXTENSION = true, INCLUDE_SESSION_TICKET_EXTENSION=INCLUDE_SESSION_TICKET_EXTENSION = true, INCLUDE_GREASE_CIPHER_SUITES=INCLUDE_GREASE_CIPHER_SUITES = true, NAMED_GROUP=NAMED_GROUP = SECT283R1, CIPHER_SUITE=CIPHER_SUITE = TLS_AES_128_GCM_SHA256, INCLUDE_GREASE_NAMED_GROUPS=INCLUDE_GREASE_NAMED_GROUPS = true, INCLUDE_CHANGE_CIPHER_SPEC=INCLUDE_CHANGE_CIPHER_SPEC = true, INCLUDE_PADDING_EXTENSION=INCLUDE_PADDING_EXTENSION = true}",
    "ParameterCombination" : {
      "INCLUDE_HEARTBEAT_EXTENSION" : true,
      "INCLUDE_PSK_EXCHANGE_MODES_EXTENSION" : true,
      "CIPHER_SUITE" : "TLS_AES_128_GCM_SHA256",
      "INCLUDE_EXTENDED_MASTER_SECRET_EXTENSION" : true,
      "INCLUDE_PADDING_EXTENSION" : true,
      "INCLUDE_GREASE_NAMED_GROUPS" : true,
      "INCLUDE_GREASE_CIPHER_SUITES" : true,
      "INCLUDE_RENEGOTIATION_EXTENSION" : true,
      "NAMED_GROUP" : "SECT283R1",
      "TCP_FRAGMENTATION" : false,
      "INCLUDE_ENCRYPT_THEN_MAC_EXTENSION" : true,
      "INCLUDE_ALPN_EXTENSION" : true,
      "INCLUDE_GREASE_SIG_HASH_ALGORITHMS" : true,
      "INCLUDE_CHANGE_CIPHER_SPEC" : true,
      "INCLUDE_SESSION_TICKET_EXTENSION" : true,
      "RECORD_LENGTH" : 50,
      "MAX_FRAGMENT_LENGTH" : "TWO_9"
    },
    "AdditionalResultInformation" : null,
    "AdditionalTestInformation" : null,
    "SrcPort" : 15704,
    "DstPort" : 8443,
    "StartTimestamp" : "2023-12-12T11:59:54.103Z",
    "EndTimestamp" : "2023-12-12T11:59:54.109Z",
    "Stacktrace" : null,
    "uuid" : "14701D295186942322FE701B92146F6D5A96032CA83BDC5D770B46E974EF4075"
  }, {
    "Result" : "STRICTLY_SUCCEEDED",
    "DisplayName" : "[19] Combination{INCLUDE_ALPN_EXTENSION=INCLUDE_ALPN_EXTENSION = true, RECORD_LENGTH=RECORD_LENGTH = 50, MAX_FRAGMENT_LENGTH=MAX_FRAGMENT_LENGTH = TWO_9, INCLUDE_HEARTBEAT_EXTENSION=INCLUDE_HEARTBEAT_EXTENSION = true, INCLUDE_EXTENDED_MASTER_SECRET_EXTENSION=INCLUDE_EXTENDED_MASTER_SECRET_EXTENSION = true, TCP_FRAGMENTATION=TCP_FRAGMENTATION = false, INCLUDE_RENEGOTIATION_EXTENSION=INCLUDE_RENEGOTIATION_EXTENSION = true, INCLUDE_GREASE_SIG_HASH_ALGORITHMS=INCLUDE_GREASE_SIG_HASH_ALGORITHMS = true, INCLUDE_ENCRYPT_THEN_MAC_EXTENSION=INCLUDE_ENCRYPT_THEN_MAC_EXTENSION = true, INCLUDE_PSK_EXCHANGE_MODES_EXTENSION=INCLUDE_PSK_EXCHANGE_MODES_EXTENSION = true, INCLUDE_SESSION_TICKET_EXTENSION=INCLUDE_SESSION_TICKET_EXTENSION = true, INCLUDE_GREASE_CIPHER_SUITES=INCLUDE_GREASE_CIPHER_SUITES = true, NAMED_GROUP=NAMED_GROUP = SECT409K1, CIPHER_SUITE=CIPHER_SUITE = TLS_AES_128_GCM_SHA256, INCLUDE_GREASE_NAMED_GROUPS=INCLUDE_GREASE_NAMED_GROUPS = true, INCLUDE_CHANGE_CIPHER_SPEC=INCLUDE_CHANGE_CIPHER_SPEC = true, INCLUDE_PADDING_EXTENSION=INCLUDE_PADDING_EXTENSION = true}",
    "ParameterCombination" : {
      "INCLUDE_HEARTBEAT_EXTENSION" : true,
      "INCLUDE_PSK_EXCHANGE_MODES_EXTENSION" : true,
      "CIPHER_SUITE" : "TLS_AES_128_GCM_SHA256",
      "INCLUDE_EXTENDED_MASTER_SECRET_EXTENSION" : true,
      "INCLUDE_PADDING_EXTENSION" : true,
      "INCLUDE_GREASE_NAMED_GROUPS" : true,
      "INCLUDE_GREASE_CIPHER_SUITES" : true,
      "INCLUDE_RENEGOTIATION_EXTENSION" : true,
      "NAMED_GROUP" : "SECT409K1",
      "TCP_FRAGMENTATION" : false,
      "INCLUDE_ENCRYPT_THEN_MAC_EXTENSION" : true,
      "INCLUDE_ALPN_EXTENSION" : true,
      "INCLUDE_GREASE_SIG_HASH_ALGORITHMS" : true,
      "INCLUDE_CHANGE_CIPHER_SPEC" : true,
      "INCLUDE_SESSION_TICKET_EXTENSION" : true,
      "RECORD_LENGTH" : 50,
      "MAX_FRAGMENT_LENGTH" : "TWO_9"
    },
    "AdditionalResultInformation" : null,
    "AdditionalTestInformation" : null,
    "SrcPort" : 15706,
    "DstPort" : 8443,
    "StartTimestamp" : "2023-12-12T11:59:54.152Z",
    "EndTimestamp" : "2023-12-12T11:59:54.162Z",
    "Stacktrace" : null,
    "uuid" : "EDD17E7BE68123985A4DAA53579B20B6EA2B34BCB00A49CA3DDB27AB951ECCC1"
  }, {
    "Result" : "STRICTLY_SUCCEEDED",
    "DisplayName" : "[20] Combination{INCLUDE_ALPN_EXTENSION=INCLUDE_ALPN_EXTENSION = true, RECORD_LENGTH=RECORD_LENGTH = 50, MAX_FRAGMENT_LENGTH=MAX_FRAGMENT_LENGTH = TWO_9, INCLUDE_HEARTBEAT_EXTENSION=INCLUDE_HEARTBEAT_EXTENSION = true, INCLUDE_EXTENDED_MASTER_SECRET_EXTENSION=INCLUDE_EXTENDED_MASTER_SECRET_EXTENSION = true, TCP_FRAGMENTATION=TCP_FRAGMENTATION = false, INCLUDE_RENEGOTIATION_EXTENSION=INCLUDE_RENEGOTIATION_EXTENSION = true, INCLUDE_GREASE_SIG_HASH_ALGORITHMS=INCLUDE_GREASE_SIG_HASH_ALGORITHMS = true, INCLUDE_ENCRYPT_THEN_MAC_EXTENSION=INCLUDE_ENCRYPT_THEN_MAC_EXTENSION = true, INCLUDE_PSK_EXCHANGE_MODES_EXTENSION=INCLUDE_PSK_EXCHANGE_MODES_EXTENSION = true, INCLUDE_SESSION_TICKET_EXTENSION=INCLUDE_SESSION_TICKET_EXTENSION = true, INCLUDE_GREASE_CIPHER_SUITES=INCLUDE_GREASE_CIPHER_SUITES = true, NAMED_GROUP=NAMED_GROUP = SECT409R1, CIPHER_SUITE=CIPHER_SUITE = TLS_AES_128_GCM_SHA256, INCLUDE_GREASE_NAMED_GROUPS=INCLUDE_GREASE_NAMED_GROUPS = true, INCLUDE_CHANGE_CIPHER_SPEC=INCLUDE_CHANGE_CIPHER_SPEC = true, INCLUDE_PADDING_EXTENSION=INCLUDE_PADDING_EXTENSION = true}",
    "ParameterCombination" : {
      "INCLUDE_HEARTBEAT_EXTENSION" : true,
      "INCLUDE_PSK_EXCHANGE_MODES_EXTENSION" : true,
      "CIPHER_SUITE" : "TLS_AES_128_GCM_SHA256",
      "INCLUDE_EXTENDED_MASTER_SECRET_EXTENSION" : true,
      "INCLUDE_PADDING_EXTENSION" : true,
      "INCLUDE_GREASE_NAMED_GROUPS" : true,
      "INCLUDE_GREASE_CIPHER_SUITES" : true,
      "INCLUDE_RENEGOTIATION_EXTENSION" : true,
      "NAMED_GROUP" : "SECT409R1",
      "TCP_FRAGMENTATION" : false,
      "INCLUDE_ENCRYPT_THEN_MAC_EXTENSION" : true,
      "INCLUDE_ALPN_EXTENSION" : true,
      "INCLUDE_GREASE_SIG_HASH_ALGORITHMS" : true,
      "INCLUDE_CHANGE_CIPHER_SPEC" : true,
      "INCLUDE_SESSION_TICKET_EXTENSION" : true,
      "RECORD_LENGTH" : 50,
      "MAX_FRAGMENT_LENGTH" : "TWO_9"
    },
    "AdditionalResultInformation" : null,
    "AdditionalTestInformation" : null,
    "SrcPort" : 15708,
    "DstPort" : 8443,
    "StartTimestamp" : "2023-12-12T11:59:54.235Z",
    "EndTimestamp" : "2023-12-12T11:59:54.244Z",
    "Stacktrace" : null,
    "uuid" : "8D59CB23B14CC5E149D4D0B0A1D70FB6A051BA01BDBD1B3EBEE314193CB04343"
  }, {
    "Result" : "STRICTLY_SUCCEEDED",
    "DisplayName" : "[21] Combination{INCLUDE_ALPN_EXTENSION=INCLUDE_ALPN_EXTENSION = true, RECORD_LENGTH=RECORD_LENGTH = 50, MAX_FRAGMENT_LENGTH=MAX_FRAGMENT_LENGTH = TWO_9, INCLUDE_HEARTBEAT_EXTENSION=INCLUDE_HEARTBEAT_EXTENSION = true, INCLUDE_EXTENDED_MASTER_SECRET_EXTENSION=INCLUDE_EXTENDED_MASTER_SECRET_EXTENSION = true, TCP_FRAGMENTATION=TCP_FRAGMENTATION = false, INCLUDE_RENEGOTIATION_EXTENSION=INCLUDE_RENEGOTIATION_EXTENSION = true, INCLUDE_GREASE_SIG_HASH_ALGORITHMS=INCLUDE_GREASE_SIG_HASH_ALGORITHMS = true, INCLUDE_ENCRYPT_THEN_MAC_EXTENSION=INCLUDE_ENCRYPT_THEN_MAC_EXTENSION = true, INCLUDE_PSK_EXCHANGE_MODES_EXTENSION=INCLUDE_PSK_EXCHANGE_MODES_EXTENSION = true, INCLUDE_SESSION_TICKET_EXTENSION=INCLUDE_SESSION_TICKET_EXTENSION = true, INCLUDE_GREASE_CIPHER_SUITES=INCLUDE_GREASE_CIPHER_SUITES = true, NAMED_GROUP=NAMED_GROUP = SECT571K1, CIPHER_SUITE=CIPHER_SUITE = TLS_AES_128_GCM_SHA256, INCLUDE_GREASE_NAMED_GROUPS=INCLUDE_GREASE_NAMED_GROUPS = true, INCLUDE_CHANGE_CIPHER_SPEC=INCLUDE_CHANGE_CIPHER_SPEC = true, INCLUDE_PADDING_EXTENSION=INCLUDE_PADDING_EXTENSION = true}",
    "ParameterCombination" : {
      "INCLUDE_HEARTBEAT_EXTENSION" : true,
      "INCLUDE_PSK_EXCHANGE_MODES_EXTENSION" : true,
      "CIPHER_SUITE" : "TLS_AES_128_GCM_SHA256",
      "INCLUDE_EXTENDED_MASTER_SECRET_EXTENSION" : true,
      "INCLUDE_PADDING_EXTENSION" : true,
      "INCLUDE_GREASE_NAMED_GROUPS" : true,
      "INCLUDE_GREASE_CIPHER_SUITES" : true,
      "INCLUDE_RENEGOTIATION_EXTENSION" : true,
      "NAMED_GROUP" : "SECT571K1",
      "TCP_FRAGMENTATION" : false,
      "INCLUDE_ENCRYPT_THEN_MAC_EXTENSION" : true,
      "INCLUDE_ALPN_EXTENSION" : true,
      "INCLUDE_GREASE_SIG_HASH_ALGORITHMS" : true,
      "INCLUDE_CHANGE_CIPHER_SPEC" : true,
      "INCLUDE_SESSION_TICKET_EXTENSION" : true,
      "RECORD_LENGTH" : 50,
      "MAX_FRAGMENT_LENGTH" : "TWO_9"
    },
    "AdditionalResultInformation" : null,
    "AdditionalTestInformation" : null,
    "SrcPort" : 15710,
    "DstPort" : 8443,
    "StartTimestamp" : "2023-12-12T11:59:54.305Z",
    "EndTimestamp" : "2023-12-12T11:59:54.319Z",
    "Stacktrace" : null,
    "uuid" : "B36AD0F2F98401ADF7CD1383CAECBD7092162FDB0903654324947F046A541D13"
  }, {
    "Result" : "STRICTLY_SUCCEEDED",
    "DisplayName" : "[22] Combination{INCLUDE_ALPN_EXTENSION=INCLUDE_ALPN_EXTENSION = true, RECORD_LENGTH=RECORD_LENGTH = 50, MAX_FRAGMENT_LENGTH=MAX_FRAGMENT_LENGTH = TWO_9, INCLUDE_HEARTBEAT_EXTENSION=INCLUDE_HEARTBEAT_EXTENSION = true, INCLUDE_EXTENDED_MASTER_SECRET_EXTENSION=INCLUDE_EXTENDED_MASTER_SECRET_EXTENSION = true, TCP_FRAGMENTATION=TCP_FRAGMENTATION = false, INCLUDE_RENEGOTIATION_EXTENSION=INCLUDE_RENEGOTIATION_EXTENSION = true, INCLUDE_GREASE_SIG_HASH_ALGORITHMS=INCLUDE_GREASE_SIG_HASH_ALGORITHMS = true, INCLUDE_ENCRYPT_THEN_MAC_EXTENSION=INCLUDE_ENCRYPT_THEN_MAC_EXTENSION = true, INCLUDE_PSK_EXCHANGE_MODES_EXTENSION=INCLUDE_PSK_EXCHANGE_MODES_EXTENSION = true, INCLUDE_SESSION_TICKET_EXTENSION=INCLUDE_SESSION_TICKET_EXTENSION = true, INCLUDE_GREASE_CIPHER_SUITES=INCLUDE_GREASE_CIPHER_SUITES = true, NAMED_GROUP=NAMED_GROUP = SECT571R1, CIPHER_SUITE=CIPHER_SUITE = TLS_AES_128_GCM_SHA256, INCLUDE_GREASE_NAMED_GROUPS=INCLUDE_GREASE_NAMED_GROUPS = true, INCLUDE_CHANGE_CIPHER_SPEC=INCLUDE_CHANGE_CIPHER_SPEC = true, INCLUDE_PADDING_EXTENSION=INCLUDE_PADDING_EXTENSION = true}",
    "ParameterCombination" : {
      "INCLUDE_HEARTBEAT_EXTENSION" : true,
      "INCLUDE_PSK_EXCHANGE_MODES_EXTENSION" : true,
      "CIPHER_SUITE" : "TLS_AES_128_GCM_SHA256",
      "INCLUDE_EXTENDED_MASTER_SECRET_EXTENSION" : true,
      "INCLUDE_PADDING_EXTENSION" : true,
      "INCLUDE_GREASE_NAMED_GROUPS" : true,
      "INCLUDE_GREASE_CIPHER_SUITES" : true,
      "INCLUDE_RENEGOTIATION_EXTENSION" : true,
      "NAMED_GROUP" : "SECT571R1",
      "TCP_FRAGMENTATION" : false,
      "INCLUDE_ENCRYPT_THEN_MAC_EXTENSION" : true,
      "INCLUDE_ALPN_EXTENSION" : true,
      "INCLUDE_GREASE_SIG_HASH_ALGORITHMS" : true,
      "INCLUDE_CHANGE_CIPHER_SPEC" : true,
      "INCLUDE_SESSION_TICKET_EXTENSION" : true,
      "RECORD_LENGTH" : 50,
      "MAX_FRAGMENT_LENGTH" : "TWO_9"
    },
    "AdditionalResultInformation" : null,
    "AdditionalTestInformation" : null,
    "SrcPort" : 15712,
    "DstPort" : 8443,
    "StartTimestamp" : "2023-12-12T11:59:54.363Z",
    "EndTimestamp" : "2023-12-12T11:59:54.376Z",
    "Stacktrace" : null,
    "uuid" : "D0CF9C6217EBE0C770D227C5FD7E510E1DD8BA48640A5D38E61DE470131F2CC9"
  }, {
    "Result" : "STRICTLY_SUCCEEDED",
    "DisplayName" : "[23] Combination{INCLUDE_ALPN_EXTENSION=INCLUDE_ALPN_EXTENSION = true, RECORD_LENGTH=RECORD_LENGTH = 50, MAX_FRAGMENT_LENGTH=MAX_FRAGMENT_LENGTH = TWO_9, INCLUDE_HEARTBEAT_EXTENSION=INCLUDE_HEARTBEAT_EXTENSION = true, INCLUDE_EXTENDED_MASTER_SECRET_EXTENSION=INCLUDE_EXTENDED_MASTER_SECRET_EXTENSION = true, TCP_FRAGMENTATION=TCP_FRAGMENTATION = false, INCLUDE_RENEGOTIATION_EXTENSION=INCLUDE_RENEGOTIATION_EXTENSION = true, INCLUDE_GREASE_SIG_HASH_ALGORITHMS=INCLUDE_GREASE_SIG_HASH_ALGORITHMS = true, INCLUDE_ENCRYPT_THEN_MAC_EXTENSION=INCLUDE_ENCRYPT_THEN_MAC_EXTENSION = true, INCLUDE_PSK_EXCHANGE_MODES_EXTENSION=INCLUDE_PSK_EXCHANGE_MODES_EXTENSION = true, INCLUDE_SESSION_TICKET_EXTENSION=INCLUDE_SESSION_TICKET_EXTENSION = true, INCLUDE_GREASE_CIPHER_SUITES=INCLUDE_GREASE_CIPHER_SUITES = true, NAMED_GROUP=NAMED_GROUP = BRAINPOOLP256R1, CIPHER_SUITE=CIPHER_SUITE = TLS_AES_128_GCM_SHA256, INCLUDE_GREASE_NAMED_GROUPS=INCLUDE_GREASE_NAMED_GROUPS = true, INCLUDE_CHANGE_CIPHER_SPEC=INCLUDE_CHANGE_CIPHER_SPEC = true, INCLUDE_PADDING_EXTENSION=INCLUDE_PADDING_EXTENSION = true}",
    "ParameterCombination" : {
      "INCLUDE_HEARTBEAT_EXTENSION" : true,
      "INCLUDE_PSK_EXCHANGE_MODES_EXTENSION" : true,
      "CIPHER_SUITE" : "TLS_AES_128_GCM_SHA256",
      "INCLUDE_EXTENDED_MASTER_SECRET_EXTENSION" : true,
      "INCLUDE_PADDING_EXTENSION" : true,
      "INCLUDE_GREASE_NAMED_GROUPS" : true,
      "INCLUDE_GREASE_CIPHER_SUITES" : true,
      "INCLUDE_RENEGOTIATION_EXTENSION" : true,
      "NAMED_GROUP" : "BRAINPOOLP256R1",
      "TCP_FRAGMENTATION" : false,
      "INCLUDE_ENCRYPT_THEN_MAC_EXTENSION" : true,
      "INCLUDE_ALPN_EXTENSION" : true,
      "INCLUDE_GREASE_SIG_HASH_ALGORITHMS" : true,
      "INCLUDE_CHANGE_CIPHER_SPEC" : true,
      "INCLUDE_SESSION_TICKET_EXTENSION" : true,
      "RECORD_LENGTH" : 50,
      "MAX_FRAGMENT_LENGTH" : "TWO_9"
    },
    "AdditionalResultInformation" : null,
    "AdditionalTestInformation" : null,
    "SrcPort" : 15714,
    "DstPort" : 8443,
    "StartTimestamp" : "2023-12-12T11:59:54.451Z",
    "EndTimestamp" : "2023-12-12T11:59:54.454Z",
    "Stacktrace" : null,
    "uuid" : "9BA487B2B225EF70018AC11C01215CE5470F4BA5E34DA54DBA5DEC57DB42C21B"
  }, {
    "Result" : "STRICTLY_SUCCEEDED",
    "DisplayName" : "[24] Combination{INCLUDE_ALPN_EXTENSION=INCLUDE_ALPN_EXTENSION = true, RECORD_LENGTH=RECORD_LENGTH = 50, MAX_FRAGMENT_LENGTH=MAX_FRAGMENT_LENGTH = TWO_9, INCLUDE_HEARTBEAT_EXTENSION=INCLUDE_HEARTBEAT_EXTENSION = true, INCLUDE_EXTENDED_MASTER_SECRET_EXTENSION=INCLUDE_EXTENDED_MASTER_SECRET_EXTENSION = true, TCP_FRAGMENTATION=TCP_FRAGMENTATION = false, INCLUDE_RENEGOTIATION_EXTENSION=INCLUDE_RENEGOTIATION_EXTENSION = true, INCLUDE_GREASE_SIG_HASH_ALGORITHMS=INCLUDE_GREASE_SIG_HASH_ALGORITHMS = true, INCLUDE_ENCRYPT_THEN_MAC_EXTENSION=INCLUDE_ENCRYPT_THEN_MAC_EXTENSION = true, INCLUDE_PSK_EXCHANGE_MODES_EXTENSION=INCLUDE_PSK_EXCHANGE_MODES_EXTENSION = true, INCLUDE_SESSION_TICKET_EXTENSION=INCLUDE_SESSION_TICKET_EXTENSION = true, INCLUDE_GREASE_CIPHER_SUITES=INCLUDE_GREASE_CIPHER_SUITES = true, NAMED_GROUP=NAMED_GROUP = BRAINPOOLP384R1, CIPHER_SUITE=CIPHER_SUITE = TLS_AES_128_GCM_SHA256, INCLUDE_GREASE_NAMED_GROUPS=INCLUDE_GREASE_NAMED_GROUPS = true, INCLUDE_CHANGE_CIPHER_SPEC=INCLUDE_CHANGE_CIPHER_SPEC = true, INCLUDE_PADDING_EXTENSION=INCLUDE_PADDING_EXTENSION = true}",
    "ParameterCombination" : {
      "INCLUDE_HEARTBEAT_EXTENSION" : true,
      "INCLUDE_PSK_EXCHANGE_MODES_EXTENSION" : true,
      "CIPHER_SUITE" : "TLS_AES_128_GCM_SHA256",
      "INCLUDE_EXTENDED_MASTER_SECRET_EXTENSION" : true,
      "INCLUDE_PADDING_EXTENSION" : true,
      "INCLUDE_GREASE_NAMED_GROUPS" : true,
      "INCLUDE_GREASE_CIPHER_SUITES" : true,
      "INCLUDE_RENEGOTIATION_EXTENSION" : true,
      "NAMED_GROUP" : "BRAINPOOLP384R1",
      "TCP_FRAGMENTATION" : false,
      "INCLUDE_ENCRYPT_THEN_MAC_EXTENSION" : true,
      "INCLUDE_ALPN_EXTENSION" : true,
      "INCLUDE_GREASE_SIG_HASH_ALGORITHMS" : true,
      "INCLUDE_CHANGE_CIPHER_SPEC" : true,
      "INCLUDE_SESSION_TICKET_EXTENSION" : true,
      "RECORD_LENGTH" : 50,
      "MAX_FRAGMENT_LENGTH" : "TWO_9"
    },
    "AdditionalResultInformation" : null,
    "AdditionalTestInformation" : null,
    "SrcPort" : 15716,
    "DstPort" : 8443,
    "StartTimestamp" : "2023-12-12T11:59:54.497Z",
    "EndTimestamp" : "2023-12-12T11:59:54.501Z",
    "Stacktrace" : null,
    "uuid" : "A654CCE11F33F3FFEC42EDBCE7C2B98485D53394F44A80E4964E33AD5B27183F"
  }, {
    "Result" : "STRICTLY_SUCCEEDED",
    "DisplayName" : "[25] Combination{INCLUDE_ALPN_EXTENSION=INCLUDE_ALPN_EXTENSION = true, RECORD_LENGTH=RECORD_LENGTH = 50, MAX_FRAGMENT_LENGTH=MAX_FRAGMENT_LENGTH = TWO_9, INCLUDE_HEARTBEAT_EXTENSION=INCLUDE_HEARTBEAT_EXTENSION = true, INCLUDE_EXTENDED_MASTER_SECRET_EXTENSION=INCLUDE_EXTENDED_MASTER_SECRET_EXTENSION = true, TCP_FRAGMENTATION=TCP_FRAGMENTATION = false, INCLUDE_RENEGOTIATION_EXTENSION=INCLUDE_RENEGOTIATION_EXTENSION = true, INCLUDE_GREASE_SIG_HASH_ALGORITHMS=INCLUDE_GREASE_SIG_HASH_ALGORITHMS = true, INCLUDE_ENCRYPT_THEN_MAC_EXTENSION=INCLUDE_ENCRYPT_THEN_MAC_EXTENSION = true, INCLUDE_PSK_EXCHANGE_MODES_EXTENSION=INCLUDE_PSK_EXCHANGE_MODES_EXTENSION = true, INCLUDE_SESSION_TICKET_EXTENSION=INCLUDE_SESSION_TICKET_EXTENSION = true, INCLUDE_GREASE_CIPHER_SUITES=INCLUDE_GREASE_CIPHER_SUITES = true, NAMED_GROUP=NAMED_GROUP = BRAINPOOLP512R1, CIPHER_SUITE=CIPHER_SUITE = TLS_AES_128_GCM_SHA256, INCLUDE_GREASE_NAMED_GROUPS=INCLUDE_GREASE_NAMED_GROUPS = true, INCLUDE_CHANGE_CIPHER_SPEC=INCLUDE_CHANGE_CIPHER_SPEC = true, INCLUDE_PADDING_EXTENSION=INCLUDE_PADDING_EXTENSION = true}",
    "ParameterCombination" : {
      "INCLUDE_HEARTBEAT_EXTENSION" : true,
      "INCLUDE_PSK_EXCHANGE_MODES_EXTENSION" : true,
      "CIPHER_SUITE" : "TLS_AES_128_GCM_SHA256",
      "INCLUDE_EXTENDED_MASTER_SECRET_EXTENSION" : true,
      "INCLUDE_PADDING_EXTENSION" : true,
      "INCLUDE_GREASE_NAMED_GROUPS" : true,
      "INCLUDE_GREASE_CIPHER_SUITES" : true,
      "INCLUDE_RENEGOTIATION_EXTENSION" : true,
      "NAMED_GROUP" : "BRAINPOOLP512R1",
      "TCP_FRAGMENTATION" : false,
      "INCLUDE_ENCRYPT_THEN_MAC_EXTENSION" : true,
      "INCLUDE_ALPN_EXTENSION" : true,
      "INCLUDE_GREASE_SIG_HASH_ALGORITHMS" : true,
      "INCLUDE_CHANGE_CIPHER_SPEC" : true,
      "INCLUDE_SESSION_TICKET_EXTENSION" : true,
      "RECORD_LENGTH" : 50,
      "MAX_FRAGMENT_LENGTH" : "TWO_9"
    },
    "AdditionalResultInformation" : null,
    "AdditionalTestInformation" : null,
    "SrcPort" : 15718,
    "DstPort" : 8443,
    "StartTimestamp" : "2023-12-12T11:59:54.579Z",
    "EndTimestamp" : "2023-12-12T11:59:54.585Z",
    "Stacktrace" : null,
    "uuid" : "20FE87E20FFD2F5C51A106EC3DF9296B1598642EDED0ADD334591337DD8B21EC"
  } ],
  "Result" : "STRICTLY_SUCCEEDED",
  "DisabledReason" : null,
  "FailedReason" : null,
  "ElapsedTime" : 0,
  "FailureInducingCombinations" : null,
  "Score" : {
    "Crypto" : 100.0,
    "DeprecatedFeature" : 100.0,
    "Security" : 100.0,
    "Interoperability" : 100.0,
    "Handshake" : 100.0
  },
  "HasStateWithAdditionalResultInformation" : false,
  "HasVaryingAdditionalResultInformation" : false,
  "TestMethod" : "serverAcceptsDeprecatedGroups",
  "TestClass" : "de.rub.nds.tlstest.suite.tests.server.tls13.rfc8446.KeyShare",
  "CaseCount" : 25
}