{
  "metadata" : {
    "description" : "If the server selects an (EC)DHE group and the client did not offer a compatible \"key_share\" extension in the initial ClientHello, the server MUST respond with a HelloRetryRequest (Section 4.1.4) message. [...] Clients MAY send an empty client_shares vector in order to request group selection from the server, at the cost of an additional round trip",
    "severityLevels" : {
      "Interoperability" : 40
    },
    "rfc" : {
      "number" : 8446,
      "section" : "4.1.4 Hello Retry Request"
    },
    "tags" : [ "server", "tls13", "rfc8446", "HelloRetryRequest", "sentHelloRetryRequest" ]
  },
  "TestId" : "8446-FwJUHPJFYr",
  "TestCases" : [ ],
  "Result" : "STRICTLY_SUCCEEDED",
  "DisabledReason" : null,
  "FailedReason" : null,
  "ElapsedTime" : 0,
  "FailureInducingCombinations" : null,
  "Score" : {
    "Interoperability" : 100.0
  },
  "HasStateWithAdditionalResultInformation" : false,
  "HasVaryingAdditionalResultInformation" : false,
  "TestMethod" : "sentHelloRetryRequest",
  "TestClass" : "de.rub.nds.tlstest.suite.tests.server.tls13.rfc8446.HelloRetryRequest",
  "CaseCount" : 0
}