{
  "metadata" : {
    "description" : "This vector MUST contain, and all implementations MUST support, CompressionMethod.null. Thus, a client and server will always be able to agree on a compression method.",
    "severityLevels" : {
      "Handshake" : 60,
      "Interoperability" : 100
    },
    "rfc" : {
      "number" : 5246,
      "section" : "7.4.1.2. Client Hello"
    },
    "tags" : [ "client", "tls12", "rfc5246", "ClientHello", "supportsNullCompressionMethod" ]
  },
  "TestId" : "5246-kUgwh5Nkzn",
  "TestCases" : [ ],
  "Result" : "DISABLED",
  "DisabledReason" : "TestEndpointMode doesn't match, skipping test.",
  "FailedReason" : null,
  "ElapsedTime" : 0,
  "FailureInducingCombinations" : null,
  "Score" : {
    "Interoperability" : 100.0,
    "Handshake" : 100.0
  },
  "HasStateWithAdditionalResultInformation" : false,
  "HasVaryingAdditionalResultInformation" : false,
  "TestMethod" : "supportsNullCompressionMethod",
  "TestClass" : "de.rub.nds.tlstest.suite.tests.client.tls12.rfc5246.ClientHello",
  "CaseCount" : 0
}