{
  "metadata" : {
    "description" : "Implementations MUST NOT send Handshake and Alert records that have a zero-length TLSInnerPlaintext.content; if such a message is received, the receiving implementation MUST terminate the connection with an \"unexpected_message\" alert.",
    "severityLevels" : {
      "RecordLayer" : 40,
      "Interoperability" : 80,
      "Alert" : 40
    },
    "rfc" : {
      "number" : 8446,
      "section" : "5.1. Record Layer"
    },
    "tags" : [ "client", "tls13", "rfc8446", "RecordLayer", "zeroLengthRecord_Finished" ]
  },
  "TestId" : "8446-2R6GNvoUEs",
  "TestCases" : [ ],
  "Result" : "DISABLED",
  "DisabledReason" : "TestEndpointMode doesn't match, skipping test.",
  "FailedReason" : null,
  "ElapsedTime" : 0,
  "FailureInducingCombinations" : null,
  "Score" : {
    "Alert" : 100.0,
    "RecordLayer" : 100.0,
    "Interoperability" : 100.0
  },
  "HasStateWithAdditionalResultInformation" : false,
  "HasVaryingAdditionalResultInformation" : false,
  "TestMethod" : "zeroLengthRecord_Finished",
  "TestClass" : "de.rub.nds.tlstest.suite.tests.client.tls13.rfc8446.RecordLayer",
  "CaseCount" : 0
}