{
  "metadata" : {
    "description" : "If a server does not understand the Supported Elliptic Curves Extension, does not understand the Supported Point Formats Extension, or is unable to complete the ECC handshake while restricting itself to the enumerated curves and point formats, it MUST NOT negotiate the use of an ECC cipher suite.",
    "severityLevels" : {
      "Handshake" : 60,
      "Interoperability" : 60,
      "Alert" : 40
    },
    "rfc" : {
      "number" : 8422,
      "section" : "5.1. Client Hello Extensions"
    },
    "tags" : [ "server", "tls12", "rfc8422", "TLSExtensionForECC", "onlyInvalidEllipticCurve" ]
  },
  "TestId" : "8422-Dk77D7HNBW",
  "TestCases" : [ {
    "Result" : "STRICTLY_SUCCEEDED",
    "DisplayName" : "[1] Combination{INCLUDE_ALPN_EXTENSION=INCLUDE_ALPN_EXTENSION = true, RECORD_LENGTH=RECORD_LENGTH = 50, MAX_FRAGMENT_LENGTH=MAX_FRAGMENT_LENGTH = TWO_9, INCLUDE_HEARTBEAT_EXTENSION=INCLUDE_HEARTBEAT_EXTENSION = true, INCLUDE_EXTENDED_MASTER_SECRET_EXTENSION=INCLUDE_EXTENDED_MASTER_SECRET_EXTENSION = true, TCP_FRAGMENTATION=TCP_FRAGMENTATION = false, INCLUDE_RENEGOTIATION_EXTENSION=INCLUDE_RENEGOTIATION_EXTENSION = true, INCLUDE_GREASE_SIG_HASH_ALGORITHMS=INCLUDE_GREASE_SIG_HASH_ALGORITHMS = true, INCLUDE_ENCRYPT_THEN_MAC_EXTENSION=INCLUDE_ENCRYPT_THEN_MAC_EXTENSION = true, INCLUDE_SESSION_TICKET_EXTENSION=INCLUDE_SESSION_TICKET_EXTENSION = true, INCLUDE_GREASE_CIPHER_SUITES=INCLUDE_GREASE_CIPHER_SUITES = true, INCLUDE_GREASE_NAMED_GROUPS=INCLUDE_GREASE_NAMED_GROUPS = true, INCLUDE_PADDING_EXTENSION=INCLUDE_PADDING_EXTENSION = true, CIPHER_SUITE=CIPHER_SUITE = TLS_ECDHE_RSA_WITH_AES_128_CBC_SHA}",
    "ParameterCombination" : {
      "INCLUDE_HEARTBEAT_EXTENSION" : true,
      "CIPHER_SUITE" : "TLS_ECDHE_RSA_WITH_AES_128_CBC_SHA",
      "INCLUDE_EXTENDED_MASTER_SECRET_EXTENSION" : true,
      "INCLUDE_PADDING_EXTENSION" : true,
      "INCLUDE_GREASE_NAMED_GROUPS" : true,
      "INCLUDE_GREASE_CIPHER_SUITES" : true,
      "INCLUDE_RENEGOTIATION_EXTENSION" : true,
      "TCP_FRAGMENTATION" : false,
      "INCLUDE_ENCRYPT_THEN_MAC_EXTENSION" : true,
      "INCLUDE_ALPN_EXTENSION" : true,
      "INCLUDE_GREASE_SIG_HASH_ALGORITHMS" : true,
      "INCLUDE_SESSION_TICKET_EXTENSION" : true,
      "RECORD_LENGTH" : 50,
      "MAX_FRAGMENT_LENGTH" : "TWO_9"
    },
    "AdditionalResultInformation" : null,
    "AdditionalTestInformation" : null,
    "SrcPort" : 15502,
    "DstPort" : 8443,
    "StartTimestamp" : "2023-12-12T11:59:09.845Z",
    "EndTimestamp" : "2023-12-12T11:59:09.850Z",
    "Stacktrace" : null,
    "uuid" : "2DFFF16F7D8F3FDFAE97415FD3AA19CF430F9B3A0C974049466DDE5FF4183CAE"
  }, {
    "Result" : "STRICTLY_SUCCEEDED",
    "DisplayName" : "[2] Combination{INCLUDE_ALPN_EXTENSION=INCLUDE_ALPN_EXTENSION = false, RECORD_LENGTH=RECORD_LENGTH = 111, MAX_FRAGMENT_LENGTH=MAX_FRAGMENT_LENGTH = TWO_10, INCLUDE_HEARTBEAT_EXTENSION=INCLUDE_HEARTBEAT_EXTENSION = false, INCLUDE_EXTENDED_MASTER_SECRET_EXTENSION=INCLUDE_EXTENDED_MASTER_SECRET_EXTENSION = false, TCP_FRAGMENTATION=TCP_FRAGMENTATION = true, INCLUDE_RENEGOTIATION_EXTENSION=INCLUDE_RENEGOTIATION_EXTENSION = false, INCLUDE_GREASE_SIG_HASH_ALGORITHMS=INCLUDE_GREASE_SIG_HASH_ALGORITHMS = false, INCLUDE_ENCRYPT_THEN_MAC_EXTENSION=INCLUDE_ENCRYPT_THEN_MAC_EXTENSION = false, INCLUDE_SESSION_TICKET_EXTENSION=INCLUDE_SESSION_TICKET_EXTENSION = false, INCLUDE_GREASE_CIPHER_SUITES=INCLUDE_GREASE_CIPHER_SUITES = false, INCLUDE_GREASE_NAMED_GROUPS=INCLUDE_GREASE_NAMED_GROUPS = false, INCLUDE_PADDING_EXTENSION=INCLUDE_PADDING_EXTENSION = false, CIPHER_SUITE=CIPHER_SUITE = TLS_ECDHE_RSA_WITH_AES_128_CBC_SHA256}",
    "ParameterCombination" : {
      "INCLUDE_HEARTBEAT_EXTENSION" : false,
      "CIPHER_SUITE" : "TLS_ECDHE_RSA_WITH_AES_128_CBC_SHA256",
      "INCLUDE_EXTENDED_MASTER_SECRET_EXTENSION" : false,
      "INCLUDE_PADDING_EXTENSION" : false,
      "INCLUDE_GREASE_NAMED_GROUPS" : false,
      "INCLUDE_GREASE_CIPHER_SUITES" : false,
      "INCLUDE_RENEGOTIATION_EXTENSION" : false,
      "TCP_FRAGMENTATION" : true,
      "INCLUDE_ENCRYPT_THEN_MAC_EXTENSION" : false,
      "INCLUDE_ALPN_EXTENSION" : false,
      "INCLUDE_GREASE_SIG_HASH_ALGORITHMS" : false,
      "INCLUDE_SESSION_TICKET_EXTENSION" : false,
      "RECORD_LENGTH" : 111,
      "MAX_FRAGMENT_LENGTH" : "TWO_10"
    },
    "AdditionalResultInformation" : null,
    "AdditionalTestInformation" : null,
    "SrcPort" : 15504,
    "DstPort" : 8443,
    "StartTimestamp" : "2023-12-12T11:59:10.107Z",
    "EndTimestamp" : "2023-12-12T11:59:10.153Z",
    "Stacktrace" : null,
    "uuid" : "EF6349F06B150C79F899DF6D6E1D23F25CF300EBA8ED9FBEA5B4537FB7686F9F"
  }, {
    "Result" : "STRICTLY_SUCCEEDED",
    "DisplayName" : "[3] Combination{INCLUDE_ALPN_EXTENSION=INCLUDE_ALPN_EXTENSION = true, RECORD_LENGTH=RECORD_LENGTH = 1, MAX_FRAGMENT_LENGTH=MAX_FRAGMENT_LENGTH = TWO_11, INCLUDE_HEARTBEAT_EXTENSION=INCLUDE_HEARTBEAT_EXTENSION = true, INCLUDE_EXTENDED_MASTER_SECRET_EXTENSION=INCLUDE_EXTENDED_MASTER_SECRET_EXTENSION = true, TCP_FRAGMENTATION=TCP_FRAGMENTATION = false, INCLUDE_RENEGOTIATION_EXTENSION=INCLUDE_RENEGOTIATION_EXTENSION = true, INCLUDE_GREASE_SIG_HASH_ALGORITHMS=INCLUDE_GREASE_SIG_HASH_ALGORITHMS = true, INCLUDE_ENCRYPT_THEN_MAC_EXTENSION=INCLUDE_ENCRYPT_THEN_MAC_EXTENSION = true, INCLUDE_SESSION_TICKET_EXTENSION=INCLUDE_SESSION_TICKET_EXTENSION = true, INCLUDE_GREASE_CIPHER_SUITES=INCLUDE_GREASE_CIPHER_SUITES = true, INCLUDE_GREASE_NAMED_GROUPS=INCLUDE_GREASE_NAMED_GROUPS = true, INCLUDE_PADDING_EXTENSION=INCLUDE_PADDING_EXTENSION = true, CIPHER_SUITE=CIPHER_SUITE = TLS_ECDHE_RSA_WITH_AES_128_GCM_SHA256}",
    "ParameterCombination" : {
      "INCLUDE_HEARTBEAT_EXTENSION" : true,
      "CIPHER_SUITE" : "TLS_ECDHE_RSA_WITH_AES_128_GCM_SHA256",
      "INCLUDE_EXTENDED_MASTER_SECRET_EXTENSION" : true,
      "INCLUDE_PADDING_EXTENSION" : true,
      "INCLUDE_GREASE_NAMED_GROUPS" : true,
      "INCLUDE_GREASE_CIPHER_SUITES" : true,
      "INCLUDE_RENEGOTIATION_EXTENSION" : true,
      "TCP_FRAGMENTATION" : false,
      "INCLUDE_ENCRYPT_THEN_MAC_EXTENSION" : true,
      "INCLUDE_ALPN_EXTENSION" : true,
      "INCLUDE_GREASE_SIG_HASH_ALGORITHMS" : true,
      "INCLUDE_SESSION_TICKET_EXTENSION" : true,
      "RECORD_LENGTH" : 1,
      "MAX_FRAGMENT_LENGTH" : "TWO_11"
    },
    "AdditionalResultInformation" : null,
    "AdditionalTestInformation" : null,
    "SrcPort" : 15506,
    "DstPort" : 8443,
    "StartTimestamp" : "2023-12-12T11:59:10.199Z",
    "EndTimestamp" : "2023-12-12T11:59:10.201Z",
    "Stacktrace" : null,
    "uuid" : "73B6552D148E9FFBC6B91DB46C4B2C46CB097C340A09056165ADCAA9BA215D62"
  }, {
    "Result" : "STRICTLY_SUCCEEDED",
    "DisplayName" : "[4] Combination{INCLUDE_ALPN_EXTENSION=INCLUDE_ALPN_EXTENSION = true, RECORD_LENGTH=RECORD_LENGTH = 16384, MAX_FRAGMENT_LENGTH=MAX_FRAGMENT_LENGTH = TWO_12, INCLUDE_HEARTBEAT_EXTENSION=INCLUDE_HEARTBEAT_EXTENSION = true, INCLUDE_EXTENDED_MASTER_SECRET_EXTENSION=INCLUDE_EXTENDED_MASTER_SECRET_EXTENSION = true, TCP_FRAGMENTATION=TCP_FRAGMENTATION = false, INCLUDE_RENEGOTIATION_EXTENSION=INCLUDE_RENEGOTIATION_EXTENSION = true, INCLUDE_GREASE_SIG_HASH_ALGORITHMS=INCLUDE_GREASE_SIG_HASH_ALGORITHMS = true, INCLUDE_ENCRYPT_THEN_MAC_EXTENSION=INCLUDE_ENCRYPT_THEN_MAC_EXTENSION = true, INCLUDE_SESSION_TICKET_EXTENSION=INCLUDE_SESSION_TICKET_EXTENSION = true, INCLUDE_GREASE_CIPHER_SUITES=INCLUDE_GREASE_CIPHER_SUITES = true, INCLUDE_GREASE_NAMED_GROUPS=INCLUDE_GREASE_NAMED_GROUPS = true, INCLUDE_PADDING_EXTENSION=INCLUDE_PADDING_EXTENSION = true, CIPHER_SUITE=CIPHER_SUITE = TLS_ECDHE_RSA_WITH_AES_256_CBC_SHA}",
    "ParameterCombination" : {
      "INCLUDE_HEARTBEAT_EXTENSION" : true,
      "CIPHER_SUITE" : "TLS_ECDHE_RSA_WITH_AES_256_CBC_SHA",
      "INCLUDE_EXTENDED_MASTER_SECRET_EXTENSION" : true,
      "INCLUDE_PADDING_EXTENSION" : true,
      "INCLUDE_GREASE_NAMED_GROUPS" : true,
      "INCLUDE_GREASE_CIPHER_SUITES" : true,
      "INCLUDE_RENEGOTIATION_EXTENSION" : true,
      "TCP_FRAGMENTATION" : false,
      "INCLUDE_ENCRYPT_THEN_MAC_EXTENSION" : true,
      "INCLUDE_ALPN_EXTENSION" : true,
      "INCLUDE_GREASE_SIG_HASH_ALGORITHMS" : true,
      "INCLUDE_SESSION_TICKET_EXTENSION" : true,
      "RECORD_LENGTH" : 16384,
      "MAX_FRAGMENT_LENGTH" : "TWO_12"
    },
    "AdditionalResultInformation" : null,
    "AdditionalTestInformation" : null,
    "SrcPort" : 15508,
    "DstPort" : 8443,
    "StartTimestamp" : "2023-12-12T11:59:10.277Z",
    "EndTimestamp" : "2023-12-12T11:59:10.280Z",
    "Stacktrace" : null,
    "uuid" : "D0009954956823C323DF63A2A1F8A4DA00AAA80EDF7B5D684288795856675FB1"
  }, {
    "Result" : "STRICTLY_SUCCEEDED",
    "DisplayName" : "[5] Combination{INCLUDE_ALPN_EXTENSION=INCLUDE_ALPN_EXTENSION = true, RECORD_LENGTH=RECORD_LENGTH = 50, MAX_FRAGMENT_LENGTH=MAX_FRAGMENT_LENGTH = null, INCLUDE_HEARTBEAT_EXTENSION=INCLUDE_HEARTBEAT_EXTENSION = true, INCLUDE_EXTENDED_MASTER_SECRET_EXTENSION=INCLUDE_EXTENDED_MASTER_SECRET_EXTENSION = true, TCP_FRAGMENTATION=TCP_FRAGMENTATION = false, INCLUDE_RENEGOTIATION_EXTENSION=INCLUDE_RENEGOTIATION_EXTENSION = true, INCLUDE_GREASE_SIG_HASH_ALGORITHMS=INCLUDE_GREASE_SIG_HASH_ALGORITHMS = true, INCLUDE_ENCRYPT_THEN_MAC_EXTENSION=INCLUDE_ENCRYPT_THEN_MAC_EXTENSION = true, INCLUDE_SESSION_TICKET_EXTENSION=INCLUDE_SESSION_TICKET_EXTENSION = true, INCLUDE_GREASE_CIPHER_SUITES=INCLUDE_GREASE_CIPHER_SUITES = true, INCLUDE_GREASE_NAMED_GROUPS=INCLUDE_GREASE_NAMED_GROUPS = true, INCLUDE_PADDING_EXTENSION=INCLUDE_PADDING_EXTENSION = true, CIPHER_SUITE=CIPHER_SUITE = TLS_ECDHE_RSA_WITH_AES_256_CBC_SHA384}",
    "ParameterCombination" : {
      "INCLUDE_HEARTBEAT_EXTENSION" : true,
      "CIPHER_SUITE" : "TLS_ECDHE_RSA_WITH_AES_256_CBC_SHA384",
      "INCLUDE_EXTENDED_MASTER_SECRET_EXTENSION" : true,
      "INCLUDE_PADDING_EXTENSION" : true,
      "INCLUDE_GREASE_NAMED_GROUPS" : true,
      "INCLUDE_GREASE_CIPHER_SUITES" : true,
      "INCLUDE_RENEGOTIATION_EXTENSION" : true,
      "TCP_FRAGMENTATION" : false,
      "INCLUDE_ENCRYPT_THEN_MAC_EXTENSION" : true,
      "INCLUDE_ALPN_EXTENSION" : true,
      "INCLUDE_GREASE_SIG_HASH_ALGORITHMS" : true,
      "INCLUDE_SESSION_TICKET_EXTENSION" : true,
      "RECORD_LENGTH" : 50,
      "MAX_FRAGMENT_LENGTH" : null
    },
    "AdditionalResultInformation" : null,
    "AdditionalTestInformation" : null,
    "SrcPort" : 15510,
    "DstPort" : 8443,
    "StartTimestamp" : "2023-12-12T11:59:10.344Z",
    "EndTimestamp" : "2023-12-12T11:59:10.346Z",
    "Stacktrace" : null,
    "uuid" : "6C69B63DD96BFE7CA8D940971AB5911B412BBEFC833E6BD6889B936A5706B766"
  }, {
    "Result" : "STRICTLY_SUCCEEDED",
    "DisplayName" : "[6] Combination{INCLUDE_ALPN_EXTENSION=INCLUDE_ALPN_EXTENSION = true, RECORD_LENGTH=RECORD_LENGTH = 50, MAX_FRAGMENT_LENGTH=MAX_FRAGMENT_LENGTH = TWO_9, INCLUDE_HEARTBEAT_EXTENSION=INCLUDE_HEARTBEAT_EXTENSION = true, INCLUDE_EXTENDED_MASTER_SECRET_EXTENSION=INCLUDE_EXTENDED_MASTER_SECRET_EXTENSION = true, TCP_FRAGMENTATION=TCP_FRAGMENTATION = false, INCLUDE_RENEGOTIATION_EXTENSION=INCLUDE_RENEGOTIATION_EXTENSION = true, INCLUDE_GREASE_SIG_HASH_ALGORITHMS=INCLUDE_GREASE_SIG_HASH_ALGORITHMS = true, INCLUDE_ENCRYPT_THEN_MAC_EXTENSION=INCLUDE_ENCRYPT_THEN_MAC_EXTENSION = true, INCLUDE_SESSION_TICKET_EXTENSION=INCLUDE_SESSION_TICKET_EXTENSION = true, INCLUDE_GREASE_CIPHER_SUITES=INCLUDE_GREASE_CIPHER_SUITES = true, INCLUDE_GREASE_NAMED_GROUPS=INCLUDE_GREASE_NAMED_GROUPS = true, INCLUDE_PADDING_EXTENSION=INCLUDE_PADDING_EXTENSION = true, CIPHER_SUITE=CIPHER_SUITE = TLS_ECDHE_RSA_WITH_AES_256_GCM_SHA384}",
    "ParameterCombination" : {
      "INCLUDE_HEARTBEAT_EXTENSION" : true,
      "CIPHER_SUITE" : "TLS_ECDHE_RSA_WITH_AES_256_GCM_SHA384",
      "INCLUDE_EXTENDED_MASTER_SECRET_EXTENSION" : true,
      "INCLUDE_PADDING_EXTENSION" : true,
      "INCLUDE_GREASE_NAMED_GROUPS" : true,
      "INCLUDE_GREASE_CIPHER_SUITES" : true,
      "INCLUDE_RENEGOTIATION_EXTENSION" : true,
      "TCP_FRAGMENTATION" : false,
      "INCLUDE_ENCRYPT_THEN_MAC_EXTENSION" : true,
      "INCLUDE_ALPN_EXTENSION" : true,
      "INCLUDE_GREASE_SIG_HASH_ALGORITHMS" : true,
      "INCLUDE_SESSION_TICKET_EXTENSION" : true,
      "RECORD_LENGTH" : 50,
      "MAX_FRAGMENT_LENGTH" : "TWO_9"
    },
    "AdditionalResultInformation" : null,
    "AdditionalTestInformation" : null,
    "SrcPort" : 15512,
    "DstPort" : 8443,
    "StartTimestamp" : "2023-12-12T11:59:10.402Z",
    "EndTimestamp" : "2023-12-12T11:59:10.403Z",
    "Stacktrace" : null,
    "uuid" : "6BC9DF77DCEB6320CCF2EF2A5239E62C383DEAB946496DD62C4B55AD5BB884FE"
  }, {
    "Result" : "STRICTLY_SUCCEEDED",
    "DisplayName" : "[7] Combination{INCLUDE_ALPN_EXTENSION=INCLUDE_ALPN_EXTENSION = true, RECORD_LENGTH=RECORD_LENGTH = 50, MAX_FRAGMENT_LENGTH=MAX_FRAGMENT_LENGTH = TWO_9, INCLUDE_HEARTBEAT_EXTENSION=INCLUDE_HEARTBEAT_EXTENSION = true, INCLUDE_EXTENDED_MASTER_SECRET_EXTENSION=INCLUDE_EXTENDED_MASTER_SECRET_EXTENSION = true, TCP_FRAGMENTATION=TCP_FRAGMENTATION = false, INCLUDE_RENEGOTIATION_EXTENSION=INCLUDE_RENEGOTIATION_EXTENSION = true, INCLUDE_GREASE_SIG_HASH_ALGORITHMS=INCLUDE_GREASE_SIG_HASH_ALGORITHMS = true, INCLUDE_ENCRYPT_THEN_MAC_EXTENSION=INCLUDE_ENCRYPT_THEN_MAC_EXTENSION = true, INCLUDE_SESSION_TICKET_EXTENSION=INCLUDE_SESSION_TICKET_EXTENSION = true, INCLUDE_GREASE_CIPHER_SUITES=INCLUDE_GREASE_CIPHER_SUITES = true, INCLUDE_GREASE_NAMED_GROUPS=INCLUDE_GREASE_NAMED_GROUPS = true, INCLUDE_PADDING_EXTENSION=INCLUDE_PADDING_EXTENSION = true, CIPHER_SUITE=CIPHER_SUITE = TLS_ECDHE_RSA_WITH_CHACHA20_POLY1305_SHA256}",
    "ParameterCombination" : {
      "INCLUDE_HEARTBEAT_EXTENSION" : true,
      "CIPHER_SUITE" : "TLS_ECDHE_RSA_WITH_CHACHA20_POLY1305_SHA256",
      "INCLUDE_EXTENDED_MASTER_SECRET_EXTENSION" : true,
      "INCLUDE_PADDING_EXTENSION" : true,
      "INCLUDE_GREASE_NAMED_GROUPS" : true,
      "INCLUDE_GREASE_CIPHER_SUITES" : true,
      "INCLUDE_RENEGOTIATION_EXTENSION" : true,
      "TCP_FRAGMENTATION" : false,
      "INCLUDE_ENCRYPT_THEN_MAC_EXTENSION" : true,
      "INCLUDE_ALPN_EXTENSION" : true,
      "INCLUDE_GREASE_SIG_HASH_ALGORITHMS" : true,
      "INCLUDE_SESSION_TICKET_EXTENSION" : true,
      "RECORD_LENGTH" : 50,
      "MAX_FRAGMENT_LENGTH" : "TWO_9"
    },
    "AdditionalResultInformation" : null,
    "AdditionalTestInformation" : null,
    "SrcPort" : 15514,
    "DstPort" : 8443,
    "StartTimestamp" : "2023-12-12T11:59:10.460Z",
    "EndTimestamp" : "2023-12-12T11:59:10.462Z",
    "Stacktrace" : null,
    "uuid" : "556D5388E582F3EBBD468D5E61887E9775A864ADBA7F50F2ED06524EEB26953B"
  } ],
  "Result" : "STRICTLY_SUCCEEDED",
  "DisabledReason" : null,
  "FailedReason" : null,
  "ElapsedTime" : 0,
  "FailureInducingCombinations" : null,
  "Score" : {
    "Alert" : 100.0,
    "Interoperability" : 100.0,
    "Handshake" : 100.0
  },
  "HasStateWithAdditionalResultInformation" : false,
  "HasVaryingAdditionalResultInformation" : false,
  "TestMethod" : "onlyInvalidEllipticCurve",
  "TestClass" : "de.rub.nds.tlstest.suite.tests.server.tls12.rfc8422.TLSExtensionForECC",
  "CaseCount" : 7
}