{
  "metadata" : {
    "description" : "If this extension is present, clients MUST ignore the ServerHello.legacy_version value and MUST use only the \"supported_versions\" extension to determine the selected version.",
    "severityLevels" : {
      "Security" : 60,
      "Handshake" : 60,
      "Interoperability" : 80
    },
    "rfc" : {
      "number" : 8446,
      "section" : "4.2.1 Supported Versions"
    },
    "tags" : [ "client", "tls13", "rfc8446", "SupportedVersions", "invalidLegacyVersion" ]
  },
  "TestId" : "8446-oysw9PbeiT",
  "TestCases" : [ ],
  "Result" : "DISABLED",
  "DisabledReason" : "TestEndpointMode doesn't match, skipping test.",
  "FailedReason" : null,
  "ElapsedTime" : 0,
  "FailureInducingCombinations" : null,
  "Score" : {
    "Security" : 100.0,
    "Interoperability" : 100.0,
    "Handshake" : 100.0
  },
  "HasStateWithAdditionalResultInformation" : false,
  "HasVaryingAdditionalResultInformation" : false,
  "TestMethod" : "invalidLegacyVersion",
  "TestClass" : "de.rub.nds.tlstest.suite.tests.client.tls13.rfc8446.SupportedVersions",
  "CaseCount" : 0
}