{
  "metadata" : {
    "description" : "These values refer solely to signatures which appear in certificates (see Section 4.4.2.2) and are not defined for use in signed TLS handshake messages, although they MAY appear in \"signature_algorithms\" and \"signature_algorithms_cert\" for backward compatibility with TLS 1.2. [...]In TLS 1.2, the extension contained hash/signature pairs.  The pairs are encoded in two octets, so SignatureScheme values have been allocated to align with TLS 1.2's encoding.  Some legacy pairs are left unallocated.  These algorithms are deprecated as of TLS 1.3.  They MUST NOT be offered or negotiated by any implementation.  In particular, MD5 [SLOTH], SHA-224, and DSA MUST NOT be used.",
    "severityLevels" : {
      "Security" : 60,
      "Handshake" : 60,
      "Interoperability" : 80,
      "Alert" : 40
    },
    "rfc" : {
      "number" : 8446,
      "section" : "4.2.3 Signature Algorithms"
    },
    "tags" : [ "server", "tls13", "rfc8446", "SignatureAlgorithms", "offerOnlyLegacySignatureAlgorithms" ]
  },
  "TestId" : "8446-3WqNtgoV2Z",
  "TestCases" : [ {
    "Result" : "STRICTLY_SUCCEEDED",
    "DisplayName" : "[1] Combination{INCLUDE_ALPN_EXTENSION=INCLUDE_ALPN_EXTENSION = true, RECORD_LENGTH=RECORD_LENGTH = 50, MAX_FRAGMENT_LENGTH=MAX_FRAGMENT_LENGTH = TWO_9, INCLUDE_HEARTBEAT_EXTENSION=INCLUDE_HEARTBEAT_EXTENSION = true, INCLUDE_EXTENDED_MASTER_SECRET_EXTENSION=INCLUDE_EXTENDED_MASTER_SECRET_EXTENSION = true, TCP_FRAGMENTATION=TCP_FRAGMENTATION = false, INCLUDE_RENEGOTIATION_EXTENSION=INCLUDE_RENEGOTIATION_EXTENSION = true, INCLUDE_GREASE_SIG_HASH_ALGORITHMS=INCLUDE_GREASE_SIG_HASH_ALGORITHMS = true, INCLUDE_ENCRYPT_THEN_MAC_EXTENSION=INCLUDE_ENCRYPT_THEN_MAC_EXTENSION = true, NAMED_GROUP=NAMED_GROUP = ECDH_X25519, INCLUDE_PSK_EXCHANGE_MODES_EXTENSION=INCLUDE_PSK_EXCHANGE_MODES_EXTENSION = true, INCLUDE_SESSION_TICKET_EXTENSION=INCLUDE_SESSION_TICKET_EXTENSION = true, INCLUDE_GREASE_CIPHER_SUITES=INCLUDE_GREASE_CIPHER_SUITES = true, CIPHER_SUITE=CIPHER_SUITE = TLS_AES_128_GCM_SHA256, INCLUDE_GREASE_NAMED_GROUPS=INCLUDE_GREASE_NAMED_GROUPS = true, INCLUDE_CHANGE_CIPHER_SPEC=INCLUDE_CHANGE_CIPHER_SPEC = true, SIG_HASH_ALGORIHTM=SIG_HASH_ALGORIHTM = DSA_SHA1, INCLUDE_PADDING_EXTENSION=INCLUDE_PADDING_EXTENSION = true}",
    "ParameterCombination" : {
      "INCLUDE_HEARTBEAT_EXTENSION" : true,
      "SIG_HASH_ALGORIHTM" : "DSA_SHA1",
      "INCLUDE_PSK_EXCHANGE_MODES_EXTENSION" : true,
      "CIPHER_SUITE" : "TLS_AES_128_GCM_SHA256",
      "INCLUDE_EXTENDED_MASTER_SECRET_EXTENSION" : true,
      "INCLUDE_PADDING_EXTENSION" : true,
      "INCLUDE_GREASE_NAMED_GROUPS" : true,
      "INCLUDE_GREASE_CIPHER_SUITES" : true,
      "INCLUDE_RENEGOTIATION_EXTENSION" : true,
      "NAMED_GROUP" : "ECDH_X25519",
      "TCP_FRAGMENTATION" : false,
      "INCLUDE_ENCRYPT_THEN_MAC_EXTENSION" : true,
      "INCLUDE_ALPN_EXTENSION" : true,
      "INCLUDE_GREASE_SIG_HASH_ALGORITHMS" : true,
      "INCLUDE_CHANGE_CIPHER_SPEC" : true,
      "INCLUDE_SESSION_TICKET_EXTENSION" : true,
      "RECORD_LENGTH" : 50,
      "MAX_FRAGMENT_LENGTH" : "TWO_9"
    },
    "AdditionalResultInformation" : null,
    "AdditionalTestInformation" : null,
    "SrcPort" : 17164,
    "DstPort" : 8443,
    "StartTimestamp" : "2023-12-12T12:03:07.677Z",
    "EndTimestamp" : "2023-12-12T12:03:07.679Z",
    "Stacktrace" : null,
    "uuid" : "B372456D21C8D10A465A38A545735B4E4F5F9C2BFDF97615FE084A73E2F58128"
  }, {
    "Result" : "STRICTLY_SUCCEEDED",
    "DisplayName" : "[2] Combination{INCLUDE_ALPN_EXTENSION=INCLUDE_ALPN_EXTENSION = false, RECORD_LENGTH=RECORD_LENGTH = 111, MAX_FRAGMENT_LENGTH=MAX_FRAGMENT_LENGTH = TWO_10, INCLUDE_HEARTBEAT_EXTENSION=INCLUDE_HEARTBEAT_EXTENSION = false, INCLUDE_EXTENDED_MASTER_SECRET_EXTENSION=INCLUDE_EXTENDED_MASTER_SECRET_EXTENSION = false, TCP_FRAGMENTATION=TCP_FRAGMENTATION = true, INCLUDE_RENEGOTIATION_EXTENSION=INCLUDE_RENEGOTIATION_EXTENSION = false, INCLUDE_GREASE_SIG_HASH_ALGORITHMS=INCLUDE_GREASE_SIG_HASH_ALGORITHMS = false, INCLUDE_ENCRYPT_THEN_MAC_EXTENSION=INCLUDE_ENCRYPT_THEN_MAC_EXTENSION = false, NAMED_GROUP=NAMED_GROUP = SECP521R1, INCLUDE_PSK_EXCHANGE_MODES_EXTENSION=INCLUDE_PSK_EXCHANGE_MODES_EXTENSION = false, INCLUDE_SESSION_TICKET_EXTENSION=INCLUDE_SESSION_TICKET_EXTENSION = false, INCLUDE_GREASE_CIPHER_SUITES=INCLUDE_GREASE_CIPHER_SUITES = false, CIPHER_SUITE=CIPHER_SUITE = TLS_AES_256_GCM_SHA384, INCLUDE_GREASE_NAMED_GROUPS=INCLUDE_GREASE_NAMED_GROUPS = false, INCLUDE_CHANGE_CIPHER_SPEC=INCLUDE_CHANGE_CIPHER_SPEC = false, SIG_HASH_ALGORIHTM=SIG_HASH_ALGORIHTM = DSA_SHA224, INCLUDE_PADDING_EXTENSION=INCLUDE_PADDING_EXTENSION = false}",
    "ParameterCombination" : {
      "INCLUDE_HEARTBEAT_EXTENSION" : false,
      "SIG_HASH_ALGORIHTM" : "DSA_SHA224",
      "INCLUDE_PSK_EXCHANGE_MODES_EXTENSION" : false,
      "CIPHER_SUITE" : "TLS_AES_256_GCM_SHA384",
      "INCLUDE_EXTENDED_MASTER_SECRET_EXTENSION" : false,
      "INCLUDE_PADDING_EXTENSION" : false,
      "INCLUDE_GREASE_NAMED_GROUPS" : false,
      "INCLUDE_GREASE_CIPHER_SUITES" : false,
      "INCLUDE_RENEGOTIATION_EXTENSION" : false,
      "NAMED_GROUP" : "SECP521R1",
      "TCP_FRAGMENTATION" : true,
      "INCLUDE_ENCRYPT_THEN_MAC_EXTENSION" : false,
      "INCLUDE_ALPN_EXTENSION" : false,
      "INCLUDE_GREASE_SIG_HASH_ALGORITHMS" : false,
      "INCLUDE_CHANGE_CIPHER_SPEC" : false,
      "INCLUDE_SESSION_TICKET_EXTENSION" : false,
      "RECORD_LENGTH" : 111,
      "MAX_FRAGMENT_LENGTH" : "TWO_10"
    },
    "AdditionalResultInformation" : null,
    "AdditionalTestInformation" : null,
    "SrcPort" : 17166,
    "DstPort" : 8443,
    "StartTimestamp" : "2023-12-12T12:03:07.995Z",
    "EndTimestamp" : "2023-12-12T12:03:08.038Z",
    "Stacktrace" : null,
    "uuid" : "20BEB3511F562A5E1E19211E47C622B4EEAC8FC253069C6C3DBEA8F2416F377F"
  }, {
    "Result" : "STRICTLY_SUCCEEDED",
    "DisplayName" : "[3] Combination{INCLUDE_ALPN_EXTENSION=INCLUDE_ALPN_EXTENSION = true, RECORD_LENGTH=RECORD_LENGTH = 1, MAX_FRAGMENT_LENGTH=MAX_FRAGMENT_LENGTH = TWO_11, INCLUDE_HEARTBEAT_EXTENSION=INCLUDE_HEARTBEAT_EXTENSION = true, INCLUDE_EXTENDED_MASTER_SECRET_EXTENSION=INCLUDE_EXTENDED_MASTER_SECRET_EXTENSION = true, TCP_FRAGMENTATION=TCP_FRAGMENTATION = false, INCLUDE_RENEGOTIATION_EXTENSION=INCLUDE_RENEGOTIATION_EXTENSION = true, INCLUDE_GREASE_SIG_HASH_ALGORITHMS=INCLUDE_GREASE_SIG_HASH_ALGORITHMS = true, INCLUDE_ENCRYPT_THEN_MAC_EXTENSION=INCLUDE_ENCRYPT_THEN_MAC_EXTENSION = true, NAMED_GROUP=NAMED_GROUP = SECP256R1, INCLUDE_PSK_EXCHANGE_MODES_EXTENSION=INCLUDE_PSK_EXCHANGE_MODES_EXTENSION = true, INCLUDE_SESSION_TICKET_EXTENSION=INCLUDE_SESSION_TICKET_EXTENSION = true, INCLUDE_GREASE_CIPHER_SUITES=INCLUDE_GREASE_CIPHER_SUITES = true, CIPHER_SUITE=CIPHER_SUITE = TLS_CHACHA20_POLY1305_SHA256, INCLUDE_GREASE_NAMED_GROUPS=INCLUDE_GREASE_NAMED_GROUPS = true, INCLUDE_CHANGE_CIPHER_SPEC=INCLUDE_CHANGE_CIPHER_SPEC = true, SIG_HASH_ALGORIHTM=SIG_HASH_ALGORIHTM = DSA_SHA256, INCLUDE_PADDING_EXTENSION=INCLUDE_PADDING_EXTENSION = true}",
    "ParameterCombination" : {
      "INCLUDE_HEARTBEAT_EXTENSION" : true,
      "SIG_HASH_ALGORIHTM" : "DSA_SHA256",
      "INCLUDE_PSK_EXCHANGE_MODES_EXTENSION" : true,
      "CIPHER_SUITE" : "TLS_CHACHA20_POLY1305_SHA256",
      "INCLUDE_EXTENDED_MASTER_SECRET_EXTENSION" : true,
      "INCLUDE_PADDING_EXTENSION" : true,
      "INCLUDE_GREASE_NAMED_GROUPS" : true,
      "INCLUDE_GREASE_CIPHER_SUITES" : true,
      "INCLUDE_RENEGOTIATION_EXTENSION" : true,
      "NAMED_GROUP" : "SECP256R1",
      "TCP_FRAGMENTATION" : false,
      "INCLUDE_ENCRYPT_THEN_MAC_EXTENSION" : true,
      "INCLUDE_ALPN_EXTENSION" : true,
      "INCLUDE_GREASE_SIG_HASH_ALGORITHMS" : true,
      "INCLUDE_CHANGE_CIPHER_SPEC" : true,
      "INCLUDE_SESSION_TICKET_EXTENSION" : true,
      "RECORD_LENGTH" : 1,
      "MAX_FRAGMENT_LENGTH" : "TWO_11"
    },
    "AdditionalResultInformation" : null,
    "AdditionalTestInformation" : null,
    "SrcPort" : 17168,
    "DstPort" : 8443,
    "StartTimestamp" : "2023-12-12T12:03:08.274Z",
    "EndTimestamp" : "2023-12-12T12:03:08.275Z",
    "Stacktrace" : null,
    "uuid" : "8144F5AC19CC96BE492C6881711598930DF3D0BF3A7E9BC805C1C14BCF6B2727"
  }, {
    "Result" : "STRICTLY_SUCCEEDED",
    "DisplayName" : "[4] Combination{INCLUDE_ALPN_EXTENSION=INCLUDE_ALPN_EXTENSION = true, RECORD_LENGTH=RECORD_LENGTH = 16384, MAX_FRAGMENT_LENGTH=MAX_FRAGMENT_LENGTH = TWO_12, INCLUDE_HEARTBEAT_EXTENSION=INCLUDE_HEARTBEAT_EXTENSION = true, INCLUDE_EXTENDED_MASTER_SECRET_EXTENSION=INCLUDE_EXTENDED_MASTER_SECRET_EXTENSION = true, TCP_FRAGMENTATION=TCP_FRAGMENTATION = false, INCLUDE_RENEGOTIATION_EXTENSION=INCLUDE_RENEGOTIATION_EXTENSION = true, INCLUDE_GREASE_SIG_HASH_ALGORITHMS=INCLUDE_GREASE_SIG_HASH_ALGORITHMS = true, INCLUDE_ENCRYPT_THEN_MAC_EXTENSION=INCLUDE_ENCRYPT_THEN_MAC_EXTENSION = true, NAMED_GROUP=NAMED_GROUP = SECP384R1, INCLUDE_PSK_EXCHANGE_MODES_EXTENSION=INCLUDE_PSK_EXCHANGE_MODES_EXTENSION = true, INCLUDE_SESSION_TICKET_EXTENSION=INCLUDE_SESSION_TICKET_EXTENSION = true, INCLUDE_GREASE_CIPHER_SUITES=INCLUDE_GREASE_CIPHER_SUITES = true, CIPHER_SUITE=CIPHER_SUITE = TLS_AES_128_GCM_SHA256, INCLUDE_GREASE_NAMED_GROUPS=INCLUDE_GREASE_NAMED_GROUPS = true, INCLUDE_CHANGE_CIPHER_SPEC=INCLUDE_CHANGE_CIPHER_SPEC = true, SIG_HASH_ALGORIHTM=SIG_HASH_ALGORIHTM = DSA_SHA384, INCLUDE_PADDING_EXTENSION=INCLUDE_PADDING_EXTENSION = true}",
    "ParameterCombination" : {
      "INCLUDE_HEARTBEAT_EXTENSION" : true,
      "SIG_HASH_ALGORIHTM" : "DSA_SHA384",
      "INCLUDE_PSK_EXCHANGE_MODES_EXTENSION" : true,
      "CIPHER_SUITE" : "TLS_AES_128_GCM_SHA256",
      "INCLUDE_EXTENDED_MASTER_SECRET_EXTENSION" : true,
      "INCLUDE_PADDING_EXTENSION" : true,
      "INCLUDE_GREASE_NAMED_GROUPS" : true,
      "INCLUDE_GREASE_CIPHER_SUITES" : true,
      "INCLUDE_RENEGOTIATION_EXTENSION" : true,
      "NAMED_GROUP" : "SECP384R1",
      "TCP_FRAGMENTATION" : false,
      "INCLUDE_ENCRYPT_THEN_MAC_EXTENSION" : true,
      "INCLUDE_ALPN_EXTENSION" : true,
      "INCLUDE_GREASE_SIG_HASH_ALGORITHMS" : true,
      "INCLUDE_CHANGE_CIPHER_SPEC" : true,
      "INCLUDE_SESSION_TICKET_EXTENSION" : true,
      "RECORD_LENGTH" : 16384,
      "MAX_FRAGMENT_LENGTH" : "TWO_12"
    },
    "AdditionalResultInformation" : null,
    "AdditionalTestInformation" : null,
    "SrcPort" : 17170,
    "DstPort" : 8443,
    "StartTimestamp" : "2023-12-12T12:03:08.555Z",
    "EndTimestamp" : "2023-12-12T12:03:08.559Z",
    "Stacktrace" : null,
    "uuid" : "88C516886607190EF22A674F661551658E72F8A372F56C8D7D0327B81730A24E"
  }, {
    "Result" : "STRICTLY_SUCCEEDED",
    "DisplayName" : "[5] Combination{INCLUDE_ALPN_EXTENSION=INCLUDE_ALPN_EXTENSION = true, RECORD_LENGTH=RECORD_LENGTH = 50, MAX_FRAGMENT_LENGTH=MAX_FRAGMENT_LENGTH = null, INCLUDE_HEARTBEAT_EXTENSION=INCLUDE_HEARTBEAT_EXTENSION = true, INCLUDE_EXTENDED_MASTER_SECRET_EXTENSION=INCLUDE_EXTENDED_MASTER_SECRET_EXTENSION = true, TCP_FRAGMENTATION=TCP_FRAGMENTATION = false, INCLUDE_RENEGOTIATION_EXTENSION=INCLUDE_RENEGOTIATION_EXTENSION = true, INCLUDE_GREASE_SIG_HASH_ALGORITHMS=INCLUDE_GREASE_SIG_HASH_ALGORITHMS = true, INCLUDE_ENCRYPT_THEN_MAC_EXTENSION=INCLUDE_ENCRYPT_THEN_MAC_EXTENSION = true, NAMED_GROUP=NAMED_GROUP = ECDH_X448, INCLUDE_PSK_EXCHANGE_MODES_EXTENSION=INCLUDE_PSK_EXCHANGE_MODES_EXTENSION = true, INCLUDE_SESSION_TICKET_EXTENSION=INCLUDE_SESSION_TICKET_EXTENSION = true, INCLUDE_GREASE_CIPHER_SUITES=INCLUDE_GREASE_CIPHER_SUITES = true, CIPHER_SUITE=CIPHER_SUITE = TLS_AES_128_GCM_SHA256, INCLUDE_GREASE_NAMED_GROUPS=INCLUDE_GREASE_NAMED_GROUPS = true, INCLUDE_CHANGE_CIPHER_SPEC=INCLUDE_CHANGE_CIPHER_SPEC = true, SIG_HASH_ALGORIHTM=SIG_HASH_ALGORIHTM = DSA_SHA512, INCLUDE_PADDING_EXTENSION=INCLUDE_PADDING_EXTENSION = true}",
    "ParameterCombination" : {
      "INCLUDE_HEARTBEAT_EXTENSION" : true,
      "SIG_HASH_ALGORIHTM" : "DSA_SHA512",
      "INCLUDE_PSK_EXCHANGE_MODES_EXTENSION" : true,
      "CIPHER_SUITE" : "TLS_AES_128_GCM_SHA256",
      "INCLUDE_EXTENDED_MASTER_SECRET_EXTENSION" : true,
      "INCLUDE_PADDING_EXTENSION" : true,
      "INCLUDE_GREASE_NAMED_GROUPS" : true,
      "INCLUDE_GREASE_CIPHER_SUITES" : true,
      "INCLUDE_RENEGOTIATION_EXTENSION" : true,
      "NAMED_GROUP" : "ECDH_X448",
      "TCP_FRAGMENTATION" : false,
      "INCLUDE_ENCRYPT_THEN_MAC_EXTENSION" : true,
      "INCLUDE_ALPN_EXTENSION" : true,
      "INCLUDE_GREASE_SIG_HASH_ALGORITHMS" : true,
      "INCLUDE_CHANGE_CIPHER_SPEC" : true,
      "INCLUDE_SESSION_TICKET_EXTENSION" : true,
      "RECORD_LENGTH" : 50,
      "MAX_FRAGMENT_LENGTH" : null
    },
    "AdditionalResultInformation" : null,
    "AdditionalTestInformation" : null,
    "SrcPort" : 17172,
    "DstPort" : 8443,
    "StartTimestamp" : "2023-12-12T12:03:08.837Z",
    "EndTimestamp" : "2023-12-12T12:03:08.843Z",
    "Stacktrace" : null,
    "uuid" : "B90472C747A5F5677CDE9489A563CB0D7D263CDAF967EE1F68963AEB88105695"
  }, {
    "Result" : "STRICTLY_SUCCEEDED",
    "DisplayName" : "[6] Combination{INCLUDE_ALPN_EXTENSION=INCLUDE_ALPN_EXTENSION = true, RECORD_LENGTH=RECORD_LENGTH = 50, MAX_FRAGMENT_LENGTH=MAX_FRAGMENT_LENGTH = TWO_9, INCLUDE_HEARTBEAT_EXTENSION=INCLUDE_HEARTBEAT_EXTENSION = true, INCLUDE_EXTENDED_MASTER_SECRET_EXTENSION=INCLUDE_EXTENDED_MASTER_SECRET_EXTENSION = true, TCP_FRAGMENTATION=TCP_FRAGMENTATION = false, INCLUDE_RENEGOTIATION_EXTENSION=INCLUDE_RENEGOTIATION_EXTENSION = true, INCLUDE_GREASE_SIG_HASH_ALGORITHMS=INCLUDE_GREASE_SIG_HASH_ALGORITHMS = true, INCLUDE_ENCRYPT_THEN_MAC_EXTENSION=INCLUDE_ENCRYPT_THEN_MAC_EXTENSION = true, NAMED_GROUP=NAMED_GROUP = ECDH_X25519, INCLUDE_PSK_EXCHANGE_MODES_EXTENSION=INCLUDE_PSK_EXCHANGE_MODES_EXTENSION = true, INCLUDE_SESSION_TICKET_EXTENSION=INCLUDE_SESSION_TICKET_EXTENSION = true, INCLUDE_GREASE_CIPHER_SUITES=INCLUDE_GREASE_CIPHER_SUITES = true, CIPHER_SUITE=CIPHER_SUITE = TLS_AES_128_GCM_SHA256, INCLUDE_GREASE_NAMED_GROUPS=INCLUDE_GREASE_NAMED_GROUPS = true, INCLUDE_CHANGE_CIPHER_SPEC=INCLUDE_CHANGE_CIPHER_SPEC = true, SIG_HASH_ALGORIHTM=SIG_HASH_ALGORIHTM = RSA_MD5, INCLUDE_PADDING_EXTENSION=INCLUDE_PADDING_EXTENSION = true}",
    "ParameterCombination" : {
      "INCLUDE_HEARTBEAT_EXTENSION" : true,
      "SIG_HASH_ALGORIHTM" : "RSA_MD5",
      "INCLUDE_PSK_EXCHANGE_MODES_EXTENSION" : true,
      "CIPHER_SUITE" : "TLS_AES_128_GCM_SHA256",
      "INCLUDE_EXTENDED_MASTER_SECRET_EXTENSION" : true,
      "INCLUDE_PADDING_EXTENSION" : true,
      "INCLUDE_GREASE_NAMED_GROUPS" : true,
      "INCLUDE_GREASE_CIPHER_SUITES" : true,
      "INCLUDE_RENEGOTIATION_EXTENSION" : true,
      "NAMED_GROUP" : "ECDH_X25519",
      "TCP_FRAGMENTATION" : false,
      "INCLUDE_ENCRYPT_THEN_MAC_EXTENSION" : true,
      "INCLUDE_ALPN_EXTENSION" : true,
      "INCLUDE_GREASE_SIG_HASH_ALGORITHMS" : true,
      "INCLUDE_CHANGE_CIPHER_SPEC" : true,
      "INCLUDE_SESSION_TICKET_EXTENSION" : true,
      "RECORD_LENGTH" : 50,
      "MAX_FRAGMENT_LENGTH" : "TWO_9"
    },
    "AdditionalResultInformation" : null,
    "AdditionalTestInformation" : null,
    "SrcPort" : 17174,
    "DstPort" : 8443,
    "StartTimestamp" : "2023-12-12T12:03:09.117Z",
    "EndTimestamp" : "2023-12-12T12:03:09.121Z",
    "Stacktrace" : null,
    "uuid" : "1CC3AE47723176621D67021660CADDAB06FE8E742CF0DB6057963C1B01D011DA"
  }, {
    "Result" : "STRICTLY_SUCCEEDED",
    "DisplayName" : "[7] Combination{INCLUDE_ALPN_EXTENSION=INCLUDE_ALPN_EXTENSION = true, RECORD_LENGTH=RECORD_LENGTH = 50, MAX_FRAGMENT_LENGTH=MAX_FRAGMENT_LENGTH = TWO_9, INCLUDE_HEARTBEAT_EXTENSION=INCLUDE_HEARTBEAT_EXTENSION = true, INCLUDE_EXTENDED_MASTER_SECRET_EXTENSION=INCLUDE_EXTENDED_MASTER_SECRET_EXTENSION = true, TCP_FRAGMENTATION=TCP_FRAGMENTATION = false, INCLUDE_RENEGOTIATION_EXTENSION=INCLUDE_RENEGOTIATION_EXTENSION = true, INCLUDE_GREASE_SIG_HASH_ALGORITHMS=INCLUDE_GREASE_SIG_HASH_ALGORITHMS = true, INCLUDE_ENCRYPT_THEN_MAC_EXTENSION=INCLUDE_ENCRYPT_THEN_MAC_EXTENSION = true, NAMED_GROUP=NAMED_GROUP = ECDH_X25519, INCLUDE_PSK_EXCHANGE_MODES_EXTENSION=INCLUDE_PSK_EXCHANGE_MODES_EXTENSION = true, INCLUDE_SESSION_TICKET_EXTENSION=INCLUDE_SESSION_TICKET_EXTENSION = true, INCLUDE_GREASE_CIPHER_SUITES=INCLUDE_GREASE_CIPHER_SUITES = true, CIPHER_SUITE=CIPHER_SUITE = TLS_AES_128_GCM_SHA256, INCLUDE_GREASE_NAMED_GROUPS=INCLUDE_GREASE_NAMED_GROUPS = true, INCLUDE_CHANGE_CIPHER_SPEC=INCLUDE_CHANGE_CIPHER_SPEC = true, SIG_HASH_ALGORIHTM=SIG_HASH_ALGORIHTM = RSA_SHA1, INCLUDE_PADDING_EXTENSION=INCLUDE_PADDING_EXTENSION = true}",
    "ParameterCombination" : {
      "INCLUDE_HEARTBEAT_EXTENSION" : true,
      "SIG_HASH_ALGORIHTM" : "RSA_SHA1",
      "INCLUDE_PSK_EXCHANGE_MODES_EXTENSION" : true,
      "CIPHER_SUITE" : "TLS_AES_128_GCM_SHA256",
      "INCLUDE_EXTENDED_MASTER_SECRET_EXTENSION" : true,
      "INCLUDE_PADDING_EXTENSION" : true,
      "INCLUDE_GREASE_NAMED_GROUPS" : true,
      "INCLUDE_GREASE_CIPHER_SUITES" : true,
      "INCLUDE_RENEGOTIATION_EXTENSION" : true,
      "NAMED_GROUP" : "ECDH_X25519",
      "TCP_FRAGMENTATION" : false,
      "INCLUDE_ENCRYPT_THEN_MAC_EXTENSION" : true,
      "INCLUDE_ALPN_EXTENSION" : true,
      "INCLUDE_GREASE_SIG_HASH_ALGORITHMS" : true,
      "INCLUDE_CHANGE_CIPHER_SPEC" : true,
      "INCLUDE_SESSION_TICKET_EXTENSION" : true,
      "RECORD_LENGTH" : 50,
      "MAX_FRAGMENT_LENGTH" : "TWO_9"
    },
    "AdditionalResultInformation" : null,
    "AdditionalTestInformation" : null,
    "SrcPort" : 17176,
    "DstPort" : 8443,
    "StartTimestamp" : "2023-12-12T12:03:09.385Z",
    "EndTimestamp" : "2023-12-12T12:03:09.389Z",
    "Stacktrace" : null,
    "uuid" : "C77EA29156A856B9AF5FA0D8DDAF57577BB60B2E776BA97283C890E7E7DF363A"
  }, {
    "Result" : "STRICTLY_SUCCEEDED",
    "DisplayName" : "[8] Combination{INCLUDE_ALPN_EXTENSION=INCLUDE_ALPN_EXTENSION = true, RECORD_LENGTH=RECORD_LENGTH = 50, MAX_FRAGMENT_LENGTH=MAX_FRAGMENT_LENGTH = TWO_9, INCLUDE_HEARTBEAT_EXTENSION=INCLUDE_HEARTBEAT_EXTENSION = true, INCLUDE_EXTENDED_MASTER_SECRET_EXTENSION=INCLUDE_EXTENDED_MASTER_SECRET_EXTENSION = true, TCP_FRAGMENTATION=TCP_FRAGMENTATION = false, INCLUDE_RENEGOTIATION_EXTENSION=INCLUDE_RENEGOTIATION_EXTENSION = true, INCLUDE_GREASE_SIG_HASH_ALGORITHMS=INCLUDE_GREASE_SIG_HASH_ALGORITHMS = true, INCLUDE_ENCRYPT_THEN_MAC_EXTENSION=INCLUDE_ENCRYPT_THEN_MAC_EXTENSION = true, NAMED_GROUP=NAMED_GROUP = ECDH_X25519, INCLUDE_PSK_EXCHANGE_MODES_EXTENSION=INCLUDE_PSK_EXCHANGE_MODES_EXTENSION = true, INCLUDE_SESSION_TICKET_EXTENSION=INCLUDE_SESSION_TICKET_EXTENSION = true, INCLUDE_GREASE_CIPHER_SUITES=INCLUDE_GREASE_CIPHER_SUITES = true, CIPHER_SUITE=CIPHER_SUITE = TLS_AES_128_GCM_SHA256, INCLUDE_GREASE_NAMED_GROUPS=INCLUDE_GREASE_NAMED_GROUPS = true, INCLUDE_CHANGE_CIPHER_SPEC=INCLUDE_CHANGE_CIPHER_SPEC = true, SIG_HASH_ALGORIHTM=SIG_HASH_ALGORIHTM = RSA_SHA224, INCLUDE_PADDING_EXTENSION=INCLUDE_PADDING_EXTENSION = true}",
    "ParameterCombination" : {
      "INCLUDE_HEARTBEAT_EXTENSION" : true,
      "SIG_HASH_ALGORIHTM" : "RSA_SHA224",
      "INCLUDE_PSK_EXCHANGE_MODES_EXTENSION" : true,
      "CIPHER_SUITE" : "TLS_AES_128_GCM_SHA256",
      "INCLUDE_EXTENDED_MASTER_SECRET_EXTENSION" : true,
      "INCLUDE_PADDING_EXTENSION" : true,
      "INCLUDE_GREASE_NAMED_GROUPS" : true,
      "INCLUDE_GREASE_CIPHER_SUITES" : true,
      "INCLUDE_RENEGOTIATION_EXTENSION" : true,
      "NAMED_GROUP" : "ECDH_X25519",
      "TCP_FRAGMENTATION" : false,
      "INCLUDE_ENCRYPT_THEN_MAC_EXTENSION" : true,
      "INCLUDE_ALPN_EXTENSION" : true,
      "INCLUDE_GREASE_SIG_HASH_ALGORITHMS" : true,
      "INCLUDE_CHANGE_CIPHER_SPEC" : true,
      "INCLUDE_SESSION_TICKET_EXTENSION" : true,
      "RECORD_LENGTH" : 50,
      "MAX_FRAGMENT_LENGTH" : "TWO_9"
    },
    "AdditionalResultInformation" : null,
    "AdditionalTestInformation" : null,
    "SrcPort" : 17177,
    "DstPort" : 8443,
    "StartTimestamp" : "2023-12-12T12:03:09.440Z",
    "EndTimestamp" : "2023-12-12T12:03:09.442Z",
    "Stacktrace" : null,
    "uuid" : "D552AD1FE45D1ACA81A946859131FBB554223B009F213B2110451476500877FF"
  }, {
    "Result" : "STRICTLY_SUCCEEDED",
    "DisplayName" : "[9] Combination{INCLUDE_ALPN_EXTENSION=INCLUDE_ALPN_EXTENSION = true, RECORD_LENGTH=RECORD_LENGTH = 50, MAX_FRAGMENT_LENGTH=MAX_FRAGMENT_LENGTH = TWO_9, INCLUDE_HEARTBEAT_EXTENSION=INCLUDE_HEARTBEAT_EXTENSION = true, INCLUDE_EXTENDED_MASTER_SECRET_EXTENSION=INCLUDE_EXTENDED_MASTER_SECRET_EXTENSION = true, TCP_FRAGMENTATION=TCP_FRAGMENTATION = false, INCLUDE_RENEGOTIATION_EXTENSION=INCLUDE_RENEGOTIATION_EXTENSION = true, INCLUDE_GREASE_SIG_HASH_ALGORITHMS=INCLUDE_GREASE_SIG_HASH_ALGORITHMS = true, INCLUDE_ENCRYPT_THEN_MAC_EXTENSION=INCLUDE_ENCRYPT_THEN_MAC_EXTENSION = true, NAMED_GROUP=NAMED_GROUP = ECDH_X25519, INCLUDE_PSK_EXCHANGE_MODES_EXTENSION=INCLUDE_PSK_EXCHANGE_MODES_EXTENSION = true, INCLUDE_SESSION_TICKET_EXTENSION=INCLUDE_SESSION_TICKET_EXTENSION = true, INCLUDE_GREASE_CIPHER_SUITES=INCLUDE_GREASE_CIPHER_SUITES = true, CIPHER_SUITE=CIPHER_SUITE = TLS_AES_128_GCM_SHA256, INCLUDE_GREASE_NAMED_GROUPS=INCLUDE_GREASE_NAMED_GROUPS = true, INCLUDE_CHANGE_CIPHER_SPEC=INCLUDE_CHANGE_CIPHER_SPEC = true, SIG_HASH_ALGORIHTM=SIG_HASH_ALGORIHTM = RSA_SHA256, INCLUDE_PADDING_EXTENSION=INCLUDE_PADDING_EXTENSION = true}",
    "ParameterCombination" : {
      "INCLUDE_HEARTBEAT_EXTENSION" : true,
      "SIG_HASH_ALGORIHTM" : "RSA_SHA256",
      "INCLUDE_PSK_EXCHANGE_MODES_EXTENSION" : true,
      "CIPHER_SUITE" : "TLS_AES_128_GCM_SHA256",
      "INCLUDE_EXTENDED_MASTER_SECRET_EXTENSION" : true,
      "INCLUDE_PADDING_EXTENSION" : true,
      "INCLUDE_GREASE_NAMED_GROUPS" : true,
      "INCLUDE_GREASE_CIPHER_SUITES" : true,
      "INCLUDE_RENEGOTIATION_EXTENSION" : true,
      "NAMED_GROUP" : "ECDH_X25519",
      "TCP_FRAGMENTATION" : false,
      "INCLUDE_ENCRYPT_THEN_MAC_EXTENSION" : true,
      "INCLUDE_ALPN_EXTENSION" : true,
      "INCLUDE_GREASE_SIG_HASH_ALGORITHMS" : true,
      "INCLUDE_CHANGE_CIPHER_SPEC" : true,
      "INCLUDE_SESSION_TICKET_EXTENSION" : true,
      "RECORD_LENGTH" : 50,
      "MAX_FRAGMENT_LENGTH" : "TWO_9"
    },
    "AdditionalResultInformation" : null,
    "AdditionalTestInformation" : null,
    "SrcPort" : 17179,
    "DstPort" : 8443,
    "StartTimestamp" : "2023-12-12T12:03:09.697Z",
    "EndTimestamp" : "2023-12-12T12:03:09.702Z",
    "Stacktrace" : null,
    "uuid" : "EF17BD67300E8F8DD351024BC26B033F01163E553F9D410CA11D6CDFB5FBB091"
  }, {
    "Result" : "STRICTLY_SUCCEEDED",
    "DisplayName" : "[10] Combination{INCLUDE_ALPN_EXTENSION=INCLUDE_ALPN_EXTENSION = true, RECORD_LENGTH=RECORD_LENGTH = 50, MAX_FRAGMENT_LENGTH=MAX_FRAGMENT_LENGTH = TWO_9, INCLUDE_HEARTBEAT_EXTENSION=INCLUDE_HEARTBEAT_EXTENSION = true, INCLUDE_EXTENDED_MASTER_SECRET_EXTENSION=INCLUDE_EXTENDED_MASTER_SECRET_EXTENSION = true, TCP_FRAGMENTATION=TCP_FRAGMENTATION = false, INCLUDE_RENEGOTIATION_EXTENSION=INCLUDE_RENEGOTIATION_EXTENSION = true, INCLUDE_GREASE_SIG_HASH_ALGORITHMS=INCLUDE_GREASE_SIG_HASH_ALGORITHMS = true, INCLUDE_ENCRYPT_THEN_MAC_EXTENSION=INCLUDE_ENCRYPT_THEN_MAC_EXTENSION = true, NAMED_GROUP=NAMED_GROUP = ECDH_X25519, INCLUDE_PSK_EXCHANGE_MODES_EXTENSION=INCLUDE_PSK_EXCHANGE_MODES_EXTENSION = true, INCLUDE_SESSION_TICKET_EXTENSION=INCLUDE_SESSION_TICKET_EXTENSION = true, INCLUDE_GREASE_CIPHER_SUITES=INCLUDE_GREASE_CIPHER_SUITES = true, CIPHER_SUITE=CIPHER_SUITE = TLS_AES_128_GCM_SHA256, INCLUDE_GREASE_NAMED_GROUPS=INCLUDE_GREASE_NAMED_GROUPS = true, INCLUDE_CHANGE_CIPHER_SPEC=INCLUDE_CHANGE_CIPHER_SPEC = true, SIG_HASH_ALGORIHTM=SIG_HASH_ALGORIHTM = RSA_SHA384, INCLUDE_PADDING_EXTENSION=INCLUDE_PADDING_EXTENSION = true}",
    "ParameterCombination" : {
      "INCLUDE_HEARTBEAT_EXTENSION" : true,
      "SIG_HASH_ALGORIHTM" : "RSA_SHA384",
      "INCLUDE_PSK_EXCHANGE_MODES_EXTENSION" : true,
      "CIPHER_SUITE" : "TLS_AES_128_GCM_SHA256",
      "INCLUDE_EXTENDED_MASTER_SECRET_EXTENSION" : true,
      "INCLUDE_PADDING_EXTENSION" : true,
      "INCLUDE_GREASE_NAMED_GROUPS" : true,
      "INCLUDE_GREASE_CIPHER_SUITES" : true,
      "INCLUDE_RENEGOTIATION_EXTENSION" : true,
      "NAMED_GROUP" : "ECDH_X25519",
      "TCP_FRAGMENTATION" : false,
      "INCLUDE_ENCRYPT_THEN_MAC_EXTENSION" : true,
      "INCLUDE_ALPN_EXTENSION" : true,
      "INCLUDE_GREASE_SIG_HASH_ALGORITHMS" : true,
      "INCLUDE_CHANGE_CIPHER_SPEC" : true,
      "INCLUDE_SESSION_TICKET_EXTENSION" : true,
      "RECORD_LENGTH" : 50,
      "MAX_FRAGMENT_LENGTH" : "TWO_9"
    },
    "AdditionalResultInformation" : null,
    "AdditionalTestInformation" : null,
    "SrcPort" : 17181,
    "DstPort" : 8443,
    "StartTimestamp" : "2023-12-12T12:03:10.034Z",
    "EndTimestamp" : "2023-12-12T12:03:10.039Z",
    "Stacktrace" : null,
    "uuid" : "2622BE3603B353B4092E6F4BA8B18A75C7609C30DDDDF28BF20CE07E1FDA1040"
  }, {
    "Result" : "STRICTLY_SUCCEEDED",
    "DisplayName" : "[11] Combination{INCLUDE_ALPN_EXTENSION=INCLUDE_ALPN_EXTENSION = true, RECORD_LENGTH=RECORD_LENGTH = 50, MAX_FRAGMENT_LENGTH=MAX_FRAGMENT_LENGTH = TWO_9, INCLUDE_HEARTBEAT_EXTENSION=INCLUDE_HEARTBEAT_EXTENSION = true, INCLUDE_EXTENDED_MASTER_SECRET_EXTENSION=INCLUDE_EXTENDED_MASTER_SECRET_EXTENSION = true, TCP_FRAGMENTATION=TCP_FRAGMENTATION = false, INCLUDE_RENEGOTIATION_EXTENSION=INCLUDE_RENEGOTIATION_EXTENSION = true, INCLUDE_GREASE_SIG_HASH_ALGORITHMS=INCLUDE_GREASE_SIG_HASH_ALGORITHMS = true, INCLUDE_ENCRYPT_THEN_MAC_EXTENSION=INCLUDE_ENCRYPT_THEN_MAC_EXTENSION = true, NAMED_GROUP=NAMED_GROUP = ECDH_X25519, INCLUDE_PSK_EXCHANGE_MODES_EXTENSION=INCLUDE_PSK_EXCHANGE_MODES_EXTENSION = true, INCLUDE_SESSION_TICKET_EXTENSION=INCLUDE_SESSION_TICKET_EXTENSION = true, INCLUDE_GREASE_CIPHER_SUITES=INCLUDE_GREASE_CIPHER_SUITES = true, CIPHER_SUITE=CIPHER_SUITE = TLS_AES_128_GCM_SHA256, INCLUDE_GREASE_NAMED_GROUPS=INCLUDE_GREASE_NAMED_GROUPS = true, INCLUDE_CHANGE_CIPHER_SPEC=INCLUDE_CHANGE_CIPHER_SPEC = true, SIG_HASH_ALGORIHTM=SIG_HASH_ALGORIHTM = RSA_SHA512, INCLUDE_PADDING_EXTENSION=INCLUDE_PADDING_EXTENSION = true}",
    "ParameterCombination" : {
      "INCLUDE_HEARTBEAT_EXTENSION" : true,
      "SIG_HASH_ALGORIHTM" : "RSA_SHA512",
      "INCLUDE_PSK_EXCHANGE_MODES_EXTENSION" : true,
      "CIPHER_SUITE" : "TLS_AES_128_GCM_SHA256",
      "INCLUDE_EXTENDED_MASTER_SECRET_EXTENSION" : true,
      "INCLUDE_PADDING_EXTENSION" : true,
      "INCLUDE_GREASE_NAMED_GROUPS" : true,
      "INCLUDE_GREASE_CIPHER_SUITES" : true,
      "INCLUDE_RENEGOTIATION_EXTENSION" : true,
      "NAMED_GROUP" : "ECDH_X25519",
      "TCP_FRAGMENTATION" : false,
      "INCLUDE_ENCRYPT_THEN_MAC_EXTENSION" : true,
      "INCLUDE_ALPN_EXTENSION" : true,
      "INCLUDE_GREASE_SIG_HASH_ALGORITHMS" : true,
      "INCLUDE_CHANGE_CIPHER_SPEC" : true,
      "INCLUDE_SESSION_TICKET_EXTENSION" : true,
      "RECORD_LENGTH" : 50,
      "MAX_FRAGMENT_LENGTH" : "TWO_9"
    },
    "AdditionalResultInformation" : null,
    "AdditionalTestInformation" : null,
    "SrcPort" : 17183,
    "DstPort" : 8443,
    "StartTimestamp" : "2023-12-12T12:03:10.315Z",
    "EndTimestamp" : "2023-12-12T12:03:10.321Z",
    "Stacktrace" : null,
    "uuid" : "22EDF82881C1A02BBFED981A9FA885E75A9CA21DA948D9B8D2DC6C970A0FA007"
  }, {
    "Result" : "STRICTLY_SUCCEEDED",
    "DisplayName" : "[12] Combination{INCLUDE_ALPN_EXTENSION=INCLUDE_ALPN_EXTENSION = true, RECORD_LENGTH=RECORD_LENGTH = 50, MAX_FRAGMENT_LENGTH=MAX_FRAGMENT_LENGTH = TWO_9, INCLUDE_HEARTBEAT_EXTENSION=INCLUDE_HEARTBEAT_EXTENSION = true, INCLUDE_EXTENDED_MASTER_SECRET_EXTENSION=INCLUDE_EXTENDED_MASTER_SECRET_EXTENSION = true, TCP_FRAGMENTATION=TCP_FRAGMENTATION = false, INCLUDE_RENEGOTIATION_EXTENSION=INCLUDE_RENEGOTIATION_EXTENSION = true, INCLUDE_GREASE_SIG_HASH_ALGORITHMS=INCLUDE_GREASE_SIG_HASH_ALGORITHMS = true, INCLUDE_ENCRYPT_THEN_MAC_EXTENSION=INCLUDE_ENCRYPT_THEN_MAC_EXTENSION = true, NAMED_GROUP=NAMED_GROUP = ECDH_X25519, INCLUDE_PSK_EXCHANGE_MODES_EXTENSION=INCLUDE_PSK_EXCHANGE_MODES_EXTENSION = true, INCLUDE_SESSION_TICKET_EXTENSION=INCLUDE_SESSION_TICKET_EXTENSION = true, INCLUDE_GREASE_CIPHER_SUITES=INCLUDE_GREASE_CIPHER_SUITES = true, CIPHER_SUITE=CIPHER_SUITE = TLS_AES_128_GCM_SHA256, INCLUDE_GREASE_NAMED_GROUPS=INCLUDE_GREASE_NAMED_GROUPS = true, INCLUDE_CHANGE_CIPHER_SPEC=INCLUDE_CHANGE_CIPHER_SPEC = true, SIG_HASH_ALGORIHTM=SIG_HASH_ALGORIHTM = ECDSA_SHA1, INCLUDE_PADDING_EXTENSION=INCLUDE_PADDING_EXTENSION = true}",
    "ParameterCombination" : {
      "INCLUDE_HEARTBEAT_EXTENSION" : true,
      "SIG_HASH_ALGORIHTM" : "ECDSA_SHA1",
      "INCLUDE_PSK_EXCHANGE_MODES_EXTENSION" : true,
      "CIPHER_SUITE" : "TLS_AES_128_GCM_SHA256",
      "INCLUDE_EXTENDED_MASTER_SECRET_EXTENSION" : true,
      "INCLUDE_PADDING_EXTENSION" : true,
      "INCLUDE_GREASE_NAMED_GROUPS" : true,
      "INCLUDE_GREASE_CIPHER_SUITES" : true,
      "INCLUDE_RENEGOTIATION_EXTENSION" : true,
      "NAMED_GROUP" : "ECDH_X25519",
      "TCP_FRAGMENTATION" : false,
      "INCLUDE_ENCRYPT_THEN_MAC_EXTENSION" : true,
      "INCLUDE_ALPN_EXTENSION" : true,
      "INCLUDE_GREASE_SIG_HASH_ALGORITHMS" : true,
      "INCLUDE_CHANGE_CIPHER_SPEC" : true,
      "INCLUDE_SESSION_TICKET_EXTENSION" : true,
      "RECORD_LENGTH" : 50,
      "MAX_FRAGMENT_LENGTH" : "TWO_9"
    },
    "AdditionalResultInformation" : null,
    "AdditionalTestInformation" : null,
    "SrcPort" : 17185,
    "DstPort" : 8443,
    "StartTimestamp" : "2023-12-12T12:03:10.598Z",
    "EndTimestamp" : "2023-12-12T12:03:10.604Z",
    "Stacktrace" : null,
    "uuid" : "B7A5E51FCB02D2D613D31E5477F7E9B604F995B5D4701B0ACA03DCFE35D92E8F"
  }, {
    "Result" : "STRICTLY_SUCCEEDED",
    "DisplayName" : "[13] Combination{INCLUDE_ALPN_EXTENSION=INCLUDE_ALPN_EXTENSION = true, RECORD_LENGTH=RECORD_LENGTH = 50, MAX_FRAGMENT_LENGTH=MAX_FRAGMENT_LENGTH = TWO_9, INCLUDE_HEARTBEAT_EXTENSION=INCLUDE_HEARTBEAT_EXTENSION = true, INCLUDE_EXTENDED_MASTER_SECRET_EXTENSION=INCLUDE_EXTENDED_MASTER_SECRET_EXTENSION = true, TCP_FRAGMENTATION=TCP_FRAGMENTATION = false, INCLUDE_RENEGOTIATION_EXTENSION=INCLUDE_RENEGOTIATION_EXTENSION = true, INCLUDE_GREASE_SIG_HASH_ALGORITHMS=INCLUDE_GREASE_SIG_HASH_ALGORITHMS = true, INCLUDE_ENCRYPT_THEN_MAC_EXTENSION=INCLUDE_ENCRYPT_THEN_MAC_EXTENSION = true, NAMED_GROUP=NAMED_GROUP = ECDH_X25519, INCLUDE_PSK_EXCHANGE_MODES_EXTENSION=INCLUDE_PSK_EXCHANGE_MODES_EXTENSION = true, INCLUDE_SESSION_TICKET_EXTENSION=INCLUDE_SESSION_TICKET_EXTENSION = true, INCLUDE_GREASE_CIPHER_SUITES=INCLUDE_GREASE_CIPHER_SUITES = true, CIPHER_SUITE=CIPHER_SUITE = TLS_AES_128_GCM_SHA256, INCLUDE_GREASE_NAMED_GROUPS=INCLUDE_GREASE_NAMED_GROUPS = true, INCLUDE_CHANGE_CIPHER_SPEC=INCLUDE_CHANGE_CIPHER_SPEC = true, SIG_HASH_ALGORIHTM=SIG_HASH_ALGORIHTM = ECDSA_SHA224, INCLUDE_PADDING_EXTENSION=INCLUDE_PADDING_EXTENSION = true}",
    "ParameterCombination" : {
      "INCLUDE_HEARTBEAT_EXTENSION" : true,
      "SIG_HASH_ALGORIHTM" : "ECDSA_SHA224",
      "INCLUDE_PSK_EXCHANGE_MODES_EXTENSION" : true,
      "CIPHER_SUITE" : "TLS_AES_128_GCM_SHA256",
      "INCLUDE_EXTENDED_MASTER_SECRET_EXTENSION" : true,
      "INCLUDE_PADDING_EXTENSION" : true,
      "INCLUDE_GREASE_NAMED_GROUPS" : true,
      "INCLUDE_GREASE_CIPHER_SUITES" : true,
      "INCLUDE_RENEGOTIATION_EXTENSION" : true,
      "NAMED_GROUP" : "ECDH_X25519",
      "TCP_FRAGMENTATION" : false,
      "INCLUDE_ENCRYPT_THEN_MAC_EXTENSION" : true,
      "INCLUDE_ALPN_EXTENSION" : true,
      "INCLUDE_GREASE_SIG_HASH_ALGORITHMS" : true,
      "INCLUDE_CHANGE_CIPHER_SPEC" : true,
      "INCLUDE_SESSION_TICKET_EXTENSION" : true,
      "RECORD_LENGTH" : 50,
      "MAX_FRAGMENT_LENGTH" : "TWO_9"
    },
    "AdditionalResultInformation" : null,
    "AdditionalTestInformation" : null,
    "SrcPort" : 17187,
    "DstPort" : 8443,
    "StartTimestamp" : "2023-12-12T12:03:10.881Z",
    "EndTimestamp" : "2023-12-12T12:03:10.886Z",
    "Stacktrace" : null,
    "uuid" : "5CFA8076AA6D2F5D7824A7C590692632B36C13306AEA3C5E1D05559AC6F2D6E1"
  }, {
    "Result" : "STRICTLY_SUCCEEDED",
    "DisplayName" : "[14] Combination{INCLUDE_ALPN_EXTENSION=INCLUDE_ALPN_EXTENSION = true, RECORD_LENGTH=RECORD_LENGTH = 50, MAX_FRAGMENT_LENGTH=MAX_FRAGMENT_LENGTH = TWO_9, INCLUDE_HEARTBEAT_EXTENSION=INCLUDE_HEARTBEAT_EXTENSION = true, INCLUDE_EXTENDED_MASTER_SECRET_EXTENSION=INCLUDE_EXTENDED_MASTER_SECRET_EXTENSION = true, TCP_FRAGMENTATION=TCP_FRAGMENTATION = false, INCLUDE_RENEGOTIATION_EXTENSION=INCLUDE_RENEGOTIATION_EXTENSION = true, INCLUDE_GREASE_SIG_HASH_ALGORITHMS=INCLUDE_GREASE_SIG_HASH_ALGORITHMS = true, INCLUDE_ENCRYPT_THEN_MAC_EXTENSION=INCLUDE_ENCRYPT_THEN_MAC_EXTENSION = true, NAMED_GROUP=NAMED_GROUP = ECDH_X25519, INCLUDE_PSK_EXCHANGE_MODES_EXTENSION=INCLUDE_PSK_EXCHANGE_MODES_EXTENSION = true, INCLUDE_SESSION_TICKET_EXTENSION=INCLUDE_SESSION_TICKET_EXTENSION = true, INCLUDE_GREASE_CIPHER_SUITES=INCLUDE_GREASE_CIPHER_SUITES = true, CIPHER_SUITE=CIPHER_SUITE = TLS_AES_128_GCM_SHA256, INCLUDE_GREASE_NAMED_GROUPS=INCLUDE_GREASE_NAMED_GROUPS = true, INCLUDE_CHANGE_CIPHER_SPEC=INCLUDE_CHANGE_CIPHER_SPEC = true, SIG_HASH_ALGORIHTM=SIG_HASH_ALGORIHTM = GOSTR34102001_GOSTR3411, INCLUDE_PADDING_EXTENSION=INCLUDE_PADDING_EXTENSION = true}",
    "ParameterCombination" : {
      "INCLUDE_HEARTBEAT_EXTENSION" : true,
      "SIG_HASH_ALGORIHTM" : "GOSTR34102001_GOSTR3411",
      "INCLUDE_PSK_EXCHANGE_MODES_EXTENSION" : true,
      "CIPHER_SUITE" : "TLS_AES_128_GCM_SHA256",
      "INCLUDE_EXTENDED_MASTER_SECRET_EXTENSION" : true,
      "INCLUDE_PADDING_EXTENSION" : true,
      "INCLUDE_GREASE_NAMED_GROUPS" : true,
      "INCLUDE_GREASE_CIPHER_SUITES" : true,
      "INCLUDE_RENEGOTIATION_EXTENSION" : true,
      "NAMED_GROUP" : "ECDH_X25519",
      "TCP_FRAGMENTATION" : false,
      "INCLUDE_ENCRYPT_THEN_MAC_EXTENSION" : true,
      "INCLUDE_ALPN_EXTENSION" : true,
      "INCLUDE_GREASE_SIG_HASH_ALGORITHMS" : true,
      "INCLUDE_CHANGE_CIPHER_SPEC" : true,
      "INCLUDE_SESSION_TICKET_EXTENSION" : true,
      "RECORD_LENGTH" : 50,
      "MAX_FRAGMENT_LENGTH" : "TWO_9"
    },
    "AdditionalResultInformation" : null,
    "AdditionalTestInformation" : null,
    "SrcPort" : 17189,
    "DstPort" : 8443,
    "StartTimestamp" : "2023-12-12T12:03:11.190Z",
    "EndTimestamp" : "2023-12-12T12:03:11.196Z",
    "Stacktrace" : null,
    "uuid" : "2027BE8465A647162E061CFEDFDA5284D275ADA3D5894A887756CA0208C86135"
  }, {
    "Result" : "STRICTLY_SUCCEEDED",
    "DisplayName" : "[15] Combination{INCLUDE_ALPN_EXTENSION=INCLUDE_ALPN_EXTENSION = true, RECORD_LENGTH=RECORD_LENGTH = 50, MAX_FRAGMENT_LENGTH=MAX_FRAGMENT_LENGTH = TWO_9, INCLUDE_HEARTBEAT_EXTENSION=INCLUDE_HEARTBEAT_EXTENSION = true, INCLUDE_EXTENDED_MASTER_SECRET_EXTENSION=INCLUDE_EXTENDED_MASTER_SECRET_EXTENSION = true, TCP_FRAGMENTATION=TCP_FRAGMENTATION = false, INCLUDE_RENEGOTIATION_EXTENSION=INCLUDE_RENEGOTIATION_EXTENSION = true, INCLUDE_GREASE_SIG_HASH_ALGORITHMS=INCLUDE_GREASE_SIG_HASH_ALGORITHMS = true, INCLUDE_ENCRYPT_THEN_MAC_EXTENSION=INCLUDE_ENCRYPT_THEN_MAC_EXTENSION = true, NAMED_GROUP=NAMED_GROUP = ECDH_X25519, INCLUDE_PSK_EXCHANGE_MODES_EXTENSION=INCLUDE_PSK_EXCHANGE_MODES_EXTENSION = true, INCLUDE_SESSION_TICKET_EXTENSION=INCLUDE_SESSION_TICKET_EXTENSION = true, INCLUDE_GREASE_CIPHER_SUITES=INCLUDE_GREASE_CIPHER_SUITES = true, CIPHER_SUITE=CIPHER_SUITE = TLS_AES_128_GCM_SHA256, INCLUDE_GREASE_NAMED_GROUPS=INCLUDE_GREASE_NAMED_GROUPS = true, INCLUDE_CHANGE_CIPHER_SPEC=INCLUDE_CHANGE_CIPHER_SPEC = true, SIG_HASH_ALGORIHTM=SIG_HASH_ALGORIHTM = GOSTR34102012_256_GOSTR34112012_256, INCLUDE_PADDING_EXTENSION=INCLUDE_PADDING_EXTENSION = true}",
    "ParameterCombination" : {
      "INCLUDE_HEARTBEAT_EXTENSION" : true,
      "SIG_HASH_ALGORIHTM" : "GOSTR34102012_256_GOSTR34112012_256",
      "INCLUDE_PSK_EXCHANGE_MODES_EXTENSION" : true,
      "CIPHER_SUITE" : "TLS_AES_128_GCM_SHA256",
      "INCLUDE_EXTENDED_MASTER_SECRET_EXTENSION" : true,
      "INCLUDE_PADDING_EXTENSION" : true,
      "INCLUDE_GREASE_NAMED_GROUPS" : true,
      "INCLUDE_GREASE_CIPHER_SUITES" : true,
      "INCLUDE_RENEGOTIATION_EXTENSION" : true,
      "NAMED_GROUP" : "ECDH_X25519",
      "TCP_FRAGMENTATION" : false,
      "INCLUDE_ENCRYPT_THEN_MAC_EXTENSION" : true,
      "INCLUDE_ALPN_EXTENSION" : true,
      "INCLUDE_GREASE_SIG_HASH_ALGORITHMS" : true,
      "INCLUDE_CHANGE_CIPHER_SPEC" : true,
      "INCLUDE_SESSION_TICKET_EXTENSION" : true,
      "RECORD_LENGTH" : 50,
      "MAX_FRAGMENT_LENGTH" : "TWO_9"
    },
    "AdditionalResultInformation" : null,
    "AdditionalTestInformation" : null,
    "SrcPort" : 17191,
    "DstPort" : 8443,
    "StartTimestamp" : "2023-12-12T12:03:11.469Z",
    "EndTimestamp" : "2023-12-12T12:03:11.474Z",
    "Stacktrace" : null,
    "uuid" : "8CAE82BE803ED1FA951EFF2D066083040D2687D804A94332C4ECC252833953D7"
  }, {
    "Result" : "STRICTLY_SUCCEEDED",
    "DisplayName" : "[16] Combination{INCLUDE_ALPN_EXTENSION=INCLUDE_ALPN_EXTENSION = true, RECORD_LENGTH=RECORD_LENGTH = 50, MAX_FRAGMENT_LENGTH=MAX_FRAGMENT_LENGTH = TWO_9, INCLUDE_HEARTBEAT_EXTENSION=INCLUDE_HEARTBEAT_EXTENSION = true, INCLUDE_EXTENDED_MASTER_SECRET_EXTENSION=INCLUDE_EXTENDED_MASTER_SECRET_EXTENSION = true, TCP_FRAGMENTATION=TCP_FRAGMENTATION = false, INCLUDE_RENEGOTIATION_EXTENSION=INCLUDE_RENEGOTIATION_EXTENSION = true, INCLUDE_GREASE_SIG_HASH_ALGORITHMS=INCLUDE_GREASE_SIG_HASH_ALGORITHMS = true, INCLUDE_ENCRYPT_THEN_MAC_EXTENSION=INCLUDE_ENCRYPT_THEN_MAC_EXTENSION = true, NAMED_GROUP=NAMED_GROUP = ECDH_X25519, INCLUDE_PSK_EXCHANGE_MODES_EXTENSION=INCLUDE_PSK_EXCHANGE_MODES_EXTENSION = true, INCLUDE_SESSION_TICKET_EXTENSION=INCLUDE_SESSION_TICKET_EXTENSION = true, INCLUDE_GREASE_CIPHER_SUITES=INCLUDE_GREASE_CIPHER_SUITES = true, CIPHER_SUITE=CIPHER_SUITE = TLS_AES_128_GCM_SHA256, INCLUDE_GREASE_NAMED_GROUPS=INCLUDE_GREASE_NAMED_GROUPS = true, INCLUDE_CHANGE_CIPHER_SPEC=INCLUDE_CHANGE_CIPHER_SPEC = true, SIG_HASH_ALGORIHTM=SIG_HASH_ALGORIHTM = GOSTR34102012_512_GOSTR34112012_512, INCLUDE_PADDING_EXTENSION=INCLUDE_PADDING_EXTENSION = true}",
    "ParameterCombination" : {
      "INCLUDE_HEARTBEAT_EXTENSION" : true,
      "SIG_HASH_ALGORIHTM" : "GOSTR34102012_512_GOSTR34112012_512",
      "INCLUDE_PSK_EXCHANGE_MODES_EXTENSION" : true,
      "CIPHER_SUITE" : "TLS_AES_128_GCM_SHA256",
      "INCLUDE_EXTENDED_MASTER_SECRET_EXTENSION" : true,
      "INCLUDE_PADDING_EXTENSION" : true,
      "INCLUDE_GREASE_NAMED_GROUPS" : true,
      "INCLUDE_GREASE_CIPHER_SUITES" : true,
      "INCLUDE_RENEGOTIATION_EXTENSION" : true,
      "NAMED_GROUP" : "ECDH_X25519",
      "TCP_FRAGMENTATION" : false,
      "INCLUDE_ENCRYPT_THEN_MAC_EXTENSION" : true,
      "INCLUDE_ALPN_EXTENSION" : true,
      "INCLUDE_GREASE_SIG_HASH_ALGORITHMS" : true,
      "INCLUDE_CHANGE_CIPHER_SPEC" : true,
      "INCLUDE_SESSION_TICKET_EXTENSION" : true,
      "RECORD_LENGTH" : 50,
      "MAX_FRAGMENT_LENGTH" : "TWO_9"
    },
    "AdditionalResultInformation" : null,
    "AdditionalTestInformation" : null,
    "SrcPort" : 17192,
    "DstPort" : 8443,
    "StartTimestamp" : "2023-12-12T12:03:11.513Z",
    "EndTimestamp" : "2023-12-12T12:03:11.515Z",
    "Stacktrace" : null,
    "uuid" : "5427F68861519E5C75E4940D2CCEF99364B49B768D77878FA858F758A56077EB"
  } ],
  "Result" : "STRICTLY_SUCCEEDED",
  "DisabledReason" : null,
  "FailedReason" : null,
  "ElapsedTime" : 0,
  "FailureInducingCombinations" : null,
  "Score" : {
    "Alert" : 100.0,
    "Security" : 100.0,
    "Interoperability" : 100.0,
    "Handshake" : 100.0
  },
  "HasStateWithAdditionalResultInformation" : false,
  "HasVaryingAdditionalResultInformation" : false,
  "TestMethod" : "offerOnlyLegacySignatureAlgorithms",
  "TestClass" : "de.rub.nds.tlstest.suite.tests.server.tls13.rfc8446.SignatureAlgorithms",
  "CaseCount" : 16
}