{
  "metadata" : {
    "description" : "There MUST NOT be more than one extension of the same type in a given extension block. [...]Clients MUST NOT use cookies in their initial ClientHello in subsequent connections. [...]Implementations MUST NOT use the Truncated HMAC extension",
    "severityLevels" : {
      "Handshake" : 100,
      "Interoperability" : 100
    },
    "rfc" : {
      "number" : 8446,
      "section" : "4.1.2 Client Hello"
    },
    "tags" : [ "client", "tls13", "rfc8446", "ClientHello", "checkExtensionsValidity" ]
  },
  "TestId" : "8446-eMuKxJmUfq",
  "TestCases" : [ ],
  "Result" : "DISABLED",
  "DisabledReason" : "TestEndpointMode doesn't match, skipping test.",
  "FailedReason" : null,
  "ElapsedTime" : 0,
  "FailureInducingCombinations" : null,
  "Score" : {
    "Interoperability" : 100.0,
    "Handshake" : 100.0
  },
  "HasStateWithAdditionalResultInformation" : false,
  "HasVaryingAdditionalResultInformation" : false,
  "TestMethod" : "checkExtensionsValidity",
  "TestClass" : "de.rub.nds.tlstest.suite.tests.client.tls13.rfc8446.ClientHello",
  "CaseCount" : 0
}