{
  "metadata" : {
    "description" : "SSLv3 MUST NOT be used. Negotiation of SSLv3 from any version of TLS MUST NOT be permitted. [...]Pragmatically, clients MUST NOT send a ClientHello with ClientHello.client_version set to {03,00}.",
    "severityLevels" : {
      "DeprecatedFeature" : 100,
      "Security" : 100,
      "Handshake" : 60
    },
    "rfc" : {
      "number" : 7568,
      "section" : "3. Do Not Use SSL Version 3.0"
    },
    "tags" : [ "client", "tls12", "rfc7568", "DoNotUseSSLVersion30", "sendClientHelloVersion0300" ]
  },
  "TestId" : "7568-BiD6J3KQPu",
  "TestCases" : [ ],
  "Result" : "DISABLED",
  "DisabledReason" : "TestEndpointMode doesn't match, skipping test.",
  "FailedReason" : null,
  "ElapsedTime" : 0,
  "FailureInducingCombinations" : null,
  "Score" : {
    "DeprecatedFeature" : 100.0,
    "Security" : 100.0,
    "Handshake" : 100.0
  },
  "HasStateWithAdditionalResultInformation" : false,
  "HasVaryingAdditionalResultInformation" : false,
  "TestMethod" : "sendClientHelloVersion0300",
  "TestClass" : "de.rub.nds.tlstest.suite.tests.client.tls12.rfc7568.DoNotUseSSLVersion30",
  "CaseCount" : 0
}