{
  "metadata" : {
    "description" : "Clients MUST NOT use cookies in their initial ClientHello in subsequent connections.",
    "severityLevels" : {
      "Handshake" : 60,
      "Interoperability" : 60
    },
    "rfc" : {
      "number" : 8446,
      "section" : "4.2.2 Cookie"
    },
    "tags" : [ "client", "tls13", "rfc8446", "Cookie", "clientHelloContainsCookieExtension" ]
  },
  "TestId" : "8446-C9aFBzrCbX",
  "TestCases" : [ ],
  "Result" : "DISABLED",
  "DisabledReason" : "TestEndpointMode doesn't match, skipping test.",
  "FailedReason" : null,
  "ElapsedTime" : 0,
  "FailureInducingCombinations" : null,
  "Score" : {
    "Interoperability" : 100.0,
    "Handshake" : 100.0
  },
  "HasStateWithAdditionalResultInformation" : false,
  "HasVaryingAdditionalResultInformation" : false,
  "TestMethod" : "clientHelloContainsCookieExtension",
  "TestClass" : "de.rub.nds.tlstest.suite.tests.client.tls13.rfc8446.Cookie",
  "CaseCount" : 0
}