{
  "metadata" : {
    "description" : "When sending a NewSessionTicket message in TLS 1.3, a server MAY select one or more GREASE extension values and advertise them as extensions with varying length and contents. [...]When processing a CertificateRequest or NewSessionTicket, clients MUST NOT treat GREASE values differently from any unknown value.",
    "severityLevels" : {
      "Handshake" : 60,
      "Interoperability" : 60
    },
    "rfc" : {
      "number" : 8701,
      "section" : "4. Server-Initiated Extension Points"
    },
    "tags" : [ "client", "tls13", "rfc8701", "ServerInitiatedExtensionPoints", "advertiseGreaseExtensionsInSessionTicket" ]
  },
  "TestId" : "8701-91tcbyhyNk",
  "TestCases" : [ ],
  "Result" : "DISABLED",
  "DisabledReason" : "TestEndpointMode doesn't match, skipping test.",
  "FailedReason" : null,
  "ElapsedTime" : 0,
  "FailureInducingCombinations" : null,
  "Score" : {
    "Interoperability" : 100.0,
    "Handshake" : 100.0
  },
  "HasStateWithAdditionalResultInformation" : false,
  "HasVaryingAdditionalResultInformation" : false,
  "TestMethod" : "advertiseGreaseExtensionsInSessionTicket",
  "TestClass" : "de.rub.nds.tlstest.suite.tests.client.tls13.rfc8701.ServerInitiatedExtensionPoints",
  "CaseCount" : 0
}