{
  "metadata" : {
    "description" : "If the request_update field is set to \"update_requested\", then the receiver MUST send a KeyUpdate of its own with request_update set to \"update_not_requested\" prior to sending its next Application Data record. [...]Both sender and receiver MUST encrypt their KeyUpdate messages with the old keys.",
    "severityLevels" : {
      "RecordLayer" : 80,
      "Interoperability" : 80
    },
    "rfc" : {
      "number" : 8446,
      "section" : "4.6.3.  Key and Initialization Vector Update"
    },
    "tags" : [ "both", "tls13", "rfc8446", "KeyUpdate", "respondsWithValidKeyUpdate" ]
  },
  "TestId" : "8446-J6tVdjJCzF",
  "TestCases" : [ {
    "Result" : "FULLY_FAILED",
    "DisplayName" : "[1] Combination{INCLUDE_ALPN_EXTENSION=INCLUDE_ALPN_EXTENSION = true, RECORD_LENGTH=RECORD_LENGTH = 50, MAX_FRAGMENT_LENGTH=MAX_FRAGMENT_LENGTH = TWO_9, INCLUDE_HEARTBEAT_EXTENSION=INCLUDE_HEARTBEAT_EXTENSION = true, INCLUDE_EXTENDED_MASTER_SECRET_EXTENSION=INCLUDE_EXTENDED_MASTER_SECRET_EXTENSION = true, TCP_FRAGMENTATION=TCP_FRAGMENTATION = false, INCLUDE_RENEGOTIATION_EXTENSION=INCLUDE_RENEGOTIATION_EXTENSION = true, INCLUDE_GREASE_SIG_HASH_ALGORITHMS=INCLUDE_GREASE_SIG_HASH_ALGORITHMS = true, INCLUDE_ENCRYPT_THEN_MAC_EXTENSION=INCLUDE_ENCRYPT_THEN_MAC_EXTENSION = true, NAMED_GROUP=NAMED_GROUP = ECDH_X25519, INCLUDE_PSK_EXCHANGE_MODES_EXTENSION=INCLUDE_PSK_EXCHANGE_MODES_EXTENSION = true, INCLUDE_SESSION_TICKET_EXTENSION=INCLUDE_SESSION_TICKET_EXTENSION = true, INCLUDE_GREASE_CIPHER_SUITES=INCLUDE_GREASE_CIPHER_SUITES = true, CIPHER_SUITE=CIPHER_SUITE = TLS_AES_128_GCM_SHA256, INCLUDE_GREASE_NAMED_GROUPS=INCLUDE_GREASE_NAMED_GROUPS = true, INCLUDE_CHANGE_CIPHER_SPEC=INCLUDE_CHANGE_CIPHER_SPEC = true, INCLUDE_PADDING_EXTENSION=INCLUDE_PADDING_EXTENSION = true}",
    "ParameterCombination" : {
      "INCLUDE_HEARTBEAT_EXTENSION" : true,
      "INCLUDE_PSK_EXCHANGE_MODES_EXTENSION" : true,
      "CIPHER_SUITE" : "TLS_AES_128_GCM_SHA256",
      "INCLUDE_EXTENDED_MASTER_SECRET_EXTENSION" : true,
      "INCLUDE_PADDING_EXTENSION" : true,
      "INCLUDE_GREASE_NAMED_GROUPS" : true,
      "INCLUDE_GREASE_CIPHER_SUITES" : true,
      "INCLUDE_RENEGOTIATION_EXTENSION" : true,
      "NAMED_GROUP" : "ECDH_X25519",
      "TCP_FRAGMENTATION" : false,
      "INCLUDE_ENCRYPT_THEN_MAC_EXTENSION" : true,
      "INCLUDE_ALPN_EXTENSION" : true,
      "INCLUDE_GREASE_SIG_HASH_ALGORITHMS" : true,
      "INCLUDE_CHANGE_CIPHER_SPEC" : true,
      "INCLUDE_SESSION_TICKET_EXTENSION" : true,
      "RECORD_LENGTH" : 50,
      "MAX_FRAGMENT_LENGTH" : "TWO_9"
    },
    "AdditionalResultInformation" : null,
    "AdditionalTestInformation" : null,
    "SrcPort" : 15630,
    "DstPort" : 8443,
    "StartTimestamp" : "2023-12-12T11:59:23.344Z",
    "EndTimestamp" : "2023-12-12T11:59:23.781Z",
    "Stacktrace" : "java.lang.AssertionError: The workflow could not be executed as planned!\r\n\tat org.junit.Assert.fail(Assert.java:89)\r\n\tat org.junit.Assert.assertTrue(Assert.java:42)\r\n\tat de.rub.nds.tlstest.framework.Validator.executedAsPlanned(Validator.java:208)\r\n\tat de.rub.nds.tlstest.suite.tests.both.tls13.rfc8446.KeyUpdate.lambda$respondsWithValidKeyUpdate$2(KeyUpdate.java:93)\r\n\tat de.rub.nds.tlstest.framework.anvil.TlsTestCase.validateFinal(TlsTestCase.java:50)\r\n\tat de.rub.nds.tlstest.suite.tests.both.tls13.rfc8446.KeyUpdate.respondsWithValidKeyUpdate(KeyUpdate.java:91)\r\n\tat java.base/java.lang.reflect.Method.invoke(Method.java:566)\r\n\tat de.rub.nds.anvilcore.execution.PcapCapturingInvocationInterceptor.interceptTestTemplateMethod(PcapCapturingInvocationInterceptor.java:48)\r\n\tat java.base/java.util.stream.ForEachOps$ForEachOp$OfRef.accept(ForEachOps.java:183)\r\n\tat java.base/java.util.stream.ReferencePipeline$3$1.accept(ReferencePipeline.java:195)\r\n\tat java.base/java.util.stream.ReferencePipeline$2$1.accept(ReferencePipeline.java:177)\r\n\tat java.base/java.util.stream.ReferencePipeline$3$1.accept(ReferencePipeline.java:195)\r\n\tat java.base/java.util.stream.ForEachOps$ForEachOp$OfRef.accept(ForEachOps.java:183)\r\n\tat java.base/java.util.stream.ReferencePipeline$3$1.accept(ReferencePipeline.java:195)\r\n\tat java.base/java.util.Iterator.forEachRemaining(Iterator.java:133)\r\n\tat java.base/java.util.Spliterators$IteratorSpliterator.forEachRemaining(Spliterators.java:1801)\r\n\tat java.base/java.util.stream.AbstractPipeline.copyInto(AbstractPipeline.java:484)\r\n\tat java.base/java.util.stream.AbstractPipeline.wrapAndCopyInto(AbstractPipeline.java:474)\r\n\tat java.base/java.util.stream.ForEachOps$ForEachOp.evaluateSequential(ForEachOps.java:150)\r\n\tat java.base/java.util.stream.ForEachOps$ForEachOp$OfRef.evaluateSequential(ForEachOps.java:173)\r\n\tat java.base/java.util.stream.AbstractPipeline.evaluate(AbstractPipeline.java:234)\r\n\tat java.base/java.util.stream.ReferencePipeline.forEach(ReferencePipeline.java:497)\r\n\tat java.base/java.util.stream.ReferencePipeline$7$1.accept(ReferencePipeline.java:274)\r\n\tat java.base/java.util.ArrayList$ArrayListSpliterator.forEachRemaining(ArrayList.java:1655)\r\n\tat java.base/java.util.stream.AbstractPipeline.copyInto(AbstractPipeline.java:484)\r\n\tat java.base/java.util.stream.AbstractPipeline.wrapAndCopyInto(AbstractPipeline.java:474)\r\n\tat java.base/java.util.stream.ForEachOps$ForEachOp.evaluateSequential(ForEachOps.java:150)\r\n\tat java.base/java.util.stream.ForEachOps$ForEachOp$OfRef.evaluateSequential(ForEachOps.java:173)\r\n\tat java.base/java.util.stream.AbstractPipeline.evaluate(AbstractPipeline.java:234)\r\n\tat java.base/java.util.stream.ReferencePipeline.forEach(ReferencePipeline.java:497)\r\n\tat java.base/java.util.concurrent.RecursiveAction.exec(RecursiveAction.java:189)\r\n\tat java.base/java.util.concurrent.ForkJoinTask.doExec(ForkJoinTask.java:290)\r\n\tat java.base/java.util.concurrent.ForkJoinPool$WorkQueue.topLevelExec(ForkJoinPool.java:1020)\r\n\tat java.base/java.util.concurrent.ForkJoinPool.scan(ForkJoinPool.java:1656)\r\n\tat java.base/java.util.concurrent.ForkJoinPool.runWorker(ForkJoinPool.java:1594)\r\n\tat java.base/java.util.concurrent.ForkJoinWorkerThread.run(ForkJoinWorkerThread.java:183)\r\n",
    "uuid" : "79CFC4FD4D368048EFB9BA0CC9D36DD740DBBAD528EA5A079147503D12813FE1"
  }, {
    "Result" : "FULLY_FAILED",
    "DisplayName" : "[2] Combination{INCLUDE_ALPN_EXTENSION=INCLUDE_ALPN_EXTENSION = false, RECORD_LENGTH=RECORD_LENGTH = 111, MAX_FRAGMENT_LENGTH=MAX_FRAGMENT_LENGTH = TWO_10, INCLUDE_HEARTBEAT_EXTENSION=INCLUDE_HEARTBEAT_EXTENSION = false, INCLUDE_EXTENDED_MASTER_SECRET_EXTENSION=INCLUDE_EXTENDED_MASTER_SECRET_EXTENSION = false, TCP_FRAGMENTATION=TCP_FRAGMENTATION = true, INCLUDE_RENEGOTIATION_EXTENSION=INCLUDE_RENEGOTIATION_EXTENSION = false, INCLUDE_GREASE_SIG_HASH_ALGORITHMS=INCLUDE_GREASE_SIG_HASH_ALGORITHMS = false, INCLUDE_ENCRYPT_THEN_MAC_EXTENSION=INCLUDE_ENCRYPT_THEN_MAC_EXTENSION = false, NAMED_GROUP=NAMED_GROUP = SECP521R1, INCLUDE_PSK_EXCHANGE_MODES_EXTENSION=INCLUDE_PSK_EXCHANGE_MODES_EXTENSION = false, INCLUDE_SESSION_TICKET_EXTENSION=INCLUDE_SESSION_TICKET_EXTENSION = false, INCLUDE_GREASE_CIPHER_SUITES=INCLUDE_GREASE_CIPHER_SUITES = false, CIPHER_SUITE=CIPHER_SUITE = TLS_AES_256_GCM_SHA384, INCLUDE_GREASE_NAMED_GROUPS=INCLUDE_GREASE_NAMED_GROUPS = false, INCLUDE_CHANGE_CIPHER_SPEC=INCLUDE_CHANGE_CIPHER_SPEC = false, INCLUDE_PADDING_EXTENSION=INCLUDE_PADDING_EXTENSION = false}",
    "ParameterCombination" : {
      "INCLUDE_HEARTBEAT_EXTENSION" : false,
      "INCLUDE_PSK_EXCHANGE_MODES_EXTENSION" : false,
      "CIPHER_SUITE" : "TLS_AES_256_GCM_SHA384",
      "INCLUDE_EXTENDED_MASTER_SECRET_EXTENSION" : false,
      "INCLUDE_PADDING_EXTENSION" : false,
      "INCLUDE_GREASE_NAMED_GROUPS" : false,
      "INCLUDE_GREASE_CIPHER_SUITES" : false,
      "INCLUDE_RENEGOTIATION_EXTENSION" : false,
      "NAMED_GROUP" : "SECP521R1",
      "TCP_FRAGMENTATION" : true,
      "INCLUDE_ENCRYPT_THEN_MAC_EXTENSION" : false,
      "INCLUDE_ALPN_EXTENSION" : false,
      "INCLUDE_GREASE_SIG_HASH_ALGORITHMS" : false,
      "INCLUDE_CHANGE_CIPHER_SPEC" : false,
      "INCLUDE_SESSION_TICKET_EXTENSION" : false,
      "RECORD_LENGTH" : 111,
      "MAX_FRAGMENT_LENGTH" : "TWO_10"
    },
    "AdditionalResultInformation" : null,
    "AdditionalTestInformation" : null,
    "SrcPort" : 15632,
    "DstPort" : 8443,
    "StartTimestamp" : "2023-12-12T11:59:24.042Z",
    "EndTimestamp" : "2023-12-12T11:59:24.605Z",
    "Stacktrace" : "java.lang.AssertionError: The workflow could not be executed as planned!\r\n\tat org.junit.Assert.fail(Assert.java:89)\r\n\tat org.junit.Assert.assertTrue(Assert.java:42)\r\n\tat de.rub.nds.tlstest.framework.Validator.executedAsPlanned(Validator.java:208)\r\n\tat de.rub.nds.tlstest.suite.tests.both.tls13.rfc8446.KeyUpdate.lambda$respondsWithValidKeyUpdate$2(KeyUpdate.java:93)\r\n\tat de.rub.nds.tlstest.framework.anvil.TlsTestCase.validateFinal(TlsTestCase.java:50)\r\n\tat de.rub.nds.tlstest.suite.tests.both.tls13.rfc8446.KeyUpdate.respondsWithValidKeyUpdate(KeyUpdate.java:91)\r\n\tat java.base/java.lang.reflect.Method.invoke(Method.java:566)\r\n\tat de.rub.nds.anvilcore.execution.PcapCapturingInvocationInterceptor.interceptTestTemplateMethod(PcapCapturingInvocationInterceptor.java:48)\r\n\tat java.base/java.util.stream.ForEachOps$ForEachOp$OfRef.accept(ForEachOps.java:183)\r\n\tat java.base/java.util.stream.ReferencePipeline$3$1.accept(ReferencePipeline.java:195)\r\n\tat java.base/java.util.stream.ReferencePipeline$2$1.accept(ReferencePipeline.java:177)\r\n\tat java.base/java.util.stream.ReferencePipeline$3$1.accept(ReferencePipeline.java:195)\r\n\tat java.base/java.util.stream.ForEachOps$ForEachOp$OfRef.accept(ForEachOps.java:183)\r\n\tat java.base/java.util.stream.ReferencePipeline$3$1.accept(ReferencePipeline.java:195)\r\n\tat java.base/java.util.Iterator.forEachRemaining(Iterator.java:133)\r\n\tat java.base/java.util.Spliterators$IteratorSpliterator.forEachRemaining(Spliterators.java:1801)\r\n\tat java.base/java.util.stream.AbstractPipeline.copyInto(AbstractPipeline.java:484)\r\n\tat java.base/java.util.stream.AbstractPipeline.wrapAndCopyInto(AbstractPipeline.java:474)\r\n\tat java.base/java.util.stream.ForEachOps$ForEachOp.evaluateSequential(ForEachOps.java:150)\r\n\tat java.base/java.util.stream.ForEachOps$ForEachOp$OfRef.evaluateSequential(ForEachOps.java:173)\r\n\tat java.base/java.util.stream.AbstractPipeline.evaluate(AbstractPipeline.java:234)\r\n\tat java.base/java.util.stream.ReferencePipeline.forEach(ReferencePipeline.java:497)\r\n\tat java.base/java.util.stream.ReferencePipeline$7$1.accept(ReferencePipeline.java:274)\r\n\tat java.base/java.util.ArrayList$ArrayListSpliterator.forEachRemaining(ArrayList.java:1655)\r\n\tat java.base/java.util.stream.AbstractPipeline.copyInto(AbstractPipeline.java:484)\r\n\tat java.base/java.util.stream.AbstractPipeline.wrapAndCopyInto(AbstractPipeline.java:474)\r\n\tat java.base/java.util.stream.ForEachOps$ForEachOp.evaluateSequential(ForEachOps.java:150)\r\n\tat java.base/java.util.stream.ForEachOps$ForEachOp$OfRef.evaluateSequential(ForEachOps.java:173)\r\n\tat java.base/java.util.stream.AbstractPipeline.evaluate(AbstractPipeline.java:234)\r\n\tat java.base/java.util.stream.ReferencePipeline.forEach(ReferencePipeline.java:497)\r\n\tat java.base/java.util.concurrent.RecursiveAction.exec(RecursiveAction.java:189)\r\n\tat java.base/java.util.concurrent.ForkJoinTask.doExec(ForkJoinTask.java:290)\r\n\tat java.base/java.util.concurrent.ForkJoinPool$WorkQueue.topLevelExec(ForkJoinPool.java:1020)\r\n\tat java.base/java.util.concurrent.ForkJoinPool.scan(ForkJoinPool.java:1656)\r\n\tat java.base/java.util.concurrent.ForkJoinPool.runWorker(ForkJoinPool.java:1594)\r\n\tat java.base/java.util.concurrent.ForkJoinWorkerThread.run(ForkJoinWorkerThread.java:183)\r\n",
    "uuid" : "4F8AD59CE529E372F0771E7CEF41B5A15E77C63694750A4E2198998FBB4CCB94"
  }, {
    "Result" : "FULLY_FAILED",
    "DisplayName" : "[3] Combination{INCLUDE_ALPN_EXTENSION=INCLUDE_ALPN_EXTENSION = true, RECORD_LENGTH=RECORD_LENGTH = 1, MAX_FRAGMENT_LENGTH=MAX_FRAGMENT_LENGTH = TWO_11, INCLUDE_HEARTBEAT_EXTENSION=INCLUDE_HEARTBEAT_EXTENSION = true, INCLUDE_EXTENDED_MASTER_SECRET_EXTENSION=INCLUDE_EXTENDED_MASTER_SECRET_EXTENSION = true, TCP_FRAGMENTATION=TCP_FRAGMENTATION = false, INCLUDE_RENEGOTIATION_EXTENSION=INCLUDE_RENEGOTIATION_EXTENSION = true, INCLUDE_GREASE_SIG_HASH_ALGORITHMS=INCLUDE_GREASE_SIG_HASH_ALGORITHMS = true, INCLUDE_ENCRYPT_THEN_MAC_EXTENSION=INCLUDE_ENCRYPT_THEN_MAC_EXTENSION = true, NAMED_GROUP=NAMED_GROUP = SECP256R1, INCLUDE_PSK_EXCHANGE_MODES_EXTENSION=INCLUDE_PSK_EXCHANGE_MODES_EXTENSION = true, INCLUDE_SESSION_TICKET_EXTENSION=INCLUDE_SESSION_TICKET_EXTENSION = true, INCLUDE_GREASE_CIPHER_SUITES=INCLUDE_GREASE_CIPHER_SUITES = true, CIPHER_SUITE=CIPHER_SUITE = TLS_CHACHA20_POLY1305_SHA256, INCLUDE_GREASE_NAMED_GROUPS=INCLUDE_GREASE_NAMED_GROUPS = true, INCLUDE_CHANGE_CIPHER_SPEC=INCLUDE_CHANGE_CIPHER_SPEC = true, INCLUDE_PADDING_EXTENSION=INCLUDE_PADDING_EXTENSION = true}",
    "ParameterCombination" : {
      "INCLUDE_HEARTBEAT_EXTENSION" : true,
      "INCLUDE_PSK_EXCHANGE_MODES_EXTENSION" : true,
      "CIPHER_SUITE" : "TLS_CHACHA20_POLY1305_SHA256",
      "INCLUDE_EXTENDED_MASTER_SECRET_EXTENSION" : true,
      "INCLUDE_PADDING_EXTENSION" : true,
      "INCLUDE_GREASE_NAMED_GROUPS" : true,
      "INCLUDE_GREASE_CIPHER_SUITES" : true,
      "INCLUDE_RENEGOTIATION_EXTENSION" : true,
      "NAMED_GROUP" : "SECP256R1",
      "TCP_FRAGMENTATION" : false,
      "INCLUDE_ENCRYPT_THEN_MAC_EXTENSION" : true,
      "INCLUDE_ALPN_EXTENSION" : true,
      "INCLUDE_GREASE_SIG_HASH_ALGORITHMS" : true,
      "INCLUDE_CHANGE_CIPHER_SPEC" : true,
      "INCLUDE_SESSION_TICKET_EXTENSION" : true,
      "RECORD_LENGTH" : 1,
      "MAX_FRAGMENT_LENGTH" : "TWO_11"
    },
    "AdditionalResultInformation" : null,
    "AdditionalTestInformation" : null,
    "SrcPort" : 15634,
    "DstPort" : 8443,
    "StartTimestamp" : "2023-12-12T11:59:24.848Z",
    "EndTimestamp" : "2023-12-12T11:59:25.276Z",
    "Stacktrace" : "java.lang.AssertionError: The workflow could not be executed as planned!\r\n\tat org.junit.Assert.fail(Assert.java:89)\r\n\tat org.junit.Assert.assertTrue(Assert.java:42)\r\n\tat de.rub.nds.tlstest.framework.Validator.executedAsPlanned(Validator.java:208)\r\n\tat de.rub.nds.tlstest.suite.tests.both.tls13.rfc8446.KeyUpdate.lambda$respondsWithValidKeyUpdate$2(KeyUpdate.java:93)\r\n\tat de.rub.nds.tlstest.framework.anvil.TlsTestCase.validateFinal(TlsTestCase.java:50)\r\n\tat de.rub.nds.tlstest.suite.tests.both.tls13.rfc8446.KeyUpdate.respondsWithValidKeyUpdate(KeyUpdate.java:91)\r\n\tat java.base/java.lang.reflect.Method.invoke(Method.java:566)\r\n\tat de.rub.nds.anvilcore.execution.PcapCapturingInvocationInterceptor.interceptTestTemplateMethod(PcapCapturingInvocationInterceptor.java:48)\r\n\tat java.base/java.util.stream.ForEachOps$ForEachOp$OfRef.accept(ForEachOps.java:183)\r\n\tat java.base/java.util.stream.ReferencePipeline$3$1.accept(ReferencePipeline.java:195)\r\n\tat java.base/java.util.stream.ReferencePipeline$2$1.accept(ReferencePipeline.java:177)\r\n\tat java.base/java.util.stream.ReferencePipeline$3$1.accept(ReferencePipeline.java:195)\r\n\tat java.base/java.util.stream.ForEachOps$ForEachOp$OfRef.accept(ForEachOps.java:183)\r\n\tat java.base/java.util.stream.ReferencePipeline$3$1.accept(ReferencePipeline.java:195)\r\n\tat java.base/java.util.Iterator.forEachRemaining(Iterator.java:133)\r\n\tat java.base/java.util.Spliterators$IteratorSpliterator.forEachRemaining(Spliterators.java:1801)\r\n\tat java.base/java.util.stream.AbstractPipeline.copyInto(AbstractPipeline.java:484)\r\n\tat java.base/java.util.stream.AbstractPipeline.wrapAndCopyInto(AbstractPipeline.java:474)\r\n\tat java.base/java.util.stream.ForEachOps$ForEachOp.evaluateSequential(ForEachOps.java:150)\r\n\tat java.base/java.util.stream.ForEachOps$ForEachOp$OfRef.evaluateSequential(ForEachOps.java:173)\r\n\tat java.base/java.util.stream.AbstractPipeline.evaluate(AbstractPipeline.java:234)\r\n\tat java.base/java.util.stream.ReferencePipeline.forEach(ReferencePipeline.java:497)\r\n\tat java.base/java.util.stream.ReferencePipeline$7$1.accept(ReferencePipeline.java:274)\r\n\tat java.base/java.util.ArrayList$ArrayListSpliterator.forEachRemaining(ArrayList.java:1655)\r\n\tat java.base/java.util.stream.AbstractPipeline.copyInto(AbstractPipeline.java:484)\r\n\tat java.base/java.util.stream.AbstractPipeline.wrapAndCopyInto(AbstractPipeline.java:474)\r\n\tat java.base/java.util.stream.ForEachOps$ForEachOp.evaluateSequential(ForEachOps.java:150)\r\n\tat java.base/java.util.stream.ForEachOps$ForEachOp$OfRef.evaluateSequential(ForEachOps.java:173)\r\n\tat java.base/java.util.stream.AbstractPipeline.evaluate(AbstractPipeline.java:234)\r\n\tat java.base/java.util.stream.ReferencePipeline.forEach(ReferencePipeline.java:497)\r\n\tat java.base/java.util.concurrent.RecursiveAction.exec(RecursiveAction.java:189)\r\n\tat java.base/java.util.concurrent.ForkJoinTask.doExec(ForkJoinTask.java:290)\r\n\tat java.base/java.util.concurrent.ForkJoinPool$WorkQueue.topLevelExec(ForkJoinPool.java:1020)\r\n\tat java.base/java.util.concurrent.ForkJoinPool.scan(ForkJoinPool.java:1656)\r\n\tat java.base/java.util.concurrent.ForkJoinPool.runWorker(ForkJoinPool.java:1594)\r\n\tat java.base/java.util.concurrent.ForkJoinWorkerThread.run(ForkJoinWorkerThread.java:183)\r\n",
    "uuid" : "D94AE55FD51463BD977E38151E076BA795D8A8A7A3B629B768E0977A1F48634A"
  }, {
    "Result" : "FULLY_FAILED",
    "DisplayName" : "[4] Combination{INCLUDE_ALPN_EXTENSION=INCLUDE_ALPN_EXTENSION = true, RECORD_LENGTH=RECORD_LENGTH = 16384, MAX_FRAGMENT_LENGTH=MAX_FRAGMENT_LENGTH = TWO_12, INCLUDE_HEARTBEAT_EXTENSION=INCLUDE_HEARTBEAT_EXTENSION = true, INCLUDE_EXTENDED_MASTER_SECRET_EXTENSION=INCLUDE_EXTENDED_MASTER_SECRET_EXTENSION = true, TCP_FRAGMENTATION=TCP_FRAGMENTATION = false, INCLUDE_RENEGOTIATION_EXTENSION=INCLUDE_RENEGOTIATION_EXTENSION = true, INCLUDE_GREASE_SIG_HASH_ALGORITHMS=INCLUDE_GREASE_SIG_HASH_ALGORITHMS = true, INCLUDE_ENCRYPT_THEN_MAC_EXTENSION=INCLUDE_ENCRYPT_THEN_MAC_EXTENSION = true, NAMED_GROUP=NAMED_GROUP = SECP384R1, INCLUDE_PSK_EXCHANGE_MODES_EXTENSION=INCLUDE_PSK_EXCHANGE_MODES_EXTENSION = true, INCLUDE_SESSION_TICKET_EXTENSION=INCLUDE_SESSION_TICKET_EXTENSION = true, INCLUDE_GREASE_CIPHER_SUITES=INCLUDE_GREASE_CIPHER_SUITES = true, CIPHER_SUITE=CIPHER_SUITE = TLS_AES_128_GCM_SHA256, INCLUDE_GREASE_NAMED_GROUPS=INCLUDE_GREASE_NAMED_GROUPS = true, INCLUDE_CHANGE_CIPHER_SPEC=INCLUDE_CHANGE_CIPHER_SPEC = true, INCLUDE_PADDING_EXTENSION=INCLUDE_PADDING_EXTENSION = true}",
    "ParameterCombination" : {
      "INCLUDE_HEARTBEAT_EXTENSION" : true,
      "INCLUDE_PSK_EXCHANGE_MODES_EXTENSION" : true,
      "CIPHER_SUITE" : "TLS_AES_128_GCM_SHA256",
      "INCLUDE_EXTENDED_MASTER_SECRET_EXTENSION" : true,
      "INCLUDE_PADDING_EXTENSION" : true,
      "INCLUDE_GREASE_NAMED_GROUPS" : true,
      "INCLUDE_GREASE_CIPHER_SUITES" : true,
      "INCLUDE_RENEGOTIATION_EXTENSION" : true,
      "NAMED_GROUP" : "SECP384R1",
      "TCP_FRAGMENTATION" : false,
      "INCLUDE_ENCRYPT_THEN_MAC_EXTENSION" : true,
      "INCLUDE_ALPN_EXTENSION" : true,
      "INCLUDE_GREASE_SIG_HASH_ALGORITHMS" : true,
      "INCLUDE_CHANGE_CIPHER_SPEC" : true,
      "INCLUDE_SESSION_TICKET_EXTENSION" : true,
      "RECORD_LENGTH" : 16384,
      "MAX_FRAGMENT_LENGTH" : "TWO_12"
    },
    "AdditionalResultInformation" : null,
    "AdditionalTestInformation" : null,
    "SrcPort" : 15636,
    "DstPort" : 8443,
    "StartTimestamp" : "2023-12-12T11:59:25.542Z",
    "EndTimestamp" : "2023-12-12T11:59:25.964Z",
    "Stacktrace" : "java.lang.AssertionError: The workflow could not be executed as planned!\r\n\tat org.junit.Assert.fail(Assert.java:89)\r\n\tat org.junit.Assert.assertTrue(Assert.java:42)\r\n\tat de.rub.nds.tlstest.framework.Validator.executedAsPlanned(Validator.java:208)\r\n\tat de.rub.nds.tlstest.suite.tests.both.tls13.rfc8446.KeyUpdate.lambda$respondsWithValidKeyUpdate$2(KeyUpdate.java:93)\r\n\tat de.rub.nds.tlstest.framework.anvil.TlsTestCase.validateFinal(TlsTestCase.java:50)\r\n\tat de.rub.nds.tlstest.suite.tests.both.tls13.rfc8446.KeyUpdate.respondsWithValidKeyUpdate(KeyUpdate.java:91)\r\n\tat java.base/java.lang.reflect.Method.invoke(Method.java:566)\r\n\tat de.rub.nds.anvilcore.execution.PcapCapturingInvocationInterceptor.interceptTestTemplateMethod(PcapCapturingInvocationInterceptor.java:48)\r\n\tat java.base/java.util.stream.ForEachOps$ForEachOp$OfRef.accept(ForEachOps.java:183)\r\n\tat java.base/java.util.stream.ReferencePipeline$3$1.accept(ReferencePipeline.java:195)\r\n\tat java.base/java.util.stream.ReferencePipeline$2$1.accept(ReferencePipeline.java:177)\r\n\tat java.base/java.util.stream.ReferencePipeline$3$1.accept(ReferencePipeline.java:195)\r\n\tat java.base/java.util.stream.ForEachOps$ForEachOp$OfRef.accept(ForEachOps.java:183)\r\n\tat java.base/java.util.stream.ReferencePipeline$3$1.accept(ReferencePipeline.java:195)\r\n\tat java.base/java.util.Iterator.forEachRemaining(Iterator.java:133)\r\n\tat java.base/java.util.Spliterators$IteratorSpliterator.forEachRemaining(Spliterators.java:1801)\r\n\tat java.base/java.util.stream.AbstractPipeline.copyInto(AbstractPipeline.java:484)\r\n\tat java.base/java.util.stream.AbstractPipeline.wrapAndCopyInto(AbstractPipeline.java:474)\r\n\tat java.base/java.util.stream.ForEachOps$ForEachOp.evaluateSequential(ForEachOps.java:150)\r\n\tat java.base/java.util.stream.ForEachOps$ForEachOp$OfRef.evaluateSequential(ForEachOps.java:173)\r\n\tat java.base/java.util.stream.AbstractPipeline.evaluate(AbstractPipeline.java:234)\r\n\tat java.base/java.util.stream.ReferencePipeline.forEach(ReferencePipeline.java:497)\r\n\tat java.base/java.util.stream.ReferencePipeline$7$1.accept(ReferencePipeline.java:274)\r\n\tat java.base/java.util.ArrayList$ArrayListSpliterator.forEachRemaining(ArrayList.java:1655)\r\n\tat java.base/java.util.stream.AbstractPipeline.copyInto(AbstractPipeline.java:484)\r\n\tat java.base/java.util.stream.AbstractPipeline.wrapAndCopyInto(AbstractPipeline.java:474)\r\n\tat java.base/java.util.stream.ForEachOps$ForEachOp.evaluateSequential(ForEachOps.java:150)\r\n\tat java.base/java.util.stream.ForEachOps$ForEachOp$OfRef.evaluateSequential(ForEachOps.java:173)\r\n\tat java.base/java.util.stream.AbstractPipeline.evaluate(AbstractPipeline.java:234)\r\n\tat java.base/java.util.stream.ReferencePipeline.forEach(ReferencePipeline.java:497)\r\n\tat java.base/java.util.concurrent.RecursiveAction.exec(RecursiveAction.java:189)\r\n\tat java.base/java.util.concurrent.ForkJoinTask.doExec(ForkJoinTask.java:290)\r\n\tat java.base/java.util.concurrent.ForkJoinPool$WorkQueue.topLevelExec(ForkJoinPool.java:1020)\r\n\tat java.base/java.util.concurrent.ForkJoinPool.scan(ForkJoinPool.java:1656)\r\n\tat java.base/java.util.concurrent.ForkJoinPool.runWorker(ForkJoinPool.java:1594)\r\n\tat java.base/java.util.concurrent.ForkJoinWorkerThread.run(ForkJoinWorkerThread.java:183)\r\n",
    "uuid" : "9C03429D155D6487D2848CB1EBC1F249BC784F109E2B550C489F198A7C29445C"
  }, {
    "Result" : "FULLY_FAILED",
    "DisplayName" : "[5] Combination{INCLUDE_ALPN_EXTENSION=INCLUDE_ALPN_EXTENSION = true, RECORD_LENGTH=RECORD_LENGTH = 50, MAX_FRAGMENT_LENGTH=MAX_FRAGMENT_LENGTH = null, INCLUDE_HEARTBEAT_EXTENSION=INCLUDE_HEARTBEAT_EXTENSION = true, INCLUDE_EXTENDED_MASTER_SECRET_EXTENSION=INCLUDE_EXTENDED_MASTER_SECRET_EXTENSION = true, TCP_FRAGMENTATION=TCP_FRAGMENTATION = false, INCLUDE_RENEGOTIATION_EXTENSION=INCLUDE_RENEGOTIATION_EXTENSION = true, INCLUDE_GREASE_SIG_HASH_ALGORITHMS=INCLUDE_GREASE_SIG_HASH_ALGORITHMS = true, INCLUDE_ENCRYPT_THEN_MAC_EXTENSION=INCLUDE_ENCRYPT_THEN_MAC_EXTENSION = true, NAMED_GROUP=NAMED_GROUP = ECDH_X448, INCLUDE_PSK_EXCHANGE_MODES_EXTENSION=INCLUDE_PSK_EXCHANGE_MODES_EXTENSION = true, INCLUDE_SESSION_TICKET_EXTENSION=INCLUDE_SESSION_TICKET_EXTENSION = true, INCLUDE_GREASE_CIPHER_SUITES=INCLUDE_GREASE_CIPHER_SUITES = true, CIPHER_SUITE=CIPHER_SUITE = TLS_AES_128_GCM_SHA256, INCLUDE_GREASE_NAMED_GROUPS=INCLUDE_GREASE_NAMED_GROUPS = true, INCLUDE_CHANGE_CIPHER_SPEC=INCLUDE_CHANGE_CIPHER_SPEC = true, INCLUDE_PADDING_EXTENSION=INCLUDE_PADDING_EXTENSION = true}",
    "ParameterCombination" : {
      "INCLUDE_HEARTBEAT_EXTENSION" : true,
      "INCLUDE_PSK_EXCHANGE_MODES_EXTENSION" : true,
      "CIPHER_SUITE" : "TLS_AES_128_GCM_SHA256",
      "INCLUDE_EXTENDED_MASTER_SECRET_EXTENSION" : true,
      "INCLUDE_PADDING_EXTENSION" : true,
      "INCLUDE_GREASE_NAMED_GROUPS" : true,
      "INCLUDE_GREASE_CIPHER_SUITES" : true,
      "INCLUDE_RENEGOTIATION_EXTENSION" : true,
      "NAMED_GROUP" : "ECDH_X448",
      "TCP_FRAGMENTATION" : false,
      "INCLUDE_ENCRYPT_THEN_MAC_EXTENSION" : true,
      "INCLUDE_ALPN_EXTENSION" : true,
      "INCLUDE_GREASE_SIG_HASH_ALGORITHMS" : true,
      "INCLUDE_CHANGE_CIPHER_SPEC" : true,
      "INCLUDE_SESSION_TICKET_EXTENSION" : true,
      "RECORD_LENGTH" : 50,
      "MAX_FRAGMENT_LENGTH" : null
    },
    "AdditionalResultInformation" : null,
    "AdditionalTestInformation" : null,
    "SrcPort" : 15638,
    "DstPort" : 8443,
    "StartTimestamp" : "2023-12-12T11:59:26.209Z",
    "EndTimestamp" : "2023-12-12T11:59:26.664Z",
    "Stacktrace" : "java.lang.AssertionError: The workflow could not be executed as planned!\r\n\tat org.junit.Assert.fail(Assert.java:89)\r\n\tat org.junit.Assert.assertTrue(Assert.java:42)\r\n\tat de.rub.nds.tlstest.framework.Validator.executedAsPlanned(Validator.java:208)\r\n\tat de.rub.nds.tlstest.suite.tests.both.tls13.rfc8446.KeyUpdate.lambda$respondsWithValidKeyUpdate$2(KeyUpdate.java:93)\r\n\tat de.rub.nds.tlstest.framework.anvil.TlsTestCase.validateFinal(TlsTestCase.java:50)\r\n\tat de.rub.nds.tlstest.suite.tests.both.tls13.rfc8446.KeyUpdate.respondsWithValidKeyUpdate(KeyUpdate.java:91)\r\n\tat java.base/java.lang.reflect.Method.invoke(Method.java:566)\r\n\tat de.rub.nds.anvilcore.execution.PcapCapturingInvocationInterceptor.interceptTestTemplateMethod(PcapCapturingInvocationInterceptor.java:48)\r\n\tat java.base/java.util.stream.ForEachOps$ForEachOp$OfRef.accept(ForEachOps.java:183)\r\n\tat java.base/java.util.stream.ReferencePipeline$3$1.accept(ReferencePipeline.java:195)\r\n\tat java.base/java.util.stream.ReferencePipeline$2$1.accept(ReferencePipeline.java:177)\r\n\tat java.base/java.util.stream.ReferencePipeline$3$1.accept(ReferencePipeline.java:195)\r\n\tat java.base/java.util.stream.ForEachOps$ForEachOp$OfRef.accept(ForEachOps.java:183)\r\n\tat java.base/java.util.stream.ReferencePipeline$3$1.accept(ReferencePipeline.java:195)\r\n\tat java.base/java.util.Iterator.forEachRemaining(Iterator.java:133)\r\n\tat java.base/java.util.Spliterators$IteratorSpliterator.forEachRemaining(Spliterators.java:1801)\r\n\tat java.base/java.util.stream.AbstractPipeline.copyInto(AbstractPipeline.java:484)\r\n\tat java.base/java.util.stream.AbstractPipeline.wrapAndCopyInto(AbstractPipeline.java:474)\r\n\tat java.base/java.util.stream.ForEachOps$ForEachOp.evaluateSequential(ForEachOps.java:150)\r\n\tat java.base/java.util.stream.ForEachOps$ForEachOp$OfRef.evaluateSequential(ForEachOps.java:173)\r\n\tat java.base/java.util.stream.AbstractPipeline.evaluate(AbstractPipeline.java:234)\r\n\tat java.base/java.util.stream.ReferencePipeline.forEach(ReferencePipeline.java:497)\r\n\tat java.base/java.util.stream.ReferencePipeline$7$1.accept(ReferencePipeline.java:274)\r\n\tat java.base/java.util.ArrayList$ArrayListSpliterator.forEachRemaining(ArrayList.java:1655)\r\n\tat java.base/java.util.stream.AbstractPipeline.copyInto(AbstractPipeline.java:484)\r\n\tat java.base/java.util.stream.AbstractPipeline.wrapAndCopyInto(AbstractPipeline.java:474)\r\n\tat java.base/java.util.stream.ForEachOps$ForEachOp.evaluateSequential(ForEachOps.java:150)\r\n\tat java.base/java.util.stream.ForEachOps$ForEachOp$OfRef.evaluateSequential(ForEachOps.java:173)\r\n\tat java.base/java.util.stream.AbstractPipeline.evaluate(AbstractPipeline.java:234)\r\n\tat java.base/java.util.stream.ReferencePipeline.forEach(ReferencePipeline.java:497)\r\n\tat java.base/java.util.concurrent.RecursiveAction.exec(RecursiveAction.java:189)\r\n\tat java.base/java.util.concurrent.ForkJoinTask.doExec(ForkJoinTask.java:290)\r\n\tat java.base/java.util.concurrent.ForkJoinPool$WorkQueue.topLevelExec(ForkJoinPool.java:1020)\r\n\tat java.base/java.util.concurrent.ForkJoinPool.scan(ForkJoinPool.java:1656)\r\n\tat java.base/java.util.concurrent.ForkJoinPool.runWorker(ForkJoinPool.java:1594)\r\n\tat java.base/java.util.concurrent.ForkJoinWorkerThread.run(ForkJoinWorkerThread.java:183)\r\n",
    "uuid" : "0E438C0AA3FBDD08F8B4654CC7BB406AE622D65DB3000BFA32B50AEEA8A06FBA"
  }, {
    "Result" : "FULLY_FAILED",
    "DisplayName" : "[6] Combination{INCLUDE_ALPN_EXTENSION=INCLUDE_ALPN_EXTENSION = false, RECORD_LENGTH=RECORD_LENGTH = 111, MAX_FRAGMENT_LENGTH=MAX_FRAGMENT_LENGTH = TWO_9, INCLUDE_HEARTBEAT_EXTENSION=INCLUDE_HEARTBEAT_EXTENSION = false, INCLUDE_EXTENDED_MASTER_SECRET_EXTENSION=INCLUDE_EXTENDED_MASTER_SECRET_EXTENSION = false, TCP_FRAGMENTATION=TCP_FRAGMENTATION = true, INCLUDE_RENEGOTIATION_EXTENSION=INCLUDE_RENEGOTIATION_EXTENSION = false, INCLUDE_GREASE_SIG_HASH_ALGORITHMS=INCLUDE_GREASE_SIG_HASH_ALGORITHMS = false, INCLUDE_ENCRYPT_THEN_MAC_EXTENSION=INCLUDE_ENCRYPT_THEN_MAC_EXTENSION = false, NAMED_GROUP=NAMED_GROUP = ECDH_X25519, INCLUDE_PSK_EXCHANGE_MODES_EXTENSION=INCLUDE_PSK_EXCHANGE_MODES_EXTENSION = false, INCLUDE_SESSION_TICKET_EXTENSION=INCLUDE_SESSION_TICKET_EXTENSION = false, INCLUDE_GREASE_CIPHER_SUITES=INCLUDE_GREASE_CIPHER_SUITES = true, CIPHER_SUITE=CIPHER_SUITE = TLS_AES_256_GCM_SHA384, INCLUDE_GREASE_NAMED_GROUPS=INCLUDE_GREASE_NAMED_GROUPS = false, INCLUDE_CHANGE_CIPHER_SPEC=INCLUDE_CHANGE_CIPHER_SPEC = false, INCLUDE_PADDING_EXTENSION=INCLUDE_PADDING_EXTENSION = false}",
    "ParameterCombination" : {
      "INCLUDE_HEARTBEAT_EXTENSION" : false,
      "INCLUDE_PSK_EXCHANGE_MODES_EXTENSION" : false,
      "CIPHER_SUITE" : "TLS_AES_256_GCM_SHA384",
      "INCLUDE_EXTENDED_MASTER_SECRET_EXTENSION" : false,
      "INCLUDE_PADDING_EXTENSION" : false,
      "INCLUDE_GREASE_NAMED_GROUPS" : false,
      "INCLUDE_GREASE_CIPHER_SUITES" : true,
      "INCLUDE_RENEGOTIATION_EXTENSION" : false,
      "NAMED_GROUP" : "ECDH_X25519",
      "TCP_FRAGMENTATION" : true,
      "INCLUDE_ENCRYPT_THEN_MAC_EXTENSION" : false,
      "INCLUDE_ALPN_EXTENSION" : false,
      "INCLUDE_GREASE_SIG_HASH_ALGORITHMS" : false,
      "INCLUDE_CHANGE_CIPHER_SPEC" : false,
      "INCLUDE_SESSION_TICKET_EXTENSION" : false,
      "RECORD_LENGTH" : 111,
      "MAX_FRAGMENT_LENGTH" : "TWO_9"
    },
    "AdditionalResultInformation" : null,
    "AdditionalTestInformation" : null,
    "SrcPort" : 15641,
    "DstPort" : 8443,
    "StartTimestamp" : "2023-12-12T11:59:26.949Z",
    "EndTimestamp" : "2023-12-12T11:59:27.523Z",
    "Stacktrace" : "java.lang.AssertionError: The workflow could not be executed as planned!\r\n\tat org.junit.Assert.fail(Assert.java:89)\r\n\tat org.junit.Assert.assertTrue(Assert.java:42)\r\n\tat de.rub.nds.tlstest.framework.Validator.executedAsPlanned(Validator.java:208)\r\n\tat de.rub.nds.tlstest.suite.tests.both.tls13.rfc8446.KeyUpdate.lambda$respondsWithValidKeyUpdate$2(KeyUpdate.java:93)\r\n\tat de.rub.nds.tlstest.framework.anvil.TlsTestCase.validateFinal(TlsTestCase.java:50)\r\n\tat de.rub.nds.tlstest.suite.tests.both.tls13.rfc8446.KeyUpdate.respondsWithValidKeyUpdate(KeyUpdate.java:91)\r\n\tat java.base/java.lang.reflect.Method.invoke(Method.java:566)\r\n\tat de.rub.nds.anvilcore.execution.PcapCapturingInvocationInterceptor.interceptTestTemplateMethod(PcapCapturingInvocationInterceptor.java:48)\r\n\tat java.base/java.util.stream.ForEachOps$ForEachOp$OfRef.accept(ForEachOps.java:183)\r\n\tat java.base/java.util.stream.ReferencePipeline$3$1.accept(ReferencePipeline.java:195)\r\n\tat java.base/java.util.stream.ReferencePipeline$2$1.accept(ReferencePipeline.java:177)\r\n\tat java.base/java.util.stream.ReferencePipeline$3$1.accept(ReferencePipeline.java:195)\r\n\tat java.base/java.util.stream.ForEachOps$ForEachOp$OfRef.accept(ForEachOps.java:183)\r\n\tat java.base/java.util.stream.ReferencePipeline$3$1.accept(ReferencePipeline.java:195)\r\n\tat java.base/java.util.Iterator.forEachRemaining(Iterator.java:133)\r\n\tat java.base/java.util.Spliterators$IteratorSpliterator.forEachRemaining(Spliterators.java:1801)\r\n\tat java.base/java.util.stream.AbstractPipeline.copyInto(AbstractPipeline.java:484)\r\n\tat java.base/java.util.stream.AbstractPipeline.wrapAndCopyInto(AbstractPipeline.java:474)\r\n\tat java.base/java.util.stream.ForEachOps$ForEachOp.evaluateSequential(ForEachOps.java:150)\r\n\tat java.base/java.util.stream.ForEachOps$ForEachOp$OfRef.evaluateSequential(ForEachOps.java:173)\r\n\tat java.base/java.util.stream.AbstractPipeline.evaluate(AbstractPipeline.java:234)\r\n\tat java.base/java.util.stream.ReferencePipeline.forEach(ReferencePipeline.java:497)\r\n\tat java.base/java.util.stream.ReferencePipeline$7$1.accept(ReferencePipeline.java:274)\r\n\tat java.base/java.util.ArrayList$ArrayListSpliterator.forEachRemaining(ArrayList.java:1655)\r\n\tat java.base/java.util.stream.AbstractPipeline.copyInto(AbstractPipeline.java:484)\r\n\tat java.base/java.util.stream.AbstractPipeline.wrapAndCopyInto(AbstractPipeline.java:474)\r\n\tat java.base/java.util.stream.ForEachOps$ForEachOp.evaluateSequential(ForEachOps.java:150)\r\n\tat java.base/java.util.stream.ForEachOps$ForEachOp$OfRef.evaluateSequential(ForEachOps.java:173)\r\n\tat java.base/java.util.stream.AbstractPipeline.evaluate(AbstractPipeline.java:234)\r\n\tat java.base/java.util.stream.ReferencePipeline.forEach(ReferencePipeline.java:497)\r\n\tat java.base/java.util.concurrent.RecursiveAction.exec(RecursiveAction.java:189)\r\n\tat java.base/java.util.concurrent.ForkJoinTask.doExec(ForkJoinTask.java:290)\r\n\tat java.base/java.util.concurrent.ForkJoinPool$WorkQueue.topLevelExec(ForkJoinPool.java:1020)\r\n\tat java.base/java.util.concurrent.ForkJoinPool.scan(ForkJoinPool.java:1656)\r\n\tat java.base/java.util.concurrent.ForkJoinPool.runWorker(ForkJoinPool.java:1594)\r\n\tat java.base/java.util.concurrent.ForkJoinWorkerThread.run(ForkJoinWorkerThread.java:183)\r\n",
    "uuid" : "1FD33A4C5A01AF4B591F1B79E0CAD020512F937D311CDBA59A9A79B6B1D1BC4F"
  }, {
    "Result" : "FULLY_FAILED",
    "DisplayName" : "[7] Combination{INCLUDE_ALPN_EXTENSION=INCLUDE_ALPN_EXTENSION = false, RECORD_LENGTH=RECORD_LENGTH = 111, MAX_FRAGMENT_LENGTH=MAX_FRAGMENT_LENGTH = TWO_9, INCLUDE_HEARTBEAT_EXTENSION=INCLUDE_HEARTBEAT_EXTENSION = false, INCLUDE_EXTENDED_MASTER_SECRET_EXTENSION=INCLUDE_EXTENDED_MASTER_SECRET_EXTENSION = false, TCP_FRAGMENTATION=TCP_FRAGMENTATION = true, INCLUDE_RENEGOTIATION_EXTENSION=INCLUDE_RENEGOTIATION_EXTENSION = false, INCLUDE_GREASE_SIG_HASH_ALGORITHMS=INCLUDE_GREASE_SIG_HASH_ALGORITHMS = false, INCLUDE_ENCRYPT_THEN_MAC_EXTENSION=INCLUDE_ENCRYPT_THEN_MAC_EXTENSION = false, NAMED_GROUP=NAMED_GROUP = SECP521R1, INCLUDE_PSK_EXCHANGE_MODES_EXTENSION=INCLUDE_PSK_EXCHANGE_MODES_EXTENSION = false, INCLUDE_SESSION_TICKET_EXTENSION=INCLUDE_SESSION_TICKET_EXTENSION = false, INCLUDE_GREASE_CIPHER_SUITES=INCLUDE_GREASE_CIPHER_SUITES = false, CIPHER_SUITE=CIPHER_SUITE = TLS_AES_256_GCM_SHA384, INCLUDE_GREASE_NAMED_GROUPS=INCLUDE_GREASE_NAMED_GROUPS = false, INCLUDE_CHANGE_CIPHER_SPEC=INCLUDE_CHANGE_CIPHER_SPEC = false, INCLUDE_PADDING_EXTENSION=INCLUDE_PADDING_EXTENSION = true}",
    "ParameterCombination" : {
      "INCLUDE_HEARTBEAT_EXTENSION" : false,
      "INCLUDE_PSK_EXCHANGE_MODES_EXTENSION" : false,
      "CIPHER_SUITE" : "TLS_AES_256_GCM_SHA384",
      "INCLUDE_EXTENDED_MASTER_SECRET_EXTENSION" : false,
      "INCLUDE_PADDING_EXTENSION" : true,
      "INCLUDE_GREASE_NAMED_GROUPS" : false,
      "INCLUDE_GREASE_CIPHER_SUITES" : false,
      "INCLUDE_RENEGOTIATION_EXTENSION" : false,
      "NAMED_GROUP" : "SECP521R1",
      "TCP_FRAGMENTATION" : true,
      "INCLUDE_ENCRYPT_THEN_MAC_EXTENSION" : false,
      "INCLUDE_ALPN_EXTENSION" : false,
      "INCLUDE_GREASE_SIG_HASH_ALGORITHMS" : false,
      "INCLUDE_CHANGE_CIPHER_SPEC" : false,
      "INCLUDE_SESSION_TICKET_EXTENSION" : false,
      "RECORD_LENGTH" : 111,
      "MAX_FRAGMENT_LENGTH" : "TWO_9"
    },
    "AdditionalResultInformation" : null,
    "AdditionalTestInformation" : null,
    "SrcPort" : 15643,
    "DstPort" : 8443,
    "StartTimestamp" : "2023-12-12T11:59:27.775Z",
    "EndTimestamp" : "2023-12-12T11:59:28.346Z",
    "Stacktrace" : "java.lang.AssertionError: The workflow could not be executed as planned!\r\n\tat org.junit.Assert.fail(Assert.java:89)\r\n\tat org.junit.Assert.assertTrue(Assert.java:42)\r\n\tat de.rub.nds.tlstest.framework.Validator.executedAsPlanned(Validator.java:208)\r\n\tat de.rub.nds.tlstest.suite.tests.both.tls13.rfc8446.KeyUpdate.lambda$respondsWithValidKeyUpdate$2(KeyUpdate.java:93)\r\n\tat de.rub.nds.tlstest.framework.anvil.TlsTestCase.validateFinal(TlsTestCase.java:50)\r\n\tat de.rub.nds.tlstest.suite.tests.both.tls13.rfc8446.KeyUpdate.respondsWithValidKeyUpdate(KeyUpdate.java:91)\r\n\tat java.base/java.lang.reflect.Method.invoke(Method.java:566)\r\n\tat de.rub.nds.anvilcore.execution.PcapCapturingInvocationInterceptor.interceptTestTemplateMethod(PcapCapturingInvocationInterceptor.java:48)\r\n\tat java.base/java.util.stream.ForEachOps$ForEachOp$OfRef.accept(ForEachOps.java:183)\r\n\tat java.base/java.util.stream.ReferencePipeline$3$1.accept(ReferencePipeline.java:195)\r\n\tat java.base/java.util.stream.ReferencePipeline$2$1.accept(ReferencePipeline.java:177)\r\n\tat java.base/java.util.stream.ReferencePipeline$3$1.accept(ReferencePipeline.java:195)\r\n\tat java.base/java.util.stream.ForEachOps$ForEachOp$OfRef.accept(ForEachOps.java:183)\r\n\tat java.base/java.util.stream.ReferencePipeline$3$1.accept(ReferencePipeline.java:195)\r\n\tat java.base/java.util.Iterator.forEachRemaining(Iterator.java:133)\r\n\tat java.base/java.util.Spliterators$IteratorSpliterator.forEachRemaining(Spliterators.java:1801)\r\n\tat java.base/java.util.stream.AbstractPipeline.copyInto(AbstractPipeline.java:484)\r\n\tat java.base/java.util.stream.AbstractPipeline.wrapAndCopyInto(AbstractPipeline.java:474)\r\n\tat java.base/java.util.stream.ForEachOps$ForEachOp.evaluateSequential(ForEachOps.java:150)\r\n\tat java.base/java.util.stream.ForEachOps$ForEachOp$OfRef.evaluateSequential(ForEachOps.java:173)\r\n\tat java.base/java.util.stream.AbstractPipeline.evaluate(AbstractPipeline.java:234)\r\n\tat java.base/java.util.stream.ReferencePipeline.forEach(ReferencePipeline.java:497)\r\n\tat java.base/java.util.stream.ReferencePipeline$7$1.accept(ReferencePipeline.java:274)\r\n\tat java.base/java.util.ArrayList$ArrayListSpliterator.forEachRemaining(ArrayList.java:1655)\r\n\tat java.base/java.util.stream.AbstractPipeline.copyInto(AbstractPipeline.java:484)\r\n\tat java.base/java.util.stream.AbstractPipeline.wrapAndCopyInto(AbstractPipeline.java:474)\r\n\tat java.base/java.util.stream.ForEachOps$ForEachOp.evaluateSequential(ForEachOps.java:150)\r\n\tat java.base/java.util.stream.ForEachOps$ForEachOp$OfRef.evaluateSequential(ForEachOps.java:173)\r\n\tat java.base/java.util.stream.AbstractPipeline.evaluate(AbstractPipeline.java:234)\r\n\tat java.base/java.util.stream.ReferencePipeline.forEach(ReferencePipeline.java:497)\r\n\tat java.base/java.util.concurrent.RecursiveAction.exec(RecursiveAction.java:189)\r\n\tat java.base/java.util.concurrent.ForkJoinTask.doExec(ForkJoinTask.java:290)\r\n\tat java.base/java.util.concurrent.ForkJoinPool$WorkQueue.topLevelExec(ForkJoinPool.java:1020)\r\n\tat java.base/java.util.concurrent.ForkJoinPool.scan(ForkJoinPool.java:1656)\r\n\tat java.base/java.util.concurrent.ForkJoinPool.runWorker(ForkJoinPool.java:1594)\r\n\tat java.base/java.util.concurrent.ForkJoinWorkerThread.run(ForkJoinWorkerThread.java:183)\r\n",
    "uuid" : "E200246E88FF37D278E4FE1A246A6C7041EA426AED0F46C7C33685CE05C3E508"
  }, {
    "Result" : "FULLY_FAILED",
    "DisplayName" : "[8] Combination{INCLUDE_ALPN_EXTENSION=INCLUDE_ALPN_EXTENSION = false, RECORD_LENGTH=RECORD_LENGTH = 111, MAX_FRAGMENT_LENGTH=MAX_FRAGMENT_LENGTH = TWO_10, INCLUDE_HEARTBEAT_EXTENSION=INCLUDE_HEARTBEAT_EXTENSION = false, INCLUDE_EXTENDED_MASTER_SECRET_EXTENSION=INCLUDE_EXTENDED_MASTER_SECRET_EXTENSION = false, TCP_FRAGMENTATION=TCP_FRAGMENTATION = true, INCLUDE_RENEGOTIATION_EXTENSION=INCLUDE_RENEGOTIATION_EXTENSION = false, INCLUDE_GREASE_SIG_HASH_ALGORITHMS=INCLUDE_GREASE_SIG_HASH_ALGORITHMS = false, INCLUDE_ENCRYPT_THEN_MAC_EXTENSION=INCLUDE_ENCRYPT_THEN_MAC_EXTENSION = false, NAMED_GROUP=NAMED_GROUP = ECDH_X25519, INCLUDE_PSK_EXCHANGE_MODES_EXTENSION=INCLUDE_PSK_EXCHANGE_MODES_EXTENSION = false, INCLUDE_SESSION_TICKET_EXTENSION=INCLUDE_SESSION_TICKET_EXTENSION = false, INCLUDE_GREASE_CIPHER_SUITES=INCLUDE_GREASE_CIPHER_SUITES = false, CIPHER_SUITE=CIPHER_SUITE = TLS_CHACHA20_POLY1305_SHA256, INCLUDE_GREASE_NAMED_GROUPS=INCLUDE_GREASE_NAMED_GROUPS = false, INCLUDE_CHANGE_CIPHER_SPEC=INCLUDE_CHANGE_CIPHER_SPEC = false, INCLUDE_PADDING_EXTENSION=INCLUDE_PADDING_EXTENSION = false}",
    "ParameterCombination" : {
      "INCLUDE_HEARTBEAT_EXTENSION" : false,
      "INCLUDE_PSK_EXCHANGE_MODES_EXTENSION" : false,
      "CIPHER_SUITE" : "TLS_CHACHA20_POLY1305_SHA256",
      "INCLUDE_EXTENDED_MASTER_SECRET_EXTENSION" : false,
      "INCLUDE_PADDING_EXTENSION" : false,
      "INCLUDE_GREASE_NAMED_GROUPS" : false,
      "INCLUDE_GREASE_CIPHER_SUITES" : false,
      "INCLUDE_RENEGOTIATION_EXTENSION" : false,
      "NAMED_GROUP" : "ECDH_X25519",
      "TCP_FRAGMENTATION" : true,
      "INCLUDE_ENCRYPT_THEN_MAC_EXTENSION" : false,
      "INCLUDE_ALPN_EXTENSION" : false,
      "INCLUDE_GREASE_SIG_HASH_ALGORITHMS" : false,
      "INCLUDE_CHANGE_CIPHER_SPEC" : false,
      "INCLUDE_SESSION_TICKET_EXTENSION" : false,
      "RECORD_LENGTH" : 111,
      "MAX_FRAGMENT_LENGTH" : "TWO_10"
    },
    "AdditionalResultInformation" : null,
    "AdditionalTestInformation" : null,
    "SrcPort" : 15645,
    "DstPort" : 8443,
    "StartTimestamp" : "2023-12-12T11:59:28.594Z",
    "EndTimestamp" : "2023-12-12T11:59:29.175Z",
    "Stacktrace" : "java.lang.AssertionError: The workflow could not be executed as planned!\r\n\tat org.junit.Assert.fail(Assert.java:89)\r\n\tat org.junit.Assert.assertTrue(Assert.java:42)\r\n\tat de.rub.nds.tlstest.framework.Validator.executedAsPlanned(Validator.java:208)\r\n\tat de.rub.nds.tlstest.suite.tests.both.tls13.rfc8446.KeyUpdate.lambda$respondsWithValidKeyUpdate$2(KeyUpdate.java:93)\r\n\tat de.rub.nds.tlstest.framework.anvil.TlsTestCase.validateFinal(TlsTestCase.java:50)\r\n\tat de.rub.nds.tlstest.suite.tests.both.tls13.rfc8446.KeyUpdate.respondsWithValidKeyUpdate(KeyUpdate.java:91)\r\n\tat java.base/java.lang.reflect.Method.invoke(Method.java:566)\r\n\tat de.rub.nds.anvilcore.execution.PcapCapturingInvocationInterceptor.interceptTestTemplateMethod(PcapCapturingInvocationInterceptor.java:48)\r\n\tat java.base/java.util.stream.ForEachOps$ForEachOp$OfRef.accept(ForEachOps.java:183)\r\n\tat java.base/java.util.stream.ReferencePipeline$3$1.accept(ReferencePipeline.java:195)\r\n\tat java.base/java.util.stream.ReferencePipeline$2$1.accept(ReferencePipeline.java:177)\r\n\tat java.base/java.util.stream.ReferencePipeline$3$1.accept(ReferencePipeline.java:195)\r\n\tat java.base/java.util.stream.ForEachOps$ForEachOp$OfRef.accept(ForEachOps.java:183)\r\n\tat java.base/java.util.stream.ReferencePipeline$3$1.accept(ReferencePipeline.java:195)\r\n\tat java.base/java.util.Iterator.forEachRemaining(Iterator.java:133)\r\n\tat java.base/java.util.Spliterators$IteratorSpliterator.forEachRemaining(Spliterators.java:1801)\r\n\tat java.base/java.util.stream.AbstractPipeline.copyInto(AbstractPipeline.java:484)\r\n\tat java.base/java.util.stream.AbstractPipeline.wrapAndCopyInto(AbstractPipeline.java:474)\r\n\tat java.base/java.util.stream.ForEachOps$ForEachOp.evaluateSequential(ForEachOps.java:150)\r\n\tat java.base/java.util.stream.ForEachOps$ForEachOp$OfRef.evaluateSequential(ForEachOps.java:173)\r\n\tat java.base/java.util.stream.AbstractPipeline.evaluate(AbstractPipeline.java:234)\r\n\tat java.base/java.util.stream.ReferencePipeline.forEach(ReferencePipeline.java:497)\r\n\tat java.base/java.util.stream.ReferencePipeline$7$1.accept(ReferencePipeline.java:274)\r\n\tat java.base/java.util.ArrayList$ArrayListSpliterator.forEachRemaining(ArrayList.java:1655)\r\n\tat java.base/java.util.stream.AbstractPipeline.copyInto(AbstractPipeline.java:484)\r\n\tat java.base/java.util.stream.AbstractPipeline.wrapAndCopyInto(AbstractPipeline.java:474)\r\n\tat java.base/java.util.stream.ForEachOps$ForEachOp.evaluateSequential(ForEachOps.java:150)\r\n\tat java.base/java.util.stream.ForEachOps$ForEachOp$OfRef.evaluateSequential(ForEachOps.java:173)\r\n\tat java.base/java.util.stream.AbstractPipeline.evaluate(AbstractPipeline.java:234)\r\n\tat java.base/java.util.stream.ReferencePipeline.forEach(ReferencePipeline.java:497)\r\n\tat java.base/java.util.concurrent.RecursiveAction.exec(RecursiveAction.java:189)\r\n\tat java.base/java.util.concurrent.ForkJoinTask.doExec(ForkJoinTask.java:290)\r\n\tat java.base/java.util.concurrent.ForkJoinPool$WorkQueue.topLevelExec(ForkJoinPool.java:1020)\r\n\tat java.base/java.util.concurrent.ForkJoinPool.scan(ForkJoinPool.java:1656)\r\n\tat java.base/java.util.concurrent.ForkJoinPool.runWorker(ForkJoinPool.java:1594)\r\n\tat java.base/java.util.concurrent.ForkJoinWorkerThread.run(ForkJoinWorkerThread.java:183)\r\n",
    "uuid" : "33E70569D99E0DEB2906ABF538FF9CB9AB979EAC05DEFD25965D96E0AE022E1A"
  }, {
    "Result" : "FULLY_FAILED",
    "DisplayName" : "[9] Combination{INCLUDE_ALPN_EXTENSION=INCLUDE_ALPN_EXTENSION = false, RECORD_LENGTH=RECORD_LENGTH = 1, MAX_FRAGMENT_LENGTH=MAX_FRAGMENT_LENGTH = TWO_9, INCLUDE_HEARTBEAT_EXTENSION=INCLUDE_HEARTBEAT_EXTENSION = false, INCLUDE_EXTENDED_MASTER_SECRET_EXTENSION=INCLUDE_EXTENDED_MASTER_SECRET_EXTENSION = false, TCP_FRAGMENTATION=TCP_FRAGMENTATION = true, INCLUDE_RENEGOTIATION_EXTENSION=INCLUDE_RENEGOTIATION_EXTENSION = false, INCLUDE_GREASE_SIG_HASH_ALGORITHMS=INCLUDE_GREASE_SIG_HASH_ALGORITHMS = false, INCLUDE_ENCRYPT_THEN_MAC_EXTENSION=INCLUDE_ENCRYPT_THEN_MAC_EXTENSION = false, NAMED_GROUP=NAMED_GROUP = ECDH_X25519, INCLUDE_PSK_EXCHANGE_MODES_EXTENSION=INCLUDE_PSK_EXCHANGE_MODES_EXTENSION = false, INCLUDE_SESSION_TICKET_EXTENSION=INCLUDE_SESSION_TICKET_EXTENSION = true, INCLUDE_GREASE_CIPHER_SUITES=INCLUDE_GREASE_CIPHER_SUITES = false, CIPHER_SUITE=CIPHER_SUITE = TLS_AES_256_GCM_SHA384, INCLUDE_GREASE_NAMED_GROUPS=INCLUDE_GREASE_NAMED_GROUPS = false, INCLUDE_CHANGE_CIPHER_SPEC=INCLUDE_CHANGE_CIPHER_SPEC = false, INCLUDE_PADDING_EXTENSION=INCLUDE_PADDING_EXTENSION = false}",
    "ParameterCombination" : {
      "INCLUDE_HEARTBEAT_EXTENSION" : false,
      "INCLUDE_PSK_EXCHANGE_MODES_EXTENSION" : false,
      "CIPHER_SUITE" : "TLS_AES_256_GCM_SHA384",
      "INCLUDE_EXTENDED_MASTER_SECRET_EXTENSION" : false,
      "INCLUDE_PADDING_EXTENSION" : false,
      "INCLUDE_GREASE_NAMED_GROUPS" : false,
      "INCLUDE_GREASE_CIPHER_SUITES" : false,
      "INCLUDE_RENEGOTIATION_EXTENSION" : false,
      "NAMED_GROUP" : "ECDH_X25519",
      "TCP_FRAGMENTATION" : true,
      "INCLUDE_ENCRYPT_THEN_MAC_EXTENSION" : false,
      "INCLUDE_ALPN_EXTENSION" : false,
      "INCLUDE_GREASE_SIG_HASH_ALGORITHMS" : false,
      "INCLUDE_CHANGE_CIPHER_SPEC" : false,
      "INCLUDE_SESSION_TICKET_EXTENSION" : true,
      "RECORD_LENGTH" : 1,
      "MAX_FRAGMENT_LENGTH" : "TWO_9"
    },
    "AdditionalResultInformation" : null,
    "AdditionalTestInformation" : null,
    "SrcPort" : 15647,
    "DstPort" : 8443,
    "StartTimestamp" : "2023-12-12T11:59:29.427Z",
    "EndTimestamp" : "2023-12-12T11:59:30.014Z",
    "Stacktrace" : "java.lang.AssertionError: The workflow could not be executed as planned!\r\n\tat org.junit.Assert.fail(Assert.java:89)\r\n\tat org.junit.Assert.assertTrue(Assert.java:42)\r\n\tat de.rub.nds.tlstest.framework.Validator.executedAsPlanned(Validator.java:208)\r\n\tat de.rub.nds.tlstest.suite.tests.both.tls13.rfc8446.KeyUpdate.lambda$respondsWithValidKeyUpdate$2(KeyUpdate.java:93)\r\n\tat de.rub.nds.tlstest.framework.anvil.TlsTestCase.validateFinal(TlsTestCase.java:50)\r\n\tat de.rub.nds.tlstest.suite.tests.both.tls13.rfc8446.KeyUpdate.respondsWithValidKeyUpdate(KeyUpdate.java:91)\r\n\tat java.base/java.lang.reflect.Method.invoke(Method.java:566)\r\n\tat de.rub.nds.anvilcore.execution.PcapCapturingInvocationInterceptor.interceptTestTemplateMethod(PcapCapturingInvocationInterceptor.java:48)\r\n\tat java.base/java.util.stream.ForEachOps$ForEachOp$OfRef.accept(ForEachOps.java:183)\r\n\tat java.base/java.util.stream.ReferencePipeline$3$1.accept(ReferencePipeline.java:195)\r\n\tat java.base/java.util.stream.ReferencePipeline$2$1.accept(ReferencePipeline.java:177)\r\n\tat java.base/java.util.stream.ReferencePipeline$3$1.accept(ReferencePipeline.java:195)\r\n\tat java.base/java.util.stream.ForEachOps$ForEachOp$OfRef.accept(ForEachOps.java:183)\r\n\tat java.base/java.util.stream.ReferencePipeline$3$1.accept(ReferencePipeline.java:195)\r\n\tat java.base/java.util.Iterator.forEachRemaining(Iterator.java:133)\r\n\tat java.base/java.util.Spliterators$IteratorSpliterator.forEachRemaining(Spliterators.java:1801)\r\n\tat java.base/java.util.stream.AbstractPipeline.copyInto(AbstractPipeline.java:484)\r\n\tat java.base/java.util.stream.AbstractPipeline.wrapAndCopyInto(AbstractPipeline.java:474)\r\n\tat java.base/java.util.stream.ForEachOps$ForEachOp.evaluateSequential(ForEachOps.java:150)\r\n\tat java.base/java.util.stream.ForEachOps$ForEachOp$OfRef.evaluateSequential(ForEachOps.java:173)\r\n\tat java.base/java.util.stream.AbstractPipeline.evaluate(AbstractPipeline.java:234)\r\n\tat java.base/java.util.stream.ReferencePipeline.forEach(ReferencePipeline.java:497)\r\n\tat java.base/java.util.stream.ReferencePipeline$7$1.accept(ReferencePipeline.java:274)\r\n\tat java.base/java.util.ArrayList$ArrayListSpliterator.forEachRemaining(ArrayList.java:1655)\r\n\tat java.base/java.util.stream.AbstractPipeline.copyInto(AbstractPipeline.java:484)\r\n\tat java.base/java.util.stream.AbstractPipeline.wrapAndCopyInto(AbstractPipeline.java:474)\r\n\tat java.base/java.util.stream.ForEachOps$ForEachOp.evaluateSequential(ForEachOps.java:150)\r\n\tat java.base/java.util.stream.ForEachOps$ForEachOp$OfRef.evaluateSequential(ForEachOps.java:173)\r\n\tat java.base/java.util.stream.AbstractPipeline.evaluate(AbstractPipeline.java:234)\r\n\tat java.base/java.util.stream.ReferencePipeline.forEach(ReferencePipeline.java:497)\r\n\tat java.base/java.util.concurrent.RecursiveAction.exec(RecursiveAction.java:189)\r\n\tat java.base/java.util.concurrent.ForkJoinTask.doExec(ForkJoinTask.java:290)\r\n\tat java.base/java.util.concurrent.ForkJoinPool$WorkQueue.topLevelExec(ForkJoinPool.java:1020)\r\n\tat java.base/java.util.concurrent.ForkJoinPool.scan(ForkJoinPool.java:1656)\r\n\tat java.base/java.util.concurrent.ForkJoinPool.runWorker(ForkJoinPool.java:1594)\r\n\tat java.base/java.util.concurrent.ForkJoinWorkerThread.run(ForkJoinWorkerThread.java:183)\r\n",
    "uuid" : "3566D26F135267F3447C7D2BDAB64E1ED3D9011E05BD3677FD066793D2F26D56"
  }, {
    "Result" : "FULLY_FAILED",
    "DisplayName" : "[10] Combination{INCLUDE_ALPN_EXTENSION=INCLUDE_ALPN_EXTENSION = false, RECORD_LENGTH=RECORD_LENGTH = 111, MAX_FRAGMENT_LENGTH=MAX_FRAGMENT_LENGTH = TWO_9, INCLUDE_HEARTBEAT_EXTENSION=INCLUDE_HEARTBEAT_EXTENSION = true, INCLUDE_EXTENDED_MASTER_SECRET_EXTENSION=INCLUDE_EXTENDED_MASTER_SECRET_EXTENSION = false, TCP_FRAGMENTATION=TCP_FRAGMENTATION = false, INCLUDE_RENEGOTIATION_EXTENSION=INCLUDE_RENEGOTIATION_EXTENSION = false, INCLUDE_GREASE_SIG_HASH_ALGORITHMS=INCLUDE_GREASE_SIG_HASH_ALGORITHMS = false, INCLUDE_ENCRYPT_THEN_MAC_EXTENSION=INCLUDE_ENCRYPT_THEN_MAC_EXTENSION = false, NAMED_GROUP=NAMED_GROUP = ECDH_X25519, INCLUDE_PSK_EXCHANGE_MODES_EXTENSION=INCLUDE_PSK_EXCHANGE_MODES_EXTENSION = false, INCLUDE_SESSION_TICKET_EXTENSION=INCLUDE_SESSION_TICKET_EXTENSION = false, INCLUDE_GREASE_CIPHER_SUITES=INCLUDE_GREASE_CIPHER_SUITES = false, CIPHER_SUITE=CIPHER_SUITE = TLS_AES_256_GCM_SHA384, INCLUDE_GREASE_NAMED_GROUPS=INCLUDE_GREASE_NAMED_GROUPS = false, INCLUDE_CHANGE_CIPHER_SPEC=INCLUDE_CHANGE_CIPHER_SPEC = false, INCLUDE_PADDING_EXTENSION=INCLUDE_PADDING_EXTENSION = false}",
    "ParameterCombination" : {
      "INCLUDE_HEARTBEAT_EXTENSION" : true,
      "INCLUDE_PSK_EXCHANGE_MODES_EXTENSION" : false,
      "CIPHER_SUITE" : "TLS_AES_256_GCM_SHA384",
      "INCLUDE_EXTENDED_MASTER_SECRET_EXTENSION" : false,
      "INCLUDE_PADDING_EXTENSION" : false,
      "INCLUDE_GREASE_NAMED_GROUPS" : false,
      "INCLUDE_GREASE_CIPHER_SUITES" : false,
      "INCLUDE_RENEGOTIATION_EXTENSION" : false,
      "NAMED_GROUP" : "ECDH_X25519",
      "TCP_FRAGMENTATION" : false,
      "INCLUDE_ENCRYPT_THEN_MAC_EXTENSION" : false,
      "INCLUDE_ALPN_EXTENSION" : false,
      "INCLUDE_GREASE_SIG_HASH_ALGORITHMS" : false,
      "INCLUDE_CHANGE_CIPHER_SPEC" : false,
      "INCLUDE_SESSION_TICKET_EXTENSION" : false,
      "RECORD_LENGTH" : 111,
      "MAX_FRAGMENT_LENGTH" : "TWO_9"
    },
    "AdditionalResultInformation" : null,
    "AdditionalTestInformation" : null,
    "SrcPort" : 15649,
    "DstPort" : 8443,
    "StartTimestamp" : "2023-12-12T11:59:30.258Z",
    "EndTimestamp" : "2023-12-12T11:59:30.715Z",
    "Stacktrace" : "java.lang.AssertionError: The workflow could not be executed as planned!\r\n\tat org.junit.Assert.fail(Assert.java:89)\r\n\tat org.junit.Assert.assertTrue(Assert.java:42)\r\n\tat de.rub.nds.tlstest.framework.Validator.executedAsPlanned(Validator.java:208)\r\n\tat de.rub.nds.tlstest.suite.tests.both.tls13.rfc8446.KeyUpdate.lambda$respondsWithValidKeyUpdate$2(KeyUpdate.java:93)\r\n\tat de.rub.nds.tlstest.framework.anvil.TlsTestCase.validateFinal(TlsTestCase.java:50)\r\n\tat de.rub.nds.tlstest.suite.tests.both.tls13.rfc8446.KeyUpdate.respondsWithValidKeyUpdate(KeyUpdate.java:91)\r\n\tat java.base/java.lang.reflect.Method.invoke(Method.java:566)\r\n\tat de.rub.nds.anvilcore.execution.PcapCapturingInvocationInterceptor.interceptTestTemplateMethod(PcapCapturingInvocationInterceptor.java:48)\r\n\tat java.base/java.util.stream.ForEachOps$ForEachOp$OfRef.accept(ForEachOps.java:183)\r\n\tat java.base/java.util.stream.ReferencePipeline$3$1.accept(ReferencePipeline.java:195)\r\n\tat java.base/java.util.stream.ReferencePipeline$2$1.accept(ReferencePipeline.java:177)\r\n\tat java.base/java.util.stream.ReferencePipeline$3$1.accept(ReferencePipeline.java:195)\r\n\tat java.base/java.util.stream.ForEachOps$ForEachOp$OfRef.accept(ForEachOps.java:183)\r\n\tat java.base/java.util.stream.ReferencePipeline$3$1.accept(ReferencePipeline.java:195)\r\n\tat java.base/java.util.Iterator.forEachRemaining(Iterator.java:133)\r\n\tat java.base/java.util.Spliterators$IteratorSpliterator.forEachRemaining(Spliterators.java:1801)\r\n\tat java.base/java.util.stream.AbstractPipeline.copyInto(AbstractPipeline.java:484)\r\n\tat java.base/java.util.stream.AbstractPipeline.wrapAndCopyInto(AbstractPipeline.java:474)\r\n\tat java.base/java.util.stream.ForEachOps$ForEachOp.evaluateSequential(ForEachOps.java:150)\r\n\tat java.base/java.util.stream.ForEachOps$ForEachOp$OfRef.evaluateSequential(ForEachOps.java:173)\r\n\tat java.base/java.util.stream.AbstractPipeline.evaluate(AbstractPipeline.java:234)\r\n\tat java.base/java.util.stream.ReferencePipeline.forEach(ReferencePipeline.java:497)\r\n\tat java.base/java.util.stream.ReferencePipeline$7$1.accept(ReferencePipeline.java:274)\r\n\tat java.base/java.util.ArrayList$ArrayListSpliterator.forEachRemaining(ArrayList.java:1655)\r\n\tat java.base/java.util.stream.AbstractPipeline.copyInto(AbstractPipeline.java:484)\r\n\tat java.base/java.util.stream.AbstractPipeline.wrapAndCopyInto(AbstractPipeline.java:474)\r\n\tat java.base/java.util.stream.ForEachOps$ForEachOp.evaluateSequential(ForEachOps.java:150)\r\n\tat java.base/java.util.stream.ForEachOps$ForEachOp$OfRef.evaluateSequential(ForEachOps.java:173)\r\n\tat java.base/java.util.stream.AbstractPipeline.evaluate(AbstractPipeline.java:234)\r\n\tat java.base/java.util.stream.ReferencePipeline.forEach(ReferencePipeline.java:497)\r\n\tat java.base/java.util.concurrent.RecursiveAction.exec(RecursiveAction.java:189)\r\n\tat java.base/java.util.concurrent.ForkJoinTask.doExec(ForkJoinTask.java:290)\r\n\tat java.base/java.util.concurrent.ForkJoinPool$WorkQueue.topLevelExec(ForkJoinPool.java:1020)\r\n\tat java.base/java.util.concurrent.ForkJoinPool.scan(ForkJoinPool.java:1656)\r\n\tat java.base/java.util.concurrent.ForkJoinPool.runWorker(ForkJoinPool.java:1594)\r\n\tat java.base/java.util.concurrent.ForkJoinWorkerThread.run(ForkJoinWorkerThread.java:183)\r\n",
    "uuid" : "709F6633389B1186F79617B88AB1FD123D7905CEC7A7B6A64A2F623F8B11CA2D"
  }, {
    "Result" : "FULLY_FAILED",
    "DisplayName" : "[11] Combination{INCLUDE_ALPN_EXTENSION=INCLUDE_ALPN_EXTENSION = true, RECORD_LENGTH=RECORD_LENGTH = 111, MAX_FRAGMENT_LENGTH=MAX_FRAGMENT_LENGTH = TWO_9, INCLUDE_HEARTBEAT_EXTENSION=INCLUDE_HEARTBEAT_EXTENSION = false, INCLUDE_EXTENDED_MASTER_SECRET_EXTENSION=INCLUDE_EXTENDED_MASTER_SECRET_EXTENSION = false, TCP_FRAGMENTATION=TCP_FRAGMENTATION = true, INCLUDE_RENEGOTIATION_EXTENSION=INCLUDE_RENEGOTIATION_EXTENSION = false, INCLUDE_GREASE_SIG_HASH_ALGORITHMS=INCLUDE_GREASE_SIG_HASH_ALGORITHMS = false, INCLUDE_ENCRYPT_THEN_MAC_EXTENSION=INCLUDE_ENCRYPT_THEN_MAC_EXTENSION = false, NAMED_GROUP=NAMED_GROUP = ECDH_X25519, INCLUDE_PSK_EXCHANGE_MODES_EXTENSION=INCLUDE_PSK_EXCHANGE_MODES_EXTENSION = false, INCLUDE_SESSION_TICKET_EXTENSION=INCLUDE_SESSION_TICKET_EXTENSION = false, INCLUDE_GREASE_CIPHER_SUITES=INCLUDE_GREASE_CIPHER_SUITES = false, CIPHER_SUITE=CIPHER_SUITE = TLS_AES_256_GCM_SHA384, INCLUDE_GREASE_NAMED_GROUPS=INCLUDE_GREASE_NAMED_GROUPS = false, INCLUDE_CHANGE_CIPHER_SPEC=INCLUDE_CHANGE_CIPHER_SPEC = false, INCLUDE_PADDING_EXTENSION=INCLUDE_PADDING_EXTENSION = false}",
    "ParameterCombination" : {
      "INCLUDE_HEARTBEAT_EXTENSION" : false,
      "INCLUDE_PSK_EXCHANGE_MODES_EXTENSION" : false,
      "CIPHER_SUITE" : "TLS_AES_256_GCM_SHA384",
      "INCLUDE_EXTENDED_MASTER_SECRET_EXTENSION" : false,
      "INCLUDE_PADDING_EXTENSION" : false,
      "INCLUDE_GREASE_NAMED_GROUPS" : false,
      "INCLUDE_GREASE_CIPHER_SUITES" : false,
      "INCLUDE_RENEGOTIATION_EXTENSION" : false,
      "NAMED_GROUP" : "ECDH_X25519",
      "TCP_FRAGMENTATION" : true,
      "INCLUDE_ENCRYPT_THEN_MAC_EXTENSION" : false,
      "INCLUDE_ALPN_EXTENSION" : true,
      "INCLUDE_GREASE_SIG_HASH_ALGORITHMS" : false,
      "INCLUDE_CHANGE_CIPHER_SPEC" : false,
      "INCLUDE_SESSION_TICKET_EXTENSION" : false,
      "RECORD_LENGTH" : 111,
      "MAX_FRAGMENT_LENGTH" : "TWO_9"
    },
    "AdditionalResultInformation" : null,
    "AdditionalTestInformation" : null,
    "SrcPort" : 15651,
    "DstPort" : 8443,
    "StartTimestamp" : "2023-12-12T11:59:30.997Z",
    "EndTimestamp" : "2023-12-12T11:59:31.556Z",
    "Stacktrace" : "java.lang.AssertionError: The workflow could not be executed as planned!\r\n\tat org.junit.Assert.fail(Assert.java:89)\r\n\tat org.junit.Assert.assertTrue(Assert.java:42)\r\n\tat de.rub.nds.tlstest.framework.Validator.executedAsPlanned(Validator.java:208)\r\n\tat de.rub.nds.tlstest.suite.tests.both.tls13.rfc8446.KeyUpdate.lambda$respondsWithValidKeyUpdate$2(KeyUpdate.java:93)\r\n\tat de.rub.nds.tlstest.framework.anvil.TlsTestCase.validateFinal(TlsTestCase.java:50)\r\n\tat de.rub.nds.tlstest.suite.tests.both.tls13.rfc8446.KeyUpdate.respondsWithValidKeyUpdate(KeyUpdate.java:91)\r\n\tat java.base/java.lang.reflect.Method.invoke(Method.java:566)\r\n\tat de.rub.nds.anvilcore.execution.PcapCapturingInvocationInterceptor.interceptTestTemplateMethod(PcapCapturingInvocationInterceptor.java:48)\r\n\tat java.base/java.util.stream.ForEachOps$ForEachOp$OfRef.accept(ForEachOps.java:183)\r\n\tat java.base/java.util.stream.ReferencePipeline$3$1.accept(ReferencePipeline.java:195)\r\n\tat java.base/java.util.stream.ReferencePipeline$2$1.accept(ReferencePipeline.java:177)\r\n\tat java.base/java.util.stream.ReferencePipeline$3$1.accept(ReferencePipeline.java:195)\r\n\tat java.base/java.util.stream.ForEachOps$ForEachOp$OfRef.accept(ForEachOps.java:183)\r\n\tat java.base/java.util.stream.ReferencePipeline$3$1.accept(ReferencePipeline.java:195)\r\n\tat java.base/java.util.Iterator.forEachRemaining(Iterator.java:133)\r\n\tat java.base/java.util.Spliterators$IteratorSpliterator.forEachRemaining(Spliterators.java:1801)\r\n\tat java.base/java.util.stream.AbstractPipeline.copyInto(AbstractPipeline.java:484)\r\n\tat java.base/java.util.stream.AbstractPipeline.wrapAndCopyInto(AbstractPipeline.java:474)\r\n\tat java.base/java.util.stream.ForEachOps$ForEachOp.evaluateSequential(ForEachOps.java:150)\r\n\tat java.base/java.util.stream.ForEachOps$ForEachOp$OfRef.evaluateSequential(ForEachOps.java:173)\r\n\tat java.base/java.util.stream.AbstractPipeline.evaluate(AbstractPipeline.java:234)\r\n\tat java.base/java.util.stream.ReferencePipeline.forEach(ReferencePipeline.java:497)\r\n\tat java.base/java.util.stream.ReferencePipeline$7$1.accept(ReferencePipeline.java:274)\r\n\tat java.base/java.util.ArrayList$ArrayListSpliterator.forEachRemaining(ArrayList.java:1655)\r\n\tat java.base/java.util.stream.AbstractPipeline.copyInto(AbstractPipeline.java:484)\r\n\tat java.base/java.util.stream.AbstractPipeline.wrapAndCopyInto(AbstractPipeline.java:474)\r\n\tat java.base/java.util.stream.ForEachOps$ForEachOp.evaluateSequential(ForEachOps.java:150)\r\n\tat java.base/java.util.stream.ForEachOps$ForEachOp$OfRef.evaluateSequential(ForEachOps.java:173)\r\n\tat java.base/java.util.stream.AbstractPipeline.evaluate(AbstractPipeline.java:234)\r\n\tat java.base/java.util.stream.ReferencePipeline.forEach(ReferencePipeline.java:497)\r\n\tat java.base/java.util.concurrent.RecursiveAction.exec(RecursiveAction.java:189)\r\n\tat java.base/java.util.concurrent.ForkJoinTask.doExec(ForkJoinTask.java:290)\r\n\tat java.base/java.util.concurrent.ForkJoinPool$WorkQueue.topLevelExec(ForkJoinPool.java:1020)\r\n\tat java.base/java.util.concurrent.ForkJoinPool.scan(ForkJoinPool.java:1656)\r\n\tat java.base/java.util.concurrent.ForkJoinPool.runWorker(ForkJoinPool.java:1594)\r\n\tat java.base/java.util.concurrent.ForkJoinWorkerThread.run(ForkJoinWorkerThread.java:183)\r\n",
    "uuid" : "E71CC6ADD9CD27C2C2698EB9133C858F6566EAD8339F6C22999580731F150D9D"
  }, {
    "Result" : "FULLY_FAILED",
    "DisplayName" : "[12] Combination{INCLUDE_ALPN_EXTENSION=INCLUDE_ALPN_EXTENSION = false, RECORD_LENGTH=RECORD_LENGTH = 111, MAX_FRAGMENT_LENGTH=MAX_FRAGMENT_LENGTH = TWO_9, INCLUDE_HEARTBEAT_EXTENSION=INCLUDE_HEARTBEAT_EXTENSION = false, INCLUDE_EXTENDED_MASTER_SECRET_EXTENSION=INCLUDE_EXTENDED_MASTER_SECRET_EXTENSION = false, TCP_FRAGMENTATION=TCP_FRAGMENTATION = true, INCLUDE_RENEGOTIATION_EXTENSION=INCLUDE_RENEGOTIATION_EXTENSION = false, INCLUDE_GREASE_SIG_HASH_ALGORITHMS=INCLUDE_GREASE_SIG_HASH_ALGORITHMS = false, INCLUDE_ENCRYPT_THEN_MAC_EXTENSION=INCLUDE_ENCRYPT_THEN_MAC_EXTENSION = false, NAMED_GROUP=NAMED_GROUP = ECDH_X25519, INCLUDE_PSK_EXCHANGE_MODES_EXTENSION=INCLUDE_PSK_EXCHANGE_MODES_EXTENSION = true, INCLUDE_SESSION_TICKET_EXTENSION=INCLUDE_SESSION_TICKET_EXTENSION = false, INCLUDE_GREASE_CIPHER_SUITES=INCLUDE_GREASE_CIPHER_SUITES = false, CIPHER_SUITE=CIPHER_SUITE = TLS_AES_256_GCM_SHA384, INCLUDE_GREASE_NAMED_GROUPS=INCLUDE_GREASE_NAMED_GROUPS = false, INCLUDE_CHANGE_CIPHER_SPEC=INCLUDE_CHANGE_CIPHER_SPEC = false, INCLUDE_PADDING_EXTENSION=INCLUDE_PADDING_EXTENSION = true}",
    "ParameterCombination" : {
      "INCLUDE_HEARTBEAT_EXTENSION" : false,
      "INCLUDE_PSK_EXCHANGE_MODES_EXTENSION" : true,
      "CIPHER_SUITE" : "TLS_AES_256_GCM_SHA384",
      "INCLUDE_EXTENDED_MASTER_SECRET_EXTENSION" : false,
      "INCLUDE_PADDING_EXTENSION" : true,
      "INCLUDE_GREASE_NAMED_GROUPS" : false,
      "INCLUDE_GREASE_CIPHER_SUITES" : false,
      "INCLUDE_RENEGOTIATION_EXTENSION" : false,
      "NAMED_GROUP" : "ECDH_X25519",
      "TCP_FRAGMENTATION" : true,
      "INCLUDE_ENCRYPT_THEN_MAC_EXTENSION" : false,
      "INCLUDE_ALPN_EXTENSION" : false,
      "INCLUDE_GREASE_SIG_HASH_ALGORITHMS" : false,
      "INCLUDE_CHANGE_CIPHER_SPEC" : false,
      "INCLUDE_SESSION_TICKET_EXTENSION" : false,
      "RECORD_LENGTH" : 111,
      "MAX_FRAGMENT_LENGTH" : "TWO_9"
    },
    "AdditionalResultInformation" : null,
    "AdditionalTestInformation" : null,
    "SrcPort" : 15653,
    "DstPort" : 8443,
    "StartTimestamp" : "2023-12-12T11:59:31.800Z",
    "EndTimestamp" : "2023-12-12T11:59:32.369Z",
    "Stacktrace" : "java.lang.AssertionError: The workflow could not be executed as planned!\r\n\tat org.junit.Assert.fail(Assert.java:89)\r\n\tat org.junit.Assert.assertTrue(Assert.java:42)\r\n\tat de.rub.nds.tlstest.framework.Validator.executedAsPlanned(Validator.java:208)\r\n\tat de.rub.nds.tlstest.suite.tests.both.tls13.rfc8446.KeyUpdate.lambda$respondsWithValidKeyUpdate$2(KeyUpdate.java:93)\r\n\tat de.rub.nds.tlstest.framework.anvil.TlsTestCase.validateFinal(TlsTestCase.java:50)\r\n\tat de.rub.nds.tlstest.suite.tests.both.tls13.rfc8446.KeyUpdate.respondsWithValidKeyUpdate(KeyUpdate.java:91)\r\n\tat java.base/java.lang.reflect.Method.invoke(Method.java:566)\r\n\tat de.rub.nds.anvilcore.execution.PcapCapturingInvocationInterceptor.interceptTestTemplateMethod(PcapCapturingInvocationInterceptor.java:48)\r\n\tat java.base/java.util.stream.ForEachOps$ForEachOp$OfRef.accept(ForEachOps.java:183)\r\n\tat java.base/java.util.stream.ReferencePipeline$3$1.accept(ReferencePipeline.java:195)\r\n\tat java.base/java.util.stream.ReferencePipeline$2$1.accept(ReferencePipeline.java:177)\r\n\tat java.base/java.util.stream.ReferencePipeline$3$1.accept(ReferencePipeline.java:195)\r\n\tat java.base/java.util.stream.ForEachOps$ForEachOp$OfRef.accept(ForEachOps.java:183)\r\n\tat java.base/java.util.stream.ReferencePipeline$3$1.accept(ReferencePipeline.java:195)\r\n\tat java.base/java.util.Iterator.forEachRemaining(Iterator.java:133)\r\n\tat java.base/java.util.Spliterators$IteratorSpliterator.forEachRemaining(Spliterators.java:1801)\r\n\tat java.base/java.util.stream.AbstractPipeline.copyInto(AbstractPipeline.java:484)\r\n\tat java.base/java.util.stream.AbstractPipeline.wrapAndCopyInto(AbstractPipeline.java:474)\r\n\tat java.base/java.util.stream.ForEachOps$ForEachOp.evaluateSequential(ForEachOps.java:150)\r\n\tat java.base/java.util.stream.ForEachOps$ForEachOp$OfRef.evaluateSequential(ForEachOps.java:173)\r\n\tat java.base/java.util.stream.AbstractPipeline.evaluate(AbstractPipeline.java:234)\r\n\tat java.base/java.util.stream.ReferencePipeline.forEach(ReferencePipeline.java:497)\r\n\tat java.base/java.util.stream.ReferencePipeline$7$1.accept(ReferencePipeline.java:274)\r\n\tat java.base/java.util.ArrayList$ArrayListSpliterator.forEachRemaining(ArrayList.java:1655)\r\n\tat java.base/java.util.stream.AbstractPipeline.copyInto(AbstractPipeline.java:484)\r\n\tat java.base/java.util.stream.AbstractPipeline.wrapAndCopyInto(AbstractPipeline.java:474)\r\n\tat java.base/java.util.stream.ForEachOps$ForEachOp.evaluateSequential(ForEachOps.java:150)\r\n\tat java.base/java.util.stream.ForEachOps$ForEachOp$OfRef.evaluateSequential(ForEachOps.java:173)\r\n\tat java.base/java.util.stream.AbstractPipeline.evaluate(AbstractPipeline.java:234)\r\n\tat java.base/java.util.stream.ReferencePipeline.forEach(ReferencePipeline.java:497)\r\n\tat java.base/java.util.concurrent.RecursiveAction.exec(RecursiveAction.java:189)\r\n\tat java.base/java.util.concurrent.ForkJoinTask.doExec(ForkJoinTask.java:290)\r\n\tat java.base/java.util.concurrent.ForkJoinPool$WorkQueue.topLevelExec(ForkJoinPool.java:1020)\r\n\tat java.base/java.util.concurrent.ForkJoinPool.scan(ForkJoinPool.java:1656)\r\n\tat java.base/java.util.concurrent.ForkJoinPool.runWorker(ForkJoinPool.java:1594)\r\n\tat java.base/java.util.concurrent.ForkJoinWorkerThread.run(ForkJoinWorkerThread.java:183)\r\n",
    "uuid" : "09310F4C4A991714D5FEBCE345DDF7719B9BF756A29ECA4B07955F4F76CEB29D"
  }, {
    "Result" : "FULLY_FAILED",
    "DisplayName" : "[13] Combination{INCLUDE_ALPN_EXTENSION=INCLUDE_ALPN_EXTENSION = false, RECORD_LENGTH=RECORD_LENGTH = 111, MAX_FRAGMENT_LENGTH=MAX_FRAGMENT_LENGTH = TWO_9, INCLUDE_HEARTBEAT_EXTENSION=INCLUDE_HEARTBEAT_EXTENSION = true, INCLUDE_EXTENDED_MASTER_SECRET_EXTENSION=INCLUDE_EXTENDED_MASTER_SECRET_EXTENSION = false, TCP_FRAGMENTATION=TCP_FRAGMENTATION = true, INCLUDE_RENEGOTIATION_EXTENSION=INCLUDE_RENEGOTIATION_EXTENSION = false, INCLUDE_GREASE_SIG_HASH_ALGORITHMS=INCLUDE_GREASE_SIG_HASH_ALGORITHMS = false, INCLUDE_ENCRYPT_THEN_MAC_EXTENSION=INCLUDE_ENCRYPT_THEN_MAC_EXTENSION = false, NAMED_GROUP=NAMED_GROUP = ECDH_X25519, INCLUDE_PSK_EXCHANGE_MODES_EXTENSION=INCLUDE_PSK_EXCHANGE_MODES_EXTENSION = false, INCLUDE_SESSION_TICKET_EXTENSION=INCLUDE_SESSION_TICKET_EXTENSION = false, INCLUDE_GREASE_CIPHER_SUITES=INCLUDE_GREASE_CIPHER_SUITES = false, CIPHER_SUITE=CIPHER_SUITE = TLS_AES_256_GCM_SHA384, INCLUDE_GREASE_NAMED_GROUPS=INCLUDE_GREASE_NAMED_GROUPS = false, INCLUDE_CHANGE_CIPHER_SPEC=INCLUDE_CHANGE_CIPHER_SPEC = false, INCLUDE_PADDING_EXTENSION=INCLUDE_PADDING_EXTENSION = false}",
    "ParameterCombination" : {
      "INCLUDE_HEARTBEAT_EXTENSION" : true,
      "INCLUDE_PSK_EXCHANGE_MODES_EXTENSION" : false,
      "CIPHER_SUITE" : "TLS_AES_256_GCM_SHA384",
      "INCLUDE_EXTENDED_MASTER_SECRET_EXTENSION" : false,
      "INCLUDE_PADDING_EXTENSION" : false,
      "INCLUDE_GREASE_NAMED_GROUPS" : false,
      "INCLUDE_GREASE_CIPHER_SUITES" : false,
      "INCLUDE_RENEGOTIATION_EXTENSION" : false,
      "NAMED_GROUP" : "ECDH_X25519",
      "TCP_FRAGMENTATION" : true,
      "INCLUDE_ENCRYPT_THEN_MAC_EXTENSION" : false,
      "INCLUDE_ALPN_EXTENSION" : false,
      "INCLUDE_GREASE_SIG_HASH_ALGORITHMS" : false,
      "INCLUDE_CHANGE_CIPHER_SPEC" : false,
      "INCLUDE_SESSION_TICKET_EXTENSION" : false,
      "RECORD_LENGTH" : 111,
      "MAX_FRAGMENT_LENGTH" : "TWO_9"
    },
    "AdditionalResultInformation" : null,
    "AdditionalTestInformation" : null,
    "SrcPort" : 15655,
    "DstPort" : 8443,
    "StartTimestamp" : "2023-12-12T11:59:32.626Z",
    "EndTimestamp" : "2023-12-12T11:59:33.208Z",
    "Stacktrace" : "java.lang.AssertionError: The workflow could not be executed as planned!\r\n\tat org.junit.Assert.fail(Assert.java:89)\r\n\tat org.junit.Assert.assertTrue(Assert.java:42)\r\n\tat de.rub.nds.tlstest.framework.Validator.executedAsPlanned(Validator.java:208)\r\n\tat de.rub.nds.tlstest.suite.tests.both.tls13.rfc8446.KeyUpdate.lambda$respondsWithValidKeyUpdate$2(KeyUpdate.java:93)\r\n\tat de.rub.nds.tlstest.framework.anvil.TlsTestCase.validateFinal(TlsTestCase.java:50)\r\n\tat de.rub.nds.tlstest.suite.tests.both.tls13.rfc8446.KeyUpdate.respondsWithValidKeyUpdate(KeyUpdate.java:91)\r\n\tat java.base/java.lang.reflect.Method.invoke(Method.java:566)\r\n\tat de.rub.nds.anvilcore.execution.PcapCapturingInvocationInterceptor.interceptTestTemplateMethod(PcapCapturingInvocationInterceptor.java:48)\r\n\tat java.base/java.util.stream.ForEachOps$ForEachOp$OfRef.accept(ForEachOps.java:183)\r\n\tat java.base/java.util.stream.ReferencePipeline$3$1.accept(ReferencePipeline.java:195)\r\n\tat java.base/java.util.stream.ReferencePipeline$2$1.accept(ReferencePipeline.java:177)\r\n\tat java.base/java.util.stream.ReferencePipeline$3$1.accept(ReferencePipeline.java:195)\r\n\tat java.base/java.util.stream.ForEachOps$ForEachOp$OfRef.accept(ForEachOps.java:183)\r\n\tat java.base/java.util.stream.ReferencePipeline$3$1.accept(ReferencePipeline.java:195)\r\n\tat java.base/java.util.Iterator.forEachRemaining(Iterator.java:133)\r\n\tat java.base/java.util.Spliterators$IteratorSpliterator.forEachRemaining(Spliterators.java:1801)\r\n\tat java.base/java.util.stream.AbstractPipeline.copyInto(AbstractPipeline.java:484)\r\n\tat java.base/java.util.stream.AbstractPipeline.wrapAndCopyInto(AbstractPipeline.java:474)\r\n\tat java.base/java.util.stream.ForEachOps$ForEachOp.evaluateSequential(ForEachOps.java:150)\r\n\tat java.base/java.util.stream.ForEachOps$ForEachOp$OfRef.evaluateSequential(ForEachOps.java:173)\r\n\tat java.base/java.util.stream.AbstractPipeline.evaluate(AbstractPipeline.java:234)\r\n\tat java.base/java.util.stream.ReferencePipeline.forEach(ReferencePipeline.java:497)\r\n\tat java.base/java.util.stream.ReferencePipeline$7$1.accept(ReferencePipeline.java:274)\r\n\tat java.base/java.util.ArrayList$ArrayListSpliterator.forEachRemaining(ArrayList.java:1655)\r\n\tat java.base/java.util.stream.AbstractPipeline.copyInto(AbstractPipeline.java:484)\r\n\tat java.base/java.util.stream.AbstractPipeline.wrapAndCopyInto(AbstractPipeline.java:474)\r\n\tat java.base/java.util.stream.ForEachOps$ForEachOp.evaluateSequential(ForEachOps.java:150)\r\n\tat java.base/java.util.stream.ForEachOps$ForEachOp$OfRef.evaluateSequential(ForEachOps.java:173)\r\n\tat java.base/java.util.stream.AbstractPipeline.evaluate(AbstractPipeline.java:234)\r\n\tat java.base/java.util.stream.ReferencePipeline.forEach(ReferencePipeline.java:497)\r\n\tat java.base/java.util.concurrent.RecursiveAction.exec(RecursiveAction.java:189)\r\n\tat java.base/java.util.concurrent.ForkJoinTask.doExec(ForkJoinTask.java:290)\r\n\tat java.base/java.util.concurrent.ForkJoinPool$WorkQueue.topLevelExec(ForkJoinPool.java:1020)\r\n\tat java.base/java.util.concurrent.ForkJoinPool.scan(ForkJoinPool.java:1656)\r\n\tat java.base/java.util.concurrent.ForkJoinPool.runWorker(ForkJoinPool.java:1594)\r\n\tat java.base/java.util.concurrent.ForkJoinWorkerThread.run(ForkJoinWorkerThread.java:183)\r\n",
    "uuid" : "E983FE098072C730569F0252D03F29E078A8A06FDD7A160E4C393CBF2B9BD905"
  }, {
    "Result" : "FULLY_FAILED",
    "DisplayName" : "[14] Combination{INCLUDE_ALPN_EXTENSION=INCLUDE_ALPN_EXTENSION = false, RECORD_LENGTH=RECORD_LENGTH = 111, MAX_FRAGMENT_LENGTH=MAX_FRAGMENT_LENGTH = TWO_9, INCLUDE_HEARTBEAT_EXTENSION=INCLUDE_HEARTBEAT_EXTENSION = false, INCLUDE_EXTENDED_MASTER_SECRET_EXTENSION=INCLUDE_EXTENDED_MASTER_SECRET_EXTENSION = false, TCP_FRAGMENTATION=TCP_FRAGMENTATION = true, INCLUDE_RENEGOTIATION_EXTENSION=INCLUDE_RENEGOTIATION_EXTENSION = false, INCLUDE_GREASE_SIG_HASH_ALGORITHMS=INCLUDE_GREASE_SIG_HASH_ALGORITHMS = false, INCLUDE_ENCRYPT_THEN_MAC_EXTENSION=INCLUDE_ENCRYPT_THEN_MAC_EXTENSION = false, NAMED_GROUP=NAMED_GROUP = ECDH_X25519, INCLUDE_PSK_EXCHANGE_MODES_EXTENSION=INCLUDE_PSK_EXCHANGE_MODES_EXTENSION = false, INCLUDE_SESSION_TICKET_EXTENSION=INCLUDE_SESSION_TICKET_EXTENSION = false, INCLUDE_GREASE_CIPHER_SUITES=INCLUDE_GREASE_CIPHER_SUITES = true, CIPHER_SUITE=CIPHER_SUITE = TLS_AES_256_GCM_SHA384, INCLUDE_GREASE_NAMED_GROUPS=INCLUDE_GREASE_NAMED_GROUPS = true, INCLUDE_CHANGE_CIPHER_SPEC=INCLUDE_CHANGE_CIPHER_SPEC = false, INCLUDE_PADDING_EXTENSION=INCLUDE_PADDING_EXTENSION = false}",
    "ParameterCombination" : {
      "INCLUDE_HEARTBEAT_EXTENSION" : false,
      "INCLUDE_PSK_EXCHANGE_MODES_EXTENSION" : false,
      "CIPHER_SUITE" : "TLS_AES_256_GCM_SHA384",
      "INCLUDE_EXTENDED_MASTER_SECRET_EXTENSION" : false,
      "INCLUDE_PADDING_EXTENSION" : false,
      "INCLUDE_GREASE_NAMED_GROUPS" : true,
      "INCLUDE_GREASE_CIPHER_SUITES" : true,
      "INCLUDE_RENEGOTIATION_EXTENSION" : false,
      "NAMED_GROUP" : "ECDH_X25519",
      "TCP_FRAGMENTATION" : true,
      "INCLUDE_ENCRYPT_THEN_MAC_EXTENSION" : false,
      "INCLUDE_ALPN_EXTENSION" : false,
      "INCLUDE_GREASE_SIG_HASH_ALGORITHMS" : false,
      "INCLUDE_CHANGE_CIPHER_SPEC" : false,
      "INCLUDE_SESSION_TICKET_EXTENSION" : false,
      "RECORD_LENGTH" : 111,
      "MAX_FRAGMENT_LENGTH" : "TWO_9"
    },
    "AdditionalResultInformation" : null,
    "AdditionalTestInformation" : null,
    "SrcPort" : 15657,
    "DstPort" : 8443,
    "StartTimestamp" : "2023-12-12T11:59:33.463Z",
    "EndTimestamp" : "2023-12-12T11:59:34.050Z",
    "Stacktrace" : "java.lang.AssertionError: The workflow could not be executed as planned!\r\n\tat org.junit.Assert.fail(Assert.java:89)\r\n\tat org.junit.Assert.assertTrue(Assert.java:42)\r\n\tat de.rub.nds.tlstest.framework.Validator.executedAsPlanned(Validator.java:208)\r\n\tat de.rub.nds.tlstest.suite.tests.both.tls13.rfc8446.KeyUpdate.lambda$respondsWithValidKeyUpdate$2(KeyUpdate.java:93)\r\n\tat de.rub.nds.tlstest.framework.anvil.TlsTestCase.validateFinal(TlsTestCase.java:50)\r\n\tat de.rub.nds.tlstest.suite.tests.both.tls13.rfc8446.KeyUpdate.respondsWithValidKeyUpdate(KeyUpdate.java:91)\r\n\tat java.base/java.lang.reflect.Method.invoke(Method.java:566)\r\n\tat de.rub.nds.anvilcore.execution.PcapCapturingInvocationInterceptor.interceptTestTemplateMethod(PcapCapturingInvocationInterceptor.java:48)\r\n\tat java.base/java.util.stream.ForEachOps$ForEachOp$OfRef.accept(ForEachOps.java:183)\r\n\tat java.base/java.util.stream.ReferencePipeline$3$1.accept(ReferencePipeline.java:195)\r\n\tat java.base/java.util.stream.ReferencePipeline$2$1.accept(ReferencePipeline.java:177)\r\n\tat java.base/java.util.stream.ReferencePipeline$3$1.accept(ReferencePipeline.java:195)\r\n\tat java.base/java.util.stream.ForEachOps$ForEachOp$OfRef.accept(ForEachOps.java:183)\r\n\tat java.base/java.util.stream.ReferencePipeline$3$1.accept(ReferencePipeline.java:195)\r\n\tat java.base/java.util.Iterator.forEachRemaining(Iterator.java:133)\r\n\tat java.base/java.util.Spliterators$IteratorSpliterator.forEachRemaining(Spliterators.java:1801)\r\n\tat java.base/java.util.stream.AbstractPipeline.copyInto(AbstractPipeline.java:484)\r\n\tat java.base/java.util.stream.AbstractPipeline.wrapAndCopyInto(AbstractPipeline.java:474)\r\n\tat java.base/java.util.stream.ForEachOps$ForEachOp.evaluateSequential(ForEachOps.java:150)\r\n\tat java.base/java.util.stream.ForEachOps$ForEachOp$OfRef.evaluateSequential(ForEachOps.java:173)\r\n\tat java.base/java.util.stream.AbstractPipeline.evaluate(AbstractPipeline.java:234)\r\n\tat java.base/java.util.stream.ReferencePipeline.forEach(ReferencePipeline.java:497)\r\n\tat java.base/java.util.stream.ReferencePipeline$7$1.accept(ReferencePipeline.java:274)\r\n\tat java.base/java.util.ArrayList$ArrayListSpliterator.forEachRemaining(ArrayList.java:1655)\r\n\tat java.base/java.util.stream.AbstractPipeline.copyInto(AbstractPipeline.java:484)\r\n\tat java.base/java.util.stream.AbstractPipeline.wrapAndCopyInto(AbstractPipeline.java:474)\r\n\tat java.base/java.util.stream.ForEachOps$ForEachOp.evaluateSequential(ForEachOps.java:150)\r\n\tat java.base/java.util.stream.ForEachOps$ForEachOp$OfRef.evaluateSequential(ForEachOps.java:173)\r\n\tat java.base/java.util.stream.AbstractPipeline.evaluate(AbstractPipeline.java:234)\r\n\tat java.base/java.util.stream.ReferencePipeline.forEach(ReferencePipeline.java:497)\r\n\tat java.base/java.util.concurrent.RecursiveAction.exec(RecursiveAction.java:189)\r\n\tat java.base/java.util.concurrent.ForkJoinTask.doExec(ForkJoinTask.java:290)\r\n\tat java.base/java.util.concurrent.ForkJoinPool$WorkQueue.topLevelExec(ForkJoinPool.java:1020)\r\n\tat java.base/java.util.concurrent.ForkJoinPool.scan(ForkJoinPool.java:1656)\r\n\tat java.base/java.util.concurrent.ForkJoinPool.runWorker(ForkJoinPool.java:1594)\r\n\tat java.base/java.util.concurrent.ForkJoinWorkerThread.run(ForkJoinWorkerThread.java:183)\r\n",
    "uuid" : "602FFDEC3CA5B2CAC7396096BDE2A0805AD5414DE929055A4B3C28AE8F66D84E"
  }, {
    "Result" : "FULLY_FAILED",
    "DisplayName" : "[15] Combination{INCLUDE_ALPN_EXTENSION=INCLUDE_ALPN_EXTENSION = false, RECORD_LENGTH=RECORD_LENGTH = 111, MAX_FRAGMENT_LENGTH=MAX_FRAGMENT_LENGTH = TWO_9, INCLUDE_HEARTBEAT_EXTENSION=INCLUDE_HEARTBEAT_EXTENSION = false, INCLUDE_EXTENDED_MASTER_SECRET_EXTENSION=INCLUDE_EXTENDED_MASTER_SECRET_EXTENSION = false, TCP_FRAGMENTATION=TCP_FRAGMENTATION = true, INCLUDE_RENEGOTIATION_EXTENSION=INCLUDE_RENEGOTIATION_EXTENSION = false, INCLUDE_GREASE_SIG_HASH_ALGORITHMS=INCLUDE_GREASE_SIG_HASH_ALGORITHMS = false, INCLUDE_ENCRYPT_THEN_MAC_EXTENSION=INCLUDE_ENCRYPT_THEN_MAC_EXTENSION = true, NAMED_GROUP=NAMED_GROUP = ECDH_X25519, INCLUDE_PSK_EXCHANGE_MODES_EXTENSION=INCLUDE_PSK_EXCHANGE_MODES_EXTENSION = false, INCLUDE_SESSION_TICKET_EXTENSION=INCLUDE_SESSION_TICKET_EXTENSION = false, INCLUDE_GREASE_CIPHER_SUITES=INCLUDE_GREASE_CIPHER_SUITES = false, CIPHER_SUITE=CIPHER_SUITE = TLS_AES_256_GCM_SHA384, INCLUDE_GREASE_NAMED_GROUPS=INCLUDE_GREASE_NAMED_GROUPS = false, INCLUDE_CHANGE_CIPHER_SPEC=INCLUDE_CHANGE_CIPHER_SPEC = false, INCLUDE_PADDING_EXTENSION=INCLUDE_PADDING_EXTENSION = false}",
    "ParameterCombination" : {
      "INCLUDE_HEARTBEAT_EXTENSION" : false,
      "INCLUDE_PSK_EXCHANGE_MODES_EXTENSION" : false,
      "CIPHER_SUITE" : "TLS_AES_256_GCM_SHA384",
      "INCLUDE_EXTENDED_MASTER_SECRET_EXTENSION" : false,
      "INCLUDE_PADDING_EXTENSION" : false,
      "INCLUDE_GREASE_NAMED_GROUPS" : false,
      "INCLUDE_GREASE_CIPHER_SUITES" : false,
      "INCLUDE_RENEGOTIATION_EXTENSION" : false,
      "NAMED_GROUP" : "ECDH_X25519",
      "TCP_FRAGMENTATION" : true,
      "INCLUDE_ENCRYPT_THEN_MAC_EXTENSION" : true,
      "INCLUDE_ALPN_EXTENSION" : false,
      "INCLUDE_GREASE_SIG_HASH_ALGORITHMS" : false,
      "INCLUDE_CHANGE_CIPHER_SPEC" : false,
      "INCLUDE_SESSION_TICKET_EXTENSION" : false,
      "RECORD_LENGTH" : 111,
      "MAX_FRAGMENT_LENGTH" : "TWO_9"
    },
    "AdditionalResultInformation" : null,
    "AdditionalTestInformation" : null,
    "SrcPort" : 15660,
    "DstPort" : 8443,
    "StartTimestamp" : "2023-12-12T11:59:34.303Z",
    "EndTimestamp" : "2023-12-12T11:59:34.859Z",
    "Stacktrace" : "java.lang.AssertionError: The workflow could not be executed as planned!\r\n\tat org.junit.Assert.fail(Assert.java:89)\r\n\tat org.junit.Assert.assertTrue(Assert.java:42)\r\n\tat de.rub.nds.tlstest.framework.Validator.executedAsPlanned(Validator.java:208)\r\n\tat de.rub.nds.tlstest.suite.tests.both.tls13.rfc8446.KeyUpdate.lambda$respondsWithValidKeyUpdate$2(KeyUpdate.java:93)\r\n\tat de.rub.nds.tlstest.framework.anvil.TlsTestCase.validateFinal(TlsTestCase.java:50)\r\n\tat de.rub.nds.tlstest.suite.tests.both.tls13.rfc8446.KeyUpdate.respondsWithValidKeyUpdate(KeyUpdate.java:91)\r\n\tat java.base/jdk.internal.reflect.NativeMethodAccessorImpl.invoke0(Native Method)\r\n\tat java.base/jdk.internal.reflect.NativeMethodAccessorImpl.invoke(NativeMethodAccessorImpl.java:62)\r\n\tat java.base/jdk.internal.reflect.DelegatingMethodAccessorImpl.invoke(DelegatingMethodAccessorImpl.java:43)\r\n\tat java.base/java.lang.reflect.Method.invoke(Method.java:566)\r\n\tat org.junit.platform.commons.util.ReflectionUtils.invokeMethod(ReflectionUtils.java:728)\r\n\tat org.junit.jupiter.engine.execution.MethodInvocation.proceed(MethodInvocation.java:60)\r\n\tat org.junit.jupiter.engine.execution.InvocationInterceptorChain$ValidatingInvocation.proceed(InvocationInterceptorChain.java:131)\r\n\tat de.rub.nds.anvilcore.execution.PcapCapturingInvocationInterceptor.interceptTestTemplateMethod(PcapCapturingInvocationInterceptor.java:48)\r\n\tat org.junit.jupiter.engine.execution.InterceptingExecutableInvoker$ReflectiveInterceptorCall.lambda$ofVoidMethod$0(InterceptingExecutableInvoker.java:103)\r\n\tat org.junit.jupiter.engine.execution.InterceptingExecutableInvoker.lambda$invoke$0(InterceptingExecutableInvoker.java:93)\r\n\tat org.junit.jupiter.engine.execution.InvocationInterceptorChain$InterceptedInvocation.proceed(InvocationInterceptorChain.java:106)\r\n\tat org.junit.jupiter.engine.extension.TimeoutExtension.intercept(TimeoutExtension.java:156)\r\n\tat org.junit.jupiter.engine.extension.TimeoutExtension.interceptTestableMethod(TimeoutExtension.java:147)\r\n\tat org.junit.jupiter.engine.extension.TimeoutExtension.interceptTestTemplateMethod(TimeoutExtension.java:94)\r\n\tat org.junit.jupiter.engine.execution.InterceptingExecutableInvoker$ReflectiveInterceptorCall.lambda$ofVoidMethod$0(InterceptingExecutableInvoker.java:103)\r\n\tat org.junit.jupiter.engine.execution.InterceptingExecutableInvoker.lambda$invoke$0(InterceptingExecutableInvoker.java:93)\r\n\tat org.junit.jupiter.engine.execution.InvocationInterceptorChain$InterceptedInvocation.proceed(InvocationInterceptorChain.java:106)\r\n\tat org.junit.jupiter.engine.execution.InvocationInterceptorChain.proceed(InvocationInterceptorChain.java:64)\r\n\tat org.junit.jupiter.engine.execution.InvocationInterceptorChain.chainAndInvoke(InvocationInterceptorChain.java:45)\r\n\tat org.junit.jupiter.engine.execution.InvocationInterceptorChain.invoke(InvocationInterceptorChain.java:37)\r\n\tat org.junit.jupiter.engine.execution.InterceptingExecutableInvoker.invoke(InterceptingExecutableInvoker.java:92)\r\n\tat org.junit.jupiter.engine.execution.InterceptingExecutableInvoker.invoke(InterceptingExecutableInvoker.java:86)\r\n\tat org.junit.jupiter.engine.descriptor.TestMethodTestDescriptor.lambda$invokeTestMethod$7(TestMethodTestDescriptor.java:218)\r\n\tat org.junit.platform.engine.support.hierarchical.ThrowableCollector.execute(ThrowableCollector.java:73)\r\n\tat org.junit.jupiter.engine.descriptor.TestMethodTestDescriptor.invokeTestMethod(TestMethodTestDescriptor.java:214)\r\n\tat org.junit.jupiter.engine.descriptor.TestMethodTestDescriptor.execute(TestMethodTestDescriptor.java:139)\r\n\tat org.junit.jupiter.engine.descriptor.TestMethodTestDescriptor.execute(TestMethodTestDescriptor.java:69)\r\n\tat org.junit.platform.engine.support.hierarchical.NodeTestTask.lambda$executeRecursively$6(NodeTestTask.java:151)\r\n\tat org.junit.platform.engine.support.hierarchical.ThrowableCollector.execute(ThrowableCollector.java:73)\r\n\tat org.junit.platform.engine.support.hierarchical.NodeTestTask.lambda$executeRecursively$8(NodeTestTask.java:141)\r\n\tat org.junit.platform.engine.support.hierarchical.Node.around(Node.java:137)\r\n\tat org.junit.platform.engine.support.hierarchical.NodeTestTask.lambda$executeRecursively$9(NodeTestTask.java:139)\r\n\tat org.junit.platform.engine.support.hierarchical.ThrowableCollector.execute(ThrowableCollector.java:73)\r\n\tat org.junit.platform.engine.support.hierarchical.NodeTestTask.executeRecursively(NodeTestTask.java:138)\r\n\tat org.junit.platform.engine.support.hierarchical.NodeTestTask.execute(NodeTestTask.java:95)\r\n\tat org.junit.platform.engine.support.hierarchical.ForkJoinPoolHierarchicalTestExecutorService$ExclusiveTask.compute(ForkJoinPoolHierarchicalTestExecutorService.java:202)\r\n\tat org.junit.platform.engine.support.hierarchical.ForkJoinPoolHierarchicalTestExecutorService.submit(ForkJoinPoolHierarchicalTestExecutorService.java:135)\r\n\tat org.junit.platform.engine.support.hierarchical.NodeTestTask$DefaultDynamicTestExecutor.execute(NodeTestTask.java:226)\r\n\tat org.junit.platform.engine.support.hierarchical.NodeTestTask$DefaultDynamicTestExecutor.execute(NodeTestTask.java:204)\r\n\tat org.junit.jupiter.engine.descriptor.TestTemplateTestDescriptor.execute(TestTemplateTestDescriptor.java:142)\r\n\tat org.junit.jupiter.engine.descriptor.TestTemplateTestDescriptor.lambda$execute$2(TestTemplateTestDescriptor.java:110)\r\n\tat java.base/java.util.stream.ForEachOps$ForEachOp$OfRef.accept(ForEachOps.java:183)\r\n\tat java.base/java.util.stream.ReferencePipeline$3$1.accept(ReferencePipeline.java:195)\r\n\tat java.base/java.util.stream.ReferencePipeline$2$1.accept(ReferencePipeline.java:177)\r\n\tat java.base/java.util.stream.ReferencePipeline$3$1.accept(ReferencePipeline.java:195)\r\n\tat java.base/java.util.stream.ForEachOps$ForEachOp$OfRef.accept(ForEachOps.java:183)\r\n\tat java.base/java.util.stream.ReferencePipeline$3$1.accept(ReferencePipeline.java:195)\r\n\tat java.base/java.util.Iterator.forEachRemaining(Iterator.java:133)\r\n\tat java.base/java.util.Spliterators$IteratorSpliterator.forEachRemaining(Spliterators.java:1801)\r\n\tat java.base/java.util.stream.AbstractPipeline.copyInto(AbstractPipeline.java:484)\r\n\tat java.base/java.util.stream.AbstractPipeline.wrapAndCopyInto(AbstractPipeline.java:474)\r\n\tat java.base/java.util.stream.ForEachOps$ForEachOp.evaluateSequential(ForEachOps.java:150)\r\n\tat java.base/java.util.stream.ForEachOps$ForEachOp$OfRef.evaluateSequential(ForEachOps.java:173)\r\n\tat java.base/java.util.stream.AbstractPipeline.evaluate(AbstractPipeline.java:234)\r\n\tat java.base/java.util.stream.ReferencePipeline.forEach(ReferencePipeline.java:497)\r\n\tat java.base/java.util.stream.ReferencePipeline$7$1.accept(ReferencePipeline.java:274)\r\n\tat java.base/java.util.ArrayList$ArrayListSpliterator.forEachRemaining(ArrayList.java:1655)\r\n\tat java.base/java.util.stream.AbstractPipeline.copyInto(AbstractPipeline.java:484)\r\n\tat java.base/java.util.stream.AbstractPipeline.wrapAndCopyInto(AbstractPipeline.java:474)\r\n\tat java.base/java.util.stream.ForEachOps$ForEachOp.evaluateSequential(ForEachOps.java:150)\r\n\tat java.base/java.util.stream.ForEachOps$ForEachOp$OfRef.evaluateSequential(ForEachOps.java:173)\r\n\tat java.base/java.util.stream.AbstractPipeline.evaluate(AbstractPipeline.java:234)\r\n\tat java.base/java.util.stream.ReferencePipeline.forEach(ReferencePipeline.java:497)\r\n\tat org.junit.jupiter.engine.descriptor.TestTemplateTestDescriptor.execute(TestTemplateTestDescriptor.java:110)\r\n\tat org.junit.jupiter.engine.descriptor.TestTemplateTestDescriptor.execute(TestTemplateTestDescriptor.java:44)\r\n\tat org.junit.platform.engine.support.hierarchical.NodeTestTask.lambda$executeRecursively$6(NodeTestTask.java:151)\r\n\tat org.junit.platform.engine.support.hierarchical.ThrowableCollector.execute(ThrowableCollector.java:73)\r\n\tat org.junit.platform.engine.support.hierarchical.NodeTestTask.lambda$executeRecursively$8(NodeTestTask.java:141)\r\n\tat org.junit.platform.engine.support.hierarchical.Node.around(Node.java:137)\r\n\tat org.junit.platform.engine.support.hierarchical.NodeTestTask.lambda$executeRecursively$9(NodeTestTask.java:139)\r\n\tat org.junit.platform.engine.support.hierarchical.ThrowableCollector.execute(ThrowableCollector.java:73)\r\n\tat org.junit.platform.engine.support.hierarchical.NodeTestTask.executeRecursively(NodeTestTask.java:138)\r\n\tat org.junit.platform.engine.support.hierarchical.NodeTestTask.execute(NodeTestTask.java:95)\r\n\tat org.junit.platform.engine.support.hierarchical.ForkJoinPoolHierarchicalTestExecutorService$ExclusiveTask.compute(ForkJoinPoolHierarchicalTestExecutorService.java:202)\r\n\tat org.junit.platform.engine.support.hierarchical.ForkJoinPoolHierarchicalTestExecutorService.executeNonConcurrentTasks(ForkJoinPoolHierarchicalTestExecutorService.java:172)\r\n\tat org.junit.platform.engine.support.hierarchical.ForkJoinPoolHierarchicalTestExecutorService.invokeAll(ForkJoinPoolHierarchicalTestExecutorService.java:152)\r\n\tat org.junit.platform.engine.support.hierarchical.NodeTestTask.lambda$executeRecursively$6(NodeTestTask.java:155)\r\n\tat org.junit.platform.engine.support.hierarchical.ThrowableCollector.execute(ThrowableCollector.java:73)\r\n\tat org.junit.platform.engine.support.hierarchical.NodeTestTask.lambda$executeRecursively$8(NodeTestTask.java:141)\r\n\tat org.junit.platform.engine.support.hierarchical.Node.around(Node.java:137)\r\n\tat org.junit.platform.engine.support.hierarchical.NodeTestTask.lambda$executeRecursively$9(NodeTestTask.java:139)\r\n\tat org.junit.platform.engine.support.hierarchical.ThrowableCollector.execute(ThrowableCollector.java:73)\r\n\tat org.junit.platform.engine.support.hierarchical.NodeTestTask.executeRecursively(NodeTestTask.java:138)\r\n\tat org.junit.platform.engine.support.hierarchical.NodeTestTask.execute(NodeTestTask.java:95)\r\n\tat org.junit.platform.engine.support.hierarchical.ForkJoinPoolHierarchicalTestExecutorService$ExclusiveTask.compute(ForkJoinPoolHierarchicalTestExecutorService.java:202)\r\n\tat java.base/java.util.concurrent.RecursiveAction.exec(RecursiveAction.java:189)\r\n\tat java.base/java.util.concurrent.ForkJoinTask.doExec(ForkJoinTask.java:290)\r\n\tat java.base/java.util.concurrent.ForkJoinPool$WorkQueue.topLevelExec(ForkJoinPool.java:1020)\r\n\tat java.base/java.util.concurrent.ForkJoinPool.scan(ForkJoinPool.java:1656)\r\n\tat java.base/java.util.concurrent.ForkJoinPool.runWorker(ForkJoinPool.java:1594)\r\n\tat java.base/java.util.concurrent.ForkJoinWorkerThread.run(ForkJoinWorkerThread.java:183)\r\n",
    "uuid" : "FD96C150433D7CF17CE0EAB0E340A7E32AE838EBE2481B0B7872040E6B5E728D"
  } ],
  "Result" : "FULLY_FAILED",
  "DisabledReason" : null,
  "FailedReason" : "java.lang.AssertionError: The workflow could not be executed as planned!",
  "ElapsedTime" : 0,
  "FailureInducingCombinations" : [ {
    "INCLUDE_PADDING_EXTENSION" : true
  }, {
    "INCLUDE_HEARTBEAT_EXTENSION" : true
  }, {
    "INCLUDE_GREASE_CIPHER_SUITES" : true
  }, {
    "INCLUDE_SESSION_TICKET_EXTENSION" : true
  }, {
    "INCLUDE_PSK_EXCHANGE_MODES_EXTENSION" : true
  }, {
    "INCLUDE_GREASE_SIG_HASH_ALGORITHMS" : false
  }, {
    "INCLUDE_GREASE_NAMED_GROUPS" : true
  }, {
    "NAMED_GROUP" : "ECDH_X25519"
  }, {
    "INCLUDE_CHANGE_CIPHER_SPEC" : false
  }, {
    "INCLUDE_ALPN_EXTENSION" : true
  }, {
    "INCLUDE_RENEGOTIATION_EXTENSION" : false
  }, {
    "INCLUDE_ENCRYPT_THEN_MAC_EXTENSION" : true
  }, {
    "INCLUDE_EXTENDED_MASTER_SECRET_EXTENSION" : false
  }, {
    "TCP_FRAGMENTATION" : false
  }, {
    "MAX_FRAGMENT_LENGTH" : "TWO_9"
  }, {
    "RECORD_LENGTH" : 111
  }, {
    "INCLUDE_RENEGOTIATION_EXTENSION" : true
  }, {
    "INCLUDE_ALPN_EXTENSION" : false
  }, {
    "INCLUDE_EXTENDED_MASTER_SECRET_EXTENSION" : true
  }, {
    "INCLUDE_SESSION_TICKET_EXTENSION" : false
  }, {
    "INCLUDE_CHANGE_CIPHER_SPEC" : true
  }, {
    "CIPHER_SUITE" : "TLS_AES_256_GCM_SHA384"
  }, {
    "INCLUDE_GREASE_SIG_HASH_ALGORITHMS" : true
  }, {
    "CIPHER_SUITE" : "TLS_AES_128_GCM_SHA256"
  }, {
    "INCLUDE_ENCRYPT_THEN_MAC_EXTENSION" : false
  }, {
    "CIPHER_SUITE" : "TLS_CHACHA20_POLY1305_SHA256"
  }, {
    "INCLUDE_GREASE_NAMED_GROUPS" : false
  }, {
    "INCLUDE_PSK_EXCHANGE_MODES_EXTENSION" : false
  }, {
    "RECORD_LENGTH" : 50
  }, {
    "RECORD_LENGTH" : 1
  }, {
    "TCP_FRAGMENTATION" : true
  }, {
    "INCLUDE_GREASE_CIPHER_SUITES" : false
  }, {
    "INCLUDE_HEARTBEAT_EXTENSION" : false
  }, {
    "NAMED_GROUP" : "SECP256R1"
  }, {
    "INCLUDE_PADDING_EXTENSION" : false
  }, {
    "NAMED_GROUP" : "SECP384R1"
  }, {
    "MAX_FRAGMENT_LENGTH" : "TWO_12"
  }, {
    "MAX_FRAGMENT_LENGTH" : null
  }, {
    "RECORD_LENGTH" : 16384
  }, {
    "MAX_FRAGMENT_LENGTH" : "TWO_11"
  }, {
    "NAMED_GROUP" : "ECDH_X448"
  }, {
    "MAX_FRAGMENT_LENGTH" : "TWO_10"
  }, {
    "NAMED_GROUP" : "SECP521R1"
  } ],
  "Score" : {
    "RecordLayer" : 0.0,
    "Interoperability" : 0.0
  },
  "HasStateWithAdditionalResultInformation" : false,
  "HasVaryingAdditionalResultInformation" : false,
  "TestMethod" : "respondsWithValidKeyUpdate",
  "TestClass" : "de.rub.nds.tlstest.suite.tests.both.tls13.rfc8446.KeyUpdate",
  "CaseCount" : 15
}