{
  "metadata" : {
    "description" : "In TLS 1.3, the client indicates its version preferences in the \"supported_versions\" extension (Section 4.2.1) and the legacy_version field MUST be set to 0x0303, which is the version number for TLS 1.2.",
    "severityLevels" : {
      "Handshake" : 60,
      "Interoperability" : 80,
      "Alert" : 40
    },
    "rfc" : {
      "number" : 8446,
      "section" : "4.1.2 Client Hello"
    },
    "tags" : [ "server", "tls13", "rfc8446", "ClientHello", "invalidLegacyVersion_higher" ]
  },
  "TestId" : "8446-B41SD1Cnr6",
  "TestCases" : [ ],
  "Result" : "DISABLED",
  "DisabledReason" : "Sender restrictions are not expected to be enforced",
  "FailedReason" : null,
  "ElapsedTime" : 0,
  "FailureInducingCombinations" : null,
  "Score" : {
    "Alert" : 100.0,
    "Interoperability" : 100.0,
    "Handshake" : 100.0
  },
  "HasStateWithAdditionalResultInformation" : false,
  "HasVaryingAdditionalResultInformation" : false,
  "TestMethod" : "invalidLegacyVersion_higher",
  "TestClass" : "de.rub.nds.tlstest.suite.tests.server.tls13.rfc8446.ClientHello",
  "CaseCount" : 0
}