{
  "metadata" : {
    "description" : "cipher_suites:  A list of the symmetric cipher options supported by the client, specifically the record protection algorithm (including secret key length) and a hash to be used with HKDF, in descending order of client preference.",
    "severityLevels" : {
      "Security" : 80,
      "Handshake" : 60,
      "Interoperability" : 80
    },
    "rfc" : {
      "number" : 8446,
      "section" : "9.3.  Protocol Invariants"
    },
    "tags" : [ "client", "tls13", "SupportedCiphersuites", "supportsMoreCipherSuitesThanAdvertised" ]
  },
  "TestId" : "XXX-FnJguFLqcc",
  "TestCases" : [ ],
  "Result" : "DISABLED",
  "DisabledReason" : "TestEndpointMode doesn't match, skipping test.",
  "FailedReason" : null,
  "ElapsedTime" : 0,
  "FailureInducingCombinations" : null,
  "Score" : {
    "Security" : 100.0,
    "Interoperability" : 100.0,
    "Handshake" : 100.0
  },
  "HasStateWithAdditionalResultInformation" : false,
  "HasVaryingAdditionalResultInformation" : false,
  "TestMethod" : "supportsMoreCipherSuitesThanAdvertised",
  "TestClass" : "de.rub.nds.tlstest.suite.tests.client.tls13.SupportedCiphersuites",
  "CaseCount" : 0
}