{
  "metadata" : {
    "description" : "Peers MUST validate each other's public key Y by ensuring that 1 < Y < p-1.",
    "severityLevels" : {
      "Handshake" : 60,
      "Interoperability" : 80
    },
    "rfc" : {
      "number" : 8446,
      "section" : "4.2.8. Key Share"
    },
    "tags" : [ "server", "tls13", "rfc8446", "KeyShare", "ffdheShareOutOfBounds" ]
  },
  "TestId" : "8446-5Vqv9qrKQQ",
  "TestCases" : [ ],
  "Result" : "DISABLED",
  "DisabledReason" : "No values supported required for parameter NAMED_GROUP",
  "FailedReason" : null,
  "ElapsedTime" : 0,
  "FailureInducingCombinations" : null,
  "Score" : {
    "Interoperability" : 100.0,
    "Handshake" : 100.0
  },
  "HasStateWithAdditionalResultInformation" : false,
  "HasVaryingAdditionalResultInformation" : false,
  "TestMethod" : "ffdheShareOutOfBounds",
  "TestClass" : "de.rub.nds.tlstest.suite.tests.server.tls13.rfc8446.KeyShare",
  "CaseCount" : 0
}