{
  "metadata" : {
    "description" : "[The server] MUST verify that the following values are the same as those associated with the selected PSK: [...] The TLS version number [...]If any of these checks fail, the server MUST NOT respond with the extension",
    "severityLevels" : {
      "Security" : 60,
      "Handshake" : 60,
      "Interoperability" : 80
    },
    "rfc" : {
      "number" : 8446,
      "section" : "4.2.10 Early Data Indication"
    },
    "tags" : [ "server", "tls13", "rfc8446", "EarlyData", "tlsVersionDisparity" ]
  },
  "TestId" : "8446-wiNRa3novJ",
  "TestCases" : [ ],
  "Result" : "DISABLED",
  "DisabledReason" : "public void de.rub.nds.tlstest.suite.tests.server.tls13.rfc8446.EarlyData.tlsVersionDisparity(org.junit.jupiter.params.aggregator.ArgumentsAccessor,de.rub.nds.tlstest.framework.execution.WorkflowRunner) is @Disabled",
  "FailedReason" : null,
  "ElapsedTime" : 0,
  "FailureInducingCombinations" : null,
  "Score" : {
    "Security" : 100.0,
    "Interoperability" : 100.0,
    "Handshake" : 100.0
  },
  "HasStateWithAdditionalResultInformation" : false,
  "HasVaryingAdditionalResultInformation" : false,
  "TestMethod" : "tlsVersionDisparity",
  "TestClass" : "de.rub.nds.tlstest.suite.tests.server.tls13.rfc8446.EarlyData",
  "CaseCount" : 0
}