{
  "metadata" : {
    "description" : "Zero-length fragments of Application Data MAY be sent, as they are potentially useful as a traffic analysis countermeasure.",
    "severityLevels" : {
      "Security" : 100,
      "RecordLayer" : 100,
      "Interoperability" : 80
    },
    "rfc" : {
      "number" : 8446,
      "section" : "5. Record Protocol"
    },
    "tags" : [ "both", "tls13", "rfc8446", "RecordProtocol", "sendZeroLengthApplicationRecord" ]
  },
  "TestId" : "8446-BSsVDoM82Z",
  "TestCases" : [ {
    "Result" : "STRICTLY_SUCCEEDED",
    "DisplayName" : "[1] Combination{INCLUDE_ALPN_EXTENSION=INCLUDE_ALPN_EXTENSION = true, RECORD_LENGTH=RECORD_LENGTH = 50, MAX_FRAGMENT_LENGTH=MAX_FRAGMENT_LENGTH = TWO_9, INCLUDE_HEARTBEAT_EXTENSION=INCLUDE_HEARTBEAT_EXTENSION = true, INCLUDE_EXTENDED_MASTER_SECRET_EXTENSION=INCLUDE_EXTENDED_MASTER_SECRET_EXTENSION = true, TCP_FRAGMENTATION=TCP_FRAGMENTATION = false, INCLUDE_RENEGOTIATION_EXTENSION=INCLUDE_RENEGOTIATION_EXTENSION = true, INCLUDE_GREASE_SIG_HASH_ALGORITHMS=INCLUDE_GREASE_SIG_HASH_ALGORITHMS = true, INCLUDE_ENCRYPT_THEN_MAC_EXTENSION=INCLUDE_ENCRYPT_THEN_MAC_EXTENSION = true, NAMED_GROUP=NAMED_GROUP = ECDH_X25519, INCLUDE_PSK_EXCHANGE_MODES_EXTENSION=INCLUDE_PSK_EXCHANGE_MODES_EXTENSION = true, INCLUDE_SESSION_TICKET_EXTENSION=INCLUDE_SESSION_TICKET_EXTENSION = true, INCLUDE_GREASE_CIPHER_SUITES=INCLUDE_GREASE_CIPHER_SUITES = true, CIPHER_SUITE=CIPHER_SUITE = TLS_AES_128_GCM_SHA256, INCLUDE_GREASE_NAMED_GROUPS=INCLUDE_GREASE_NAMED_GROUPS = true, INCLUDE_CHANGE_CIPHER_SPEC=INCLUDE_CHANGE_CIPHER_SPEC = true, INCLUDE_PADDING_EXTENSION=INCLUDE_PADDING_EXTENSION = true}",
    "ParameterCombination" : {
      "INCLUDE_HEARTBEAT_EXTENSION" : true,
      "INCLUDE_PSK_EXCHANGE_MODES_EXTENSION" : true,
      "CIPHER_SUITE" : "TLS_AES_128_GCM_SHA256",
      "INCLUDE_EXTENDED_MASTER_SECRET_EXTENSION" : true,
      "INCLUDE_PADDING_EXTENSION" : true,
      "INCLUDE_GREASE_NAMED_GROUPS" : true,
      "INCLUDE_GREASE_CIPHER_SUITES" : true,
      "INCLUDE_RENEGOTIATION_EXTENSION" : true,
      "NAMED_GROUP" : "ECDH_X25519",
      "TCP_FRAGMENTATION" : false,
      "INCLUDE_ENCRYPT_THEN_MAC_EXTENSION" : true,
      "INCLUDE_ALPN_EXTENSION" : true,
      "INCLUDE_GREASE_SIG_HASH_ALGORITHMS" : true,
      "INCLUDE_CHANGE_CIPHER_SPEC" : true,
      "INCLUDE_SESSION_TICKET_EXTENSION" : true,
      "RECORD_LENGTH" : 50,
      "MAX_FRAGMENT_LENGTH" : "TWO_9"
    },
    "AdditionalResultInformation" : [ "Evaluated with timeout 100" ],
    "AdditionalTestInformation" : null,
    "SrcPort" : 16457,
    "DstPort" : 8443,
    "StartTimestamp" : "2023-12-12T12:01:39.320Z",
    "EndTimestamp" : "2023-12-12T12:01:39.460Z",
    "Stacktrace" : null,
    "uuid" : "FC0C4053D80EC903D4A164A0E686BD94207D763A1A2E3CA24AB28213F8215DFE"
  }, {
    "Result" : "STRICTLY_SUCCEEDED",
    "DisplayName" : "[2] Combination{INCLUDE_ALPN_EXTENSION=INCLUDE_ALPN_EXTENSION = false, RECORD_LENGTH=RECORD_LENGTH = 111, MAX_FRAGMENT_LENGTH=MAX_FRAGMENT_LENGTH = TWO_10, INCLUDE_HEARTBEAT_EXTENSION=INCLUDE_HEARTBEAT_EXTENSION = false, INCLUDE_EXTENDED_MASTER_SECRET_EXTENSION=INCLUDE_EXTENDED_MASTER_SECRET_EXTENSION = false, TCP_FRAGMENTATION=TCP_FRAGMENTATION = true, INCLUDE_RENEGOTIATION_EXTENSION=INCLUDE_RENEGOTIATION_EXTENSION = false, INCLUDE_GREASE_SIG_HASH_ALGORITHMS=INCLUDE_GREASE_SIG_HASH_ALGORITHMS = false, INCLUDE_ENCRYPT_THEN_MAC_EXTENSION=INCLUDE_ENCRYPT_THEN_MAC_EXTENSION = false, NAMED_GROUP=NAMED_GROUP = SECP521R1, INCLUDE_PSK_EXCHANGE_MODES_EXTENSION=INCLUDE_PSK_EXCHANGE_MODES_EXTENSION = false, INCLUDE_SESSION_TICKET_EXTENSION=INCLUDE_SESSION_TICKET_EXTENSION = false, INCLUDE_GREASE_CIPHER_SUITES=INCLUDE_GREASE_CIPHER_SUITES = false, CIPHER_SUITE=CIPHER_SUITE = TLS_AES_256_GCM_SHA384, INCLUDE_GREASE_NAMED_GROUPS=INCLUDE_GREASE_NAMED_GROUPS = false, INCLUDE_CHANGE_CIPHER_SPEC=INCLUDE_CHANGE_CIPHER_SPEC = false, INCLUDE_PADDING_EXTENSION=INCLUDE_PADDING_EXTENSION = false}",
    "ParameterCombination" : {
      "INCLUDE_HEARTBEAT_EXTENSION" : false,
      "INCLUDE_PSK_EXCHANGE_MODES_EXTENSION" : false,
      "CIPHER_SUITE" : "TLS_AES_256_GCM_SHA384",
      "INCLUDE_EXTENDED_MASTER_SECRET_EXTENSION" : false,
      "INCLUDE_PADDING_EXTENSION" : false,
      "INCLUDE_GREASE_NAMED_GROUPS" : false,
      "INCLUDE_GREASE_CIPHER_SUITES" : false,
      "INCLUDE_RENEGOTIATION_EXTENSION" : false,
      "NAMED_GROUP" : "SECP521R1",
      "TCP_FRAGMENTATION" : true,
      "INCLUDE_ENCRYPT_THEN_MAC_EXTENSION" : false,
      "INCLUDE_ALPN_EXTENSION" : false,
      "INCLUDE_GREASE_SIG_HASH_ALGORITHMS" : false,
      "INCLUDE_CHANGE_CIPHER_SPEC" : false,
      "INCLUDE_SESSION_TICKET_EXTENSION" : false,
      "RECORD_LENGTH" : 111,
      "MAX_FRAGMENT_LENGTH" : "TWO_10"
    },
    "AdditionalResultInformation" : [ "Evaluated with timeout 100" ],
    "AdditionalTestInformation" : null,
    "SrcPort" : 16459,
    "DstPort" : 8443,
    "StartTimestamp" : "2023-12-12T12:01:39.804Z",
    "EndTimestamp" : "2023-12-12T12:01:40.052Z",
    "Stacktrace" : null,
    "uuid" : "B465A9F35717279268663AF15F3579A87FFBCDFC96DB38356A148C1BC1D08680"
  }, {
    "Result" : "STRICTLY_SUCCEEDED",
    "DisplayName" : "[3] Combination{INCLUDE_ALPN_EXTENSION=INCLUDE_ALPN_EXTENSION = true, RECORD_LENGTH=RECORD_LENGTH = 1, MAX_FRAGMENT_LENGTH=MAX_FRAGMENT_LENGTH = TWO_11, INCLUDE_HEARTBEAT_EXTENSION=INCLUDE_HEARTBEAT_EXTENSION = true, INCLUDE_EXTENDED_MASTER_SECRET_EXTENSION=INCLUDE_EXTENDED_MASTER_SECRET_EXTENSION = true, TCP_FRAGMENTATION=TCP_FRAGMENTATION = false, INCLUDE_RENEGOTIATION_EXTENSION=INCLUDE_RENEGOTIATION_EXTENSION = true, INCLUDE_GREASE_SIG_HASH_ALGORITHMS=INCLUDE_GREASE_SIG_HASH_ALGORITHMS = true, INCLUDE_ENCRYPT_THEN_MAC_EXTENSION=INCLUDE_ENCRYPT_THEN_MAC_EXTENSION = true, NAMED_GROUP=NAMED_GROUP = SECP256R1, INCLUDE_PSK_EXCHANGE_MODES_EXTENSION=INCLUDE_PSK_EXCHANGE_MODES_EXTENSION = true, INCLUDE_SESSION_TICKET_EXTENSION=INCLUDE_SESSION_TICKET_EXTENSION = true, INCLUDE_GREASE_CIPHER_SUITES=INCLUDE_GREASE_CIPHER_SUITES = true, CIPHER_SUITE=CIPHER_SUITE = TLS_CHACHA20_POLY1305_SHA256, INCLUDE_GREASE_NAMED_GROUPS=INCLUDE_GREASE_NAMED_GROUPS = true, INCLUDE_CHANGE_CIPHER_SPEC=INCLUDE_CHANGE_CIPHER_SPEC = true, INCLUDE_PADDING_EXTENSION=INCLUDE_PADDING_EXTENSION = true}",
    "ParameterCombination" : {
      "INCLUDE_HEARTBEAT_EXTENSION" : true,
      "INCLUDE_PSK_EXCHANGE_MODES_EXTENSION" : true,
      "CIPHER_SUITE" : "TLS_CHACHA20_POLY1305_SHA256",
      "INCLUDE_EXTENDED_MASTER_SECRET_EXTENSION" : true,
      "INCLUDE_PADDING_EXTENSION" : true,
      "INCLUDE_GREASE_NAMED_GROUPS" : true,
      "INCLUDE_GREASE_CIPHER_SUITES" : true,
      "INCLUDE_RENEGOTIATION_EXTENSION" : true,
      "NAMED_GROUP" : "SECP256R1",
      "TCP_FRAGMENTATION" : false,
      "INCLUDE_ENCRYPT_THEN_MAC_EXTENSION" : true,
      "INCLUDE_ALPN_EXTENSION" : true,
      "INCLUDE_GREASE_SIG_HASH_ALGORITHMS" : true,
      "INCLUDE_CHANGE_CIPHER_SPEC" : true,
      "INCLUDE_SESSION_TICKET_EXTENSION" : true,
      "RECORD_LENGTH" : 1,
      "MAX_FRAGMENT_LENGTH" : "TWO_11"
    },
    "AdditionalResultInformation" : [ "Evaluated with timeout 100" ],
    "AdditionalTestInformation" : null,
    "SrcPort" : 16461,
    "DstPort" : 8443,
    "StartTimestamp" : "2023-12-12T12:01:40.413Z",
    "EndTimestamp" : "2023-12-12T12:01:40.538Z",
    "Stacktrace" : null,
    "uuid" : "9D6DADFE94CC1BBF023903D5026E525AE6180C882FA853D0FB10E8EFF90C6EA4"
  }, {
    "Result" : "STRICTLY_SUCCEEDED",
    "DisplayName" : "[4] Combination{INCLUDE_ALPN_EXTENSION=INCLUDE_ALPN_EXTENSION = true, RECORD_LENGTH=RECORD_LENGTH = 16384, MAX_FRAGMENT_LENGTH=MAX_FRAGMENT_LENGTH = TWO_12, INCLUDE_HEARTBEAT_EXTENSION=INCLUDE_HEARTBEAT_EXTENSION = true, INCLUDE_EXTENDED_MASTER_SECRET_EXTENSION=INCLUDE_EXTENDED_MASTER_SECRET_EXTENSION = true, TCP_FRAGMENTATION=TCP_FRAGMENTATION = false, INCLUDE_RENEGOTIATION_EXTENSION=INCLUDE_RENEGOTIATION_EXTENSION = true, INCLUDE_GREASE_SIG_HASH_ALGORITHMS=INCLUDE_GREASE_SIG_HASH_ALGORITHMS = true, INCLUDE_ENCRYPT_THEN_MAC_EXTENSION=INCLUDE_ENCRYPT_THEN_MAC_EXTENSION = true, NAMED_GROUP=NAMED_GROUP = SECP384R1, INCLUDE_PSK_EXCHANGE_MODES_EXTENSION=INCLUDE_PSK_EXCHANGE_MODES_EXTENSION = true, INCLUDE_SESSION_TICKET_EXTENSION=INCLUDE_SESSION_TICKET_EXTENSION = true, INCLUDE_GREASE_CIPHER_SUITES=INCLUDE_GREASE_CIPHER_SUITES = true, CIPHER_SUITE=CIPHER_SUITE = TLS_AES_128_GCM_SHA256, INCLUDE_GREASE_NAMED_GROUPS=INCLUDE_GREASE_NAMED_GROUPS = true, INCLUDE_CHANGE_CIPHER_SPEC=INCLUDE_CHANGE_CIPHER_SPEC = true, INCLUDE_PADDING_EXTENSION=INCLUDE_PADDING_EXTENSION = true}",
    "ParameterCombination" : {
      "INCLUDE_HEARTBEAT_EXTENSION" : true,
      "INCLUDE_PSK_EXCHANGE_MODES_EXTENSION" : true,
      "CIPHER_SUITE" : "TLS_AES_128_GCM_SHA256",
      "INCLUDE_EXTENDED_MASTER_SECRET_EXTENSION" : true,
      "INCLUDE_PADDING_EXTENSION" : true,
      "INCLUDE_GREASE_NAMED_GROUPS" : true,
      "INCLUDE_GREASE_CIPHER_SUITES" : true,
      "INCLUDE_RENEGOTIATION_EXTENSION" : true,
      "NAMED_GROUP" : "SECP384R1",
      "TCP_FRAGMENTATION" : false,
      "INCLUDE_ENCRYPT_THEN_MAC_EXTENSION" : true,
      "INCLUDE_ALPN_EXTENSION" : true,
      "INCLUDE_GREASE_SIG_HASH_ALGORITHMS" : true,
      "INCLUDE_CHANGE_CIPHER_SPEC" : true,
      "INCLUDE_SESSION_TICKET_EXTENSION" : true,
      "RECORD_LENGTH" : 16384,
      "MAX_FRAGMENT_LENGTH" : "TWO_12"
    },
    "AdditionalResultInformation" : [ "Evaluated with timeout 100" ],
    "AdditionalTestInformation" : null,
    "SrcPort" : 16463,
    "DstPort" : 8443,
    "StartTimestamp" : "2023-12-12T12:01:40.897Z",
    "EndTimestamp" : "2023-12-12T12:01:41.032Z",
    "Stacktrace" : null,
    "uuid" : "E876EB18FF7A3F7F17D3EC6AAD25CAA1B54DBA7BF553BEAEECBAC5366B161FD7"
  }, {
    "Result" : "STRICTLY_SUCCEEDED",
    "DisplayName" : "[5] Combination{INCLUDE_ALPN_EXTENSION=INCLUDE_ALPN_EXTENSION = true, RECORD_LENGTH=RECORD_LENGTH = 50, MAX_FRAGMENT_LENGTH=MAX_FRAGMENT_LENGTH = null, INCLUDE_HEARTBEAT_EXTENSION=INCLUDE_HEARTBEAT_EXTENSION = true, INCLUDE_EXTENDED_MASTER_SECRET_EXTENSION=INCLUDE_EXTENDED_MASTER_SECRET_EXTENSION = true, TCP_FRAGMENTATION=TCP_FRAGMENTATION = false, INCLUDE_RENEGOTIATION_EXTENSION=INCLUDE_RENEGOTIATION_EXTENSION = true, INCLUDE_GREASE_SIG_HASH_ALGORITHMS=INCLUDE_GREASE_SIG_HASH_ALGORITHMS = true, INCLUDE_ENCRYPT_THEN_MAC_EXTENSION=INCLUDE_ENCRYPT_THEN_MAC_EXTENSION = true, NAMED_GROUP=NAMED_GROUP = ECDH_X448, INCLUDE_PSK_EXCHANGE_MODES_EXTENSION=INCLUDE_PSK_EXCHANGE_MODES_EXTENSION = true, INCLUDE_SESSION_TICKET_EXTENSION=INCLUDE_SESSION_TICKET_EXTENSION = true, INCLUDE_GREASE_CIPHER_SUITES=INCLUDE_GREASE_CIPHER_SUITES = true, CIPHER_SUITE=CIPHER_SUITE = TLS_AES_128_GCM_SHA256, INCLUDE_GREASE_NAMED_GROUPS=INCLUDE_GREASE_NAMED_GROUPS = true, INCLUDE_CHANGE_CIPHER_SPEC=INCLUDE_CHANGE_CIPHER_SPEC = true, INCLUDE_PADDING_EXTENSION=INCLUDE_PADDING_EXTENSION = true}",
    "ParameterCombination" : {
      "INCLUDE_HEARTBEAT_EXTENSION" : true,
      "INCLUDE_PSK_EXCHANGE_MODES_EXTENSION" : true,
      "CIPHER_SUITE" : "TLS_AES_128_GCM_SHA256",
      "INCLUDE_EXTENDED_MASTER_SECRET_EXTENSION" : true,
      "INCLUDE_PADDING_EXTENSION" : true,
      "INCLUDE_GREASE_NAMED_GROUPS" : true,
      "INCLUDE_GREASE_CIPHER_SUITES" : true,
      "INCLUDE_RENEGOTIATION_EXTENSION" : true,
      "NAMED_GROUP" : "ECDH_X448",
      "TCP_FRAGMENTATION" : false,
      "INCLUDE_ENCRYPT_THEN_MAC_EXTENSION" : true,
      "INCLUDE_ALPN_EXTENSION" : true,
      "INCLUDE_GREASE_SIG_HASH_ALGORITHMS" : true,
      "INCLUDE_CHANGE_CIPHER_SPEC" : true,
      "INCLUDE_SESSION_TICKET_EXTENSION" : true,
      "RECORD_LENGTH" : 50,
      "MAX_FRAGMENT_LENGTH" : null
    },
    "AdditionalResultInformation" : [ "Evaluated with timeout 100" ],
    "AdditionalTestInformation" : null,
    "SrcPort" : 16465,
    "DstPort" : 8443,
    "StartTimestamp" : "2023-12-12T12:01:41.379Z",
    "EndTimestamp" : "2023-12-12T12:01:41.532Z",
    "Stacktrace" : null,
    "uuid" : "7D03A88D8B49B7C1772397DD1705C63D6329F8A200DD2685E99DAE8FFDCD4050"
  } ],
  "Result" : "STRICTLY_SUCCEEDED",
  "DisabledReason" : null,
  "FailedReason" : null,
  "ElapsedTime" : 0,
  "FailureInducingCombinations" : null,
  "Score" : {
    "Security" : 100.0,
    "RecordLayer" : 100.0,
    "Interoperability" : 100.0
  },
  "HasStateWithAdditionalResultInformation" : true,
  "HasVaryingAdditionalResultInformation" : false,
  "TestMethod" : "sendZeroLengthApplicationRecord",
  "TestClass" : "de.rub.nds.tlstest.suite.tests.both.tls13.rfc8446.RecordProtocol",
  "CaseCount" : 5
}